-- Seed Categories and Decks
DELETE FROM categories;
DELETE FROM decks WHERE user_id IS NULL;
DELETE FROM cards WHERE deck_id IN (SELECT id FROM decks WHERE user_id IS NULL);
INSERT INTO categories (id, name, slug, icon, description, created_at) VALUES ('ba940130-9bc4-4dfa-8ba5-dd79c7b11bf8', 'Programming', 'programming', 'i-lucide-code', 'Software engineering, languages, and frameworks.', '2026-03-03T07:14:59.835Z');
INSERT INTO categories (id, name, slug, icon, description, created_at) VALUES ('8c4c5437-341b-4e92-92bf-201a107d04b9', 'Languages', 'languages', 'i-lucide-languages', 'Learn to speak new languages.', '2026-03-03T07:14:59.835Z');
INSERT INTO categories (id, name, slug, icon, description, created_at) VALUES ('4180a5c5-4936-482c-b0c8-d81dbff3a974', 'Science', 'science', 'i-lucide-test-tube', 'Biology, Physics, Chemistry, and more.', '2026-03-03T07:14:59.835Z');
INSERT INTO categories (id, name, slug, icon, description, created_at) VALUES ('78ea0ee8-d20b-4212-ac24-e50eb22700c9', 'History', 'history', 'i-lucide-landmark', 'Historical events, figures, and dates.', '2026-03-03T07:14:59.835Z');
INSERT INTO categories (id, name, slug, icon, description, created_at) VALUES ('ee886d1e-fee5-4c9d-ab88-16cff88cb1e0', 'Geography', 'geography', 'i-lucide-globe', 'Countries, capitals, and natural landmarks.', '2026-03-03T07:14:59.835Z');
INSERT INTO decks (id, user_id, category_id, name, description, created_at) VALUES ('41e0ef20-78b6-482a-9a9d-1542cfc5c136', NULL, 'ba940130-9bc4-4dfa-8ba5-dd79c7b11bf8', 'JavaScript Basics', 'Variables, types, and functions in JS.', '2026-03-03T07:14:59.835Z');
INSERT INTO cards (id, deck_id, front, back, created_at) VALUES ('d71dac0d-5fbb-4880-853c-604dba29db46', '41e0ef20-78b6-482a-9a9d-1542cfc5c136', 'What keyword declares a constant?', 'const', '2026-03-03T07:14:59.835Z');
INSERT INTO cards (id, deck_id, front, back, created_at) VALUES ('5e08cc97-f108-41f9-bb48-320793ca54f2', '41e0ef20-78b6-482a-9a9d-1542cfc5c136', 'What is typeof null in JavaScript?', '"object" (historic bug)', '2026-03-03T07:14:59.835Z');
INSERT INTO cards (id, deck_id, front, back, created_at) VALUES ('a71c975c-1d7c-472a-808a-0103131dd619', '41e0ef20-78b6-482a-9a9d-1542cfc5c136', 'How do you define an arrow function?', 'const fn = () => {}', '2026-03-03T07:14:59.835Z');
INSERT INTO cards (id, deck_id, front, back, created_at) VALUES ('051634e3-a56a-40d0-9ab0-15efed2bf477', '41e0ef20-78b6-482a-9a9d-1542cfc5c136', 'What does === compare?', 'Value and type (no coercion)', '2026-03-03T07:14:59.835Z');
INSERT INTO decks (id, user_id, category_id, name, description, created_at) VALUES ('5c11aef4-7400-4583-be74-415533aaf736', NULL, 'ba940130-9bc4-4dfa-8ba5-dd79c7b11bf8', 'Vue 3 Composition API', 'ref, reactive, and composables.', '2026-03-03T07:14:59.835Z');
INSERT INTO cards (id, deck_id, front, back, created_at) VALUES ('542544d7-dc99-43c8-b0a0-f07f34f94f46', '5c11aef4-7400-4583-be74-415533aaf736', 'Which function makes a reactive ref?', 'ref()', '2026-03-03T07:14:59.835Z');
INSERT INTO cards (id, deck_id, front, back, created_at) VALUES ('f04de6c5-6d2c-421f-82c7-c3a0f86a594d', '5c11aef4-7400-4583-be74-415533aaf736', 'reactive() is for ___.', 'Objects (ref for primitives)', '2026-03-03T07:14:59.835Z');
INSERT INTO cards (id, deck_id, front, back, created_at) VALUES ('74eb88a3-863a-4bea-86a2-8b18c2df44ba', '5c11aef4-7400-4583-be74-415533aaf736', 'How do you read ref value in script?', '.value', '2026-03-03T07:14:59.835Z');
INSERT INTO cards (id, deck_id, front, back, created_at) VALUES ('ba51f5d4-dd0c-4cdb-af17-ca5e1b3e219a', '5c11aef4-7400-4583-be74-415533aaf736', 'Lifecycle hook for mounted?', 'onMounted()', '2026-03-03T07:14:59.835Z');
INSERT INTO decks (id, user_id, category_id, name, description, created_at) VALUES ('d5111707-48dd-4816-b87f-38cd1d9acee4', NULL, 'ba940130-9bc4-4dfa-8ba5-dd79c7b11bf8', 'SQL Fundamentals', 'SELECT, WHERE, and JOIN.', '2026-03-03T07:14:59.835Z');
INSERT INTO cards (id, deck_id, front, back, created_at) VALUES ('77bb92f6-45a2-44ca-ab68-1631cc35258b', 'd5111707-48dd-4816-b87f-38cd1d9acee4', 'Keyword to filter rows?', 'WHERE', '2026-03-03T07:14:59.835Z');
INSERT INTO cards (id, deck_id, front, back, created_at) VALUES ('078c0f3c-9cc0-4369-9edb-483c3459f75b', 'd5111707-48dd-4816-b87f-38cd1d9acee4', 'Join that keeps only matching rows?', 'INNER JOIN', '2026-03-03T07:14:59.835Z');
INSERT INTO cards (id, deck_id, front, back, created_at) VALUES ('622139b7-ac8e-4bdf-b2a1-fcb43f25279b', 'd5111707-48dd-4816-b87f-38cd1d9acee4', 'Aggregate to count rows?', 'COUNT(*)', '2026-03-03T07:14:59.835Z');
INSERT INTO cards (id, deck_id, front, back, created_at) VALUES ('c89a733d-3b6a-4f5e-93ae-17fd717791bf', 'd5111707-48dd-4816-b87f-38cd1d9acee4', 'Sort results with ___', 'ORDER BY', '2026-03-03T07:14:59.835Z');
INSERT INTO decks (id, user_id, category_id, name, description, created_at) VALUES ('38d8bfa6-14b9-44bf-9a07-d1c6f0a4531a', NULL, 'ba940130-9bc4-4dfa-8ba5-dd79c7b11bf8', 'HTTP Status Codes', 'Common REST API status codes.', '2026-03-03T07:14:59.835Z');
INSERT INTO cards (id, deck_id, front, back, created_at) VALUES ('7fb328f4-918e-4cc0-a0d7-36ca5477354c', '38d8bfa6-14b9-44bf-9a07-d1c6f0a4531a', '200 means ___', 'OK (success)', '2026-03-03T07:14:59.835Z');
INSERT INTO cards (id, deck_id, front, back, created_at) VALUES ('c48bb622-f156-45dc-a7ce-3f9606e10eb4', '38d8bfa6-14b9-44bf-9a07-d1c6f0a4531a', '201 means ___', 'Created', '2026-03-03T07:14:59.835Z');
INSERT INTO cards (id, deck_id, front, back, created_at) VALUES ('05f539eb-adf1-474a-89ae-46b3254b6514', '38d8bfa6-14b9-44bf-9a07-d1c6f0a4531a', '404 means ___', 'Not Found', '2026-03-03T07:14:59.835Z');
INSERT INTO cards (id, deck_id, front, back, created_at) VALUES ('f5985d13-1071-4f8b-9ff2-9c081c037c98', '38d8bfa6-14b9-44bf-9a07-d1c6f0a4531a', '500 means ___', 'Internal Server Error', '2026-03-03T07:14:59.835Z');
INSERT INTO decks (id, user_id, category_id, name, description, created_at) VALUES ('f5f3cc75-b012-4ce3-a307-aaff06006cae', NULL, 'ba940130-9bc4-4dfa-8ba5-dd79c7b11bf8', 'Git Commands', 'Essential Git workflow.', '2026-03-03T07:14:59.835Z');
INSERT INTO cards (id, deck_id, front, back, created_at) VALUES ('3d631748-c7f0-4139-a8a9-45b5353695be', 'f5f3cc75-b012-4ce3-a307-aaff06006cae', 'Stage all changes', 'git add .', '2026-03-03T07:14:59.835Z');
INSERT INTO cards (id, deck_id, front, back, created_at) VALUES ('bf261cc1-ea48-4207-9312-d5d03c60d8b1', 'f5f3cc75-b012-4ce3-a307-aaff06006cae', 'Commit with message', 'git commit -m "message"', '2026-03-03T07:14:59.835Z');
INSERT INTO cards (id, deck_id, front, back, created_at) VALUES ('b9ecea7f-92c4-428f-9e99-4b88a17eec23', 'f5f3cc75-b012-4ce3-a307-aaff06006cae', 'Push to remote', 'git push', '2026-03-03T07:14:59.835Z');
INSERT INTO cards (id, deck_id, front, back, created_at) VALUES ('febf0646-c790-4b59-82c0-4fe0ffb2fa8d', 'f5f3cc75-b012-4ce3-a307-aaff06006cae', 'Create and switch to branch', 'git checkout -b <name>', '2026-03-03T07:14:59.835Z');
INSERT INTO decks (id, user_id, category_id, name, description, created_at) VALUES ('a836429b-2f15-454e-b2cc-762ae7c31f21', NULL, 'ba940130-9bc4-4dfa-8ba5-dd79c7b11bf8', 'TypeScript Types', 'Interfaces and type safety.', '2026-03-03T07:14:59.835Z');
INSERT INTO cards (id, deck_id, front, back, created_at) VALUES ('a7bbf2ab-d6a1-42b2-9006-a619d3c55519', 'a836429b-2f15-454e-b2cc-762ae7c31f21', 'Declare an interface', 'interface Name { ... }', '2026-03-03T07:14:59.835Z');
INSERT INTO cards (id, deck_id, front, back, created_at) VALUES ('aa5f5bb4-58f4-4c3d-93cb-ee99a6111d98', 'a836429b-2f15-454e-b2cc-762ae7c31f21', 'Optional property in interface?', 'prop?: Type', '2026-03-03T07:14:59.835Z');
INSERT INTO cards (id, deck_id, front, back, created_at) VALUES ('bf2d8fa8-30c1-4f7f-bd31-ddffa1093812', 'a836429b-2f15-454e-b2cc-762ae7c31f21', 'Array of strings type', 'string[]', '2026-03-03T07:14:59.835Z');
INSERT INTO cards (id, deck_id, front, back, created_at) VALUES ('664a90cf-3c66-4fa1-abff-205bf2e4a94b', 'a836429b-2f15-454e-b2cc-762ae7c31f21', 'Generic with constraint', '<T extends SomeType>', '2026-03-03T07:14:59.835Z');
INSERT INTO decks (id, user_id, category_id, name, description, created_at) VALUES ('03b9b4fa-98b8-49e2-956a-33e5f518088b', NULL, 'ba940130-9bc4-4dfa-8ba5-dd79c7b11bf8', 'CSS Flexbox', 'Layout with display: flex.', '2026-03-03T07:14:59.835Z');
INSERT INTO cards (id, deck_id, front, back, created_at) VALUES ('eb548110-6a92-4129-96ce-58e387cfd61a', '03b9b4fa-98b8-49e2-956a-33e5f518088b', 'Center items on main axis', 'justify-content: center', '2026-03-03T07:14:59.835Z');
INSERT INTO cards (id, deck_id, front, back, created_at) VALUES ('0dc6ad06-14c5-4023-ad8c-29afb2f28d22', '03b9b4fa-98b8-49e2-956a-33e5f518088b', 'Center on cross axis', 'align-items: center', '2026-03-03T07:14:59.835Z');
INSERT INTO cards (id, deck_id, front, back, created_at) VALUES ('58d84f4f-2900-4e55-9faf-6510dc4c650d', '03b9b4fa-98b8-49e2-956a-33e5f518088b', 'Direction column', 'flex-direction: column', '2026-03-03T07:14:59.835Z');
INSERT INTO cards (id, deck_id, front, back, created_at) VALUES ('f13882f6-0f08-4fdc-a039-327d811537da', '03b9b4fa-98b8-49e2-956a-33e5f518088b', 'Wrap items to next line', 'flex-wrap: wrap', '2026-03-03T07:14:59.835Z');
INSERT INTO decks (id, user_id, category_id, name, description, created_at) VALUES ('777dd6a2-280f-4741-b2d4-29a9bf43730c', NULL, 'ba940130-9bc4-4dfa-8ba5-dd79c7b11bf8', 'Nuxt 4 Key Concepts', 'useAsyncData, server routes, and layers.', '2026-03-03T07:14:59.835Z');
INSERT INTO cards (id, deck_id, front, back, created_at) VALUES ('fb49f188-d9ea-47ff-a1f5-4838f8e77f7d', '777dd6a2-280f-4741-b2d4-29a9bf43730c', 'Fetch data for SSR', 'useAsyncData() or useFetch()', '2026-03-03T07:14:59.835Z');
INSERT INTO cards (id, deck_id, front, back, created_at) VALUES ('89bc0127-1810-4f55-b53a-fb24a48ecce7', '777dd6a2-280f-4741-b2d4-29a9bf43730c', 'Server API route folder', 'server/api/', '2026-03-03T07:14:59.835Z');
INSERT INTO cards (id, deck_id, front, back, created_at) VALUES ('9bee80ee-6e27-4d05-9a5e-8b23ee1abacf', '777dd6a2-280f-4741-b2d4-29a9bf43730c', 'Composable for SEO title/desc', 'useSeo()', '2026-03-03T07:14:59.835Z');
INSERT INTO cards (id, deck_id, front, back, created_at) VALUES ('07e213b3-cab0-4a31-9d5f-ff67d8d070a1', '777dd6a2-280f-4741-b2d4-29a9bf43730c', 'Shared config and components', 'Nuxt Layer', '2026-03-03T07:14:59.835Z');
INSERT INTO decks (id, user_id, category_id, name, description, created_at) VALUES ('ce5cd0c7-f22d-4bbf-9031-ba1962b278a5', NULL, 'ee886d1e-fee5-4c9d-ab88-16cff88cb1e0', 'World Capitals', 'A few country capitals.', '2026-03-03T07:14:59.835Z');
INSERT INTO cards (id, deck_id, front, back, created_at) VALUES ('177c56f0-744e-4bea-bddd-01fec296a745', 'ce5cd0c7-f22d-4bbf-9031-ba1962b278a5', 'France', 'Paris', '2026-03-03T07:14:59.835Z');
INSERT INTO cards (id, deck_id, front, back, created_at) VALUES ('984eda5c-3957-4e1b-8a19-a3e0b278eda0', 'ce5cd0c7-f22d-4bbf-9031-ba1962b278a5', 'Japan', 'Tokyo', '2026-03-03T07:14:59.835Z');
INSERT INTO cards (id, deck_id, front, back, created_at) VALUES ('cbf902f4-3be3-4606-951d-1d90dea989ab', 'ce5cd0c7-f22d-4bbf-9031-ba1962b278a5', 'Brazil', 'Brasília', '2026-03-03T07:14:59.835Z');
INSERT INTO cards (id, deck_id, front, back, created_at) VALUES ('fc971813-3333-4661-9803-eb995c903ea3', 'ce5cd0c7-f22d-4bbf-9031-ba1962b278a5', 'Egypt', 'Cairo', '2026-03-03T07:14:59.835Z');
INSERT INTO decks (id, user_id, category_id, name, description, created_at) VALUES ('3ab2d0bc-53e2-43e4-881e-029c26d04d6a', NULL, '8c4c5437-341b-4e92-92bf-201a107d04b9', 'Spanish 101', 'Common phrases.', '2026-03-03T07:14:59.835Z');
INSERT INTO cards (id, deck_id, front, back, created_at) VALUES ('2bb0cb61-2961-4c77-bd02-358a1b4599d5', '3ab2d0bc-53e2-43e4-881e-029c26d04d6a', 'Hello', 'Hola', '2026-03-03T07:14:59.835Z');
INSERT INTO cards (id, deck_id, front, back, created_at) VALUES ('d9c78f3a-d86b-45e9-843a-fc4652d47766', '3ab2d0bc-53e2-43e4-881e-029c26d04d6a', 'Thank you', 'Gracias', '2026-03-03T07:14:59.835Z');
INSERT INTO cards (id, deck_id, front, back, created_at) VALUES ('911e90b7-8b3e-4d79-a102-bb972c7e24fb', '3ab2d0bc-53e2-43e4-881e-029c26d04d6a', 'Good morning', 'Buenos días', '2026-03-03T07:14:59.835Z');
INSERT INTO cards (id, deck_id, front, back, created_at) VALUES ('f807a9c5-9982-4496-8ff8-3f7f69b8ceb2', '3ab2d0bc-53e2-43e4-881e-029c26d04d6a', 'How are you?', '¿Cómo estás?', '2026-03-03T07:14:59.835Z');