-- Massive Seed: Categories, Decks, and Cards
DELETE FROM categories;
DELETE FROM decks WHERE user_id IS NULL;
DELETE FROM cards WHERE deck_id IN (SELECT id FROM decks WHERE user_id IS NULL);
INSERT INTO categories (id, name, slug, icon, description, created_at) VALUES ('bb7a0c63-a9dc-421d-9847-4b25363b60e1', 'Computer Science', 'computer-science', 'i-lucide-monitor', 'Algorithms, data structures, and theory.', '2026-03-03T07:19:07.296Z');
INSERT INTO decks (id, user_id, category_id, name, description, created_at) VALUES ('e14adb6e-cb2c-4ecd-8d76-b4e975f1385f', NULL, 'bb7a0c63-a9dc-421d-9847-4b25363b60e1', 'Computer Science Mastery Vol 1', 'An essential study guide covering the core concepts of Computer Science.', '2026-03-03T07:19:07.296Z');
INSERT INTO cards (id, deck_id, front, back, created_at) VALUES ('72d195e3-88b2-40e5-a7d6-8c104d03b86b', 'e14adb6e-cb2c-4ecd-8d76-b4e975f1385f', 'Concept 1 from Computer Science?', 'This is the definition and explanation of concept 1 for Computer Science.', '2026-03-03T07:19:07.296Z');
INSERT INTO cards (id, deck_id, front, back, created_at) VALUES ('cd540a05-f917-41ce-9ee8-6f4e0ea2940f', 'e14adb6e-cb2c-4ecd-8d76-b4e975f1385f', 'Concept 2 from Computer Science?', 'This is the definition and explanation of concept 2 for Computer Science.', '2026-03-03T07:19:07.296Z');
INSERT INTO cards (id, deck_id, front, back, created_at) VALUES ('0f850fae-3645-453a-8480-8bfbbdc273bb', 'e14adb6e-cb2c-4ecd-8d76-b4e975f1385f', 'Concept 3 from Computer Science?', 'This is the definition and explanation of concept 3 for Computer Science.', '2026-03-03T07:19:07.296Z');
INSERT INTO cards (id, deck_id, front, back, created_at) VALUES ('1ea0660d-a4dd-4808-99cf-31ff055b677a', 'e14adb6e-cb2c-4ecd-8d76-b4e975f1385f', 'Concept 4 from Computer Science?', 'This is the definition and explanation of concept 4 for Computer Science.', '2026-03-03T07:19:07.296Z');
INSERT INTO cards (id, deck_id, front, back, created_at) VALUES ('247f0b03-19a5-4c82-803b-66b2d7e8d4d8', 'e14adb6e-cb2c-4ecd-8d76-b4e975f1385f', 'Concept 5 from Computer Science?', 'This is the definition and explanation of concept 5 for Computer Science.', '2026-03-03T07:19:07.296Z');
INSERT INTO decks (id, user_id, category_id, name, description, created_at) VALUES ('fe182526-d289-4b9c-9bfc-3eba021eec45', NULL, 'bb7a0c63-a9dc-421d-9847-4b25363b60e1', 'Computer Science Mastery Vol 2', 'An essential study guide covering the core concepts of Computer Science.', '2026-03-03T07:19:07.296Z');
INSERT INTO cards (id, deck_id, front, back, created_at) VALUES ('bccde160-7f5a-4b7e-a3f3-659b2eaf87ae', 'fe182526-d289-4b9c-9bfc-3eba021eec45', 'Concept 1 from Computer Science?', 'This is the definition and explanation of concept 1 for Computer Science.', '2026-03-03T07:19:07.296Z');
INSERT INTO cards (id, deck_id, front, back, created_at) VALUES ('87d2dabe-3c9f-4a4b-a613-1538a1091110', 'fe182526-d289-4b9c-9bfc-3eba021eec45', 'Concept 2 from Computer Science?', 'This is the definition and explanation of concept 2 for Computer Science.', '2026-03-03T07:19:07.296Z');
INSERT INTO cards (id, deck_id, front, back, created_at) VALUES ('a09ad282-4e0c-4ff7-803e-06b9075464e2', 'fe182526-d289-4b9c-9bfc-3eba021eec45', 'Concept 3 from Computer Science?', 'This is the definition and explanation of concept 3 for Computer Science.', '2026-03-03T07:19:07.296Z');
INSERT INTO cards (id, deck_id, front, back, created_at) VALUES ('83fc8932-d3a4-4fe1-9ee3-c05160496708', 'fe182526-d289-4b9c-9bfc-3eba021eec45', 'Concept 4 from Computer Science?', 'This is the definition and explanation of concept 4 for Computer Science.', '2026-03-03T07:19:07.296Z');
INSERT INTO cards (id, deck_id, front, back, created_at) VALUES ('91caa2f7-061a-44c6-8e0b-ee029d97c5a1', 'fe182526-d289-4b9c-9bfc-3eba021eec45', 'Concept 5 from Computer Science?', 'This is the definition and explanation of concept 5 for Computer Science.', '2026-03-03T07:19:07.296Z');
INSERT INTO decks (id, user_id, category_id, name, description, created_at) VALUES ('33636df3-f448-4265-b3f6-9c32a82c4464', NULL, 'bb7a0c63-a9dc-421d-9847-4b25363b60e1', 'Computer Science Mastery Vol 3', 'An essential study guide covering the core concepts of Computer Science.', '2026-03-03T07:19:07.296Z');
INSERT INTO cards (id, deck_id, front, back, created_at) VALUES ('c9336a90-0b7b-424b-9fc3-15dabe540f97', '33636df3-f448-4265-b3f6-9c32a82c4464', 'Concept 1 from Computer Science?', 'This is the definition and explanation of concept 1 for Computer Science.', '2026-03-03T07:19:07.296Z');
INSERT INTO cards (id, deck_id, front, back, created_at) VALUES ('34def3cd-00e5-413a-b0fc-3bdd4c0bb6d1', '33636df3-f448-4265-b3f6-9c32a82c4464', 'Concept 2 from Computer Science?', 'This is the definition and explanation of concept 2 for Computer Science.', '2026-03-03T07:19:07.296Z');
INSERT INTO cards (id, deck_id, front, back, created_at) VALUES ('d70f2a82-f96f-479a-9ff7-c0ffcf980f45', '33636df3-f448-4265-b3f6-9c32a82c4464', 'Concept 3 from Computer Science?', 'This is the definition and explanation of concept 3 for Computer Science.', '2026-03-03T07:19:07.296Z');
INSERT INTO cards (id, deck_id, front, back, created_at) VALUES ('fe911495-23b2-4483-bcd8-113a7da662db', '33636df3-f448-4265-b3f6-9c32a82c4464', 'Concept 4 from Computer Science?', 'This is the definition and explanation of concept 4 for Computer Science.', '2026-03-03T07:19:07.296Z');
INSERT INTO cards (id, deck_id, front, back, created_at) VALUES ('690f6ef8-6841-44c9-869c-0cc3703fa85e', '33636df3-f448-4265-b3f6-9c32a82c4464', 'Concept 5 from Computer Science?', 'This is the definition and explanation of concept 5 for Computer Science.', '2026-03-03T07:19:07.296Z');
INSERT INTO decks (id, user_id, category_id, name, description, created_at) VALUES ('27344a90-d382-42d4-8297-96d397b83ee5', NULL, 'bb7a0c63-a9dc-421d-9847-4b25363b60e1', 'Computer Science Mastery Vol 4', 'An essential study guide covering the core concepts of Computer Science.', '2026-03-03T07:19:07.296Z');
INSERT INTO cards (id, deck_id, front, back, created_at) VALUES ('f18e8d26-b630-4fc7-af26-83d9c2074c8d', '27344a90-d382-42d4-8297-96d397b83ee5', 'Concept 1 from Computer Science?', 'This is the definition and explanation of concept 1 for Computer Science.', '2026-03-03T07:19:07.296Z');
INSERT INTO cards (id, deck_id, front, back, created_at) VALUES ('b2ba6770-1dd9-4aab-83d9-2206df18bdb4', '27344a90-d382-42d4-8297-96d397b83ee5', 'Concept 2 from Computer Science?', 'This is the definition and explanation of concept 2 for Computer Science.', '2026-03-03T07:19:07.296Z');
INSERT INTO cards (id, deck_id, front, back, created_at) VALUES ('beab5c2c-461a-4de5-8bc4-acdbfb896358', '27344a90-d382-42d4-8297-96d397b83ee5', 'Concept 3 from Computer Science?', 'This is the definition and explanation of concept 3 for Computer Science.', '2026-03-03T07:19:07.296Z');
INSERT INTO cards (id, deck_id, front, back, created_at) VALUES ('9d22a0f6-af6c-46c3-8b01-3542bad5e213', '27344a90-d382-42d4-8297-96d397b83ee5', 'Concept 4 from Computer Science?', 'This is the definition and explanation of concept 4 for Computer Science.', '2026-03-03T07:19:07.296Z');
INSERT INTO cards (id, deck_id, front, back, created_at) VALUES ('881f20cd-4cec-48bd-afa2-0a4e6d381afb', '27344a90-d382-42d4-8297-96d397b83ee5', 'Concept 5 from Computer Science?', 'This is the definition and explanation of concept 5 for Computer Science.', '2026-03-03T07:19:07.296Z');
INSERT INTO decks (id, user_id, category_id, name, description, created_at) VALUES ('eb9ef470-64f0-48c6-a7c2-032577c32d3e', NULL, 'bb7a0c63-a9dc-421d-9847-4b25363b60e1', 'Computer Science Mastery Vol 5', 'An essential study guide covering the core concepts of Computer Science.', '2026-03-03T07:19:07.296Z');
INSERT INTO cards (id, deck_id, front, back, created_at) VALUES ('0743a0cd-97d1-4085-98f5-7c18486ee2c6', 'eb9ef470-64f0-48c6-a7c2-032577c32d3e', 'Concept 1 from Computer Science?', 'This is the definition and explanation of concept 1 for Computer Science.', '2026-03-03T07:19:07.296Z');
INSERT INTO cards (id, deck_id, front, back, created_at) VALUES ('84c623df-877b-48d1-a40c-ccaf53c071c8', 'eb9ef470-64f0-48c6-a7c2-032577c32d3e', 'Concept 2 from Computer Science?', 'This is the definition and explanation of concept 2 for Computer Science.', '2026-03-03T07:19:07.296Z');
INSERT INTO cards (id, deck_id, front, back, created_at) VALUES ('e38986a3-3a08-4287-b257-ab3267d25a8b', 'eb9ef470-64f0-48c6-a7c2-032577c32d3e', 'Concept 3 from Computer Science?', 'This is the definition and explanation of concept 3 for Computer Science.', '2026-03-03T07:19:07.296Z');
INSERT INTO cards (id, deck_id, front, back, created_at) VALUES ('946011db-4c5b-496c-8ffe-07d7135daff3', 'eb9ef470-64f0-48c6-a7c2-032577c32d3e', 'Concept 4 from Computer Science?', 'This is the definition and explanation of concept 4 for Computer Science.', '2026-03-03T07:19:07.296Z');
INSERT INTO cards (id, deck_id, front, back, created_at) VALUES ('bfd58ce6-309e-428f-a4cb-9fcbeccab5ed', 'eb9ef470-64f0-48c6-a7c2-032577c32d3e', 'Concept 5 from Computer Science?', 'This is the definition and explanation of concept 5 for Computer Science.', '2026-03-03T07:19:07.296Z');
INSERT INTO decks (id, user_id, category_id, name, description, created_at) VALUES ('11752eea-1803-47e4-b2b4-3be8f3d50421', NULL, 'bb7a0c63-a9dc-421d-9847-4b25363b60e1', 'Computer Science Mastery Vol 6', 'An essential study guide covering the core concepts of Computer Science.', '2026-03-03T07:19:07.296Z');
INSERT INTO cards (id, deck_id, front, back, created_at) VALUES ('c1e414df-1346-429c-8a2b-2eb775e0c352', '11752eea-1803-47e4-b2b4-3be8f3d50421', 'Concept 1 from Computer Science?', 'This is the definition and explanation of concept 1 for Computer Science.', '2026-03-03T07:19:07.296Z');
INSERT INTO cards (id, deck_id, front, back, created_at) VALUES ('8c648230-2595-4eda-ba30-5b92c089335b', '11752eea-1803-47e4-b2b4-3be8f3d50421', 'Concept 2 from Computer Science?', 'This is the definition and explanation of concept 2 for Computer Science.', '2026-03-03T07:19:07.296Z');
INSERT INTO cards (id, deck_id, front, back, created_at) VALUES ('d13b656a-7928-4040-904f-20dd20808f65', '11752eea-1803-47e4-b2b4-3be8f3d50421', 'Concept 3 from Computer Science?', 'This is the definition and explanation of concept 3 for Computer Science.', '2026-03-03T07:19:07.296Z');
INSERT INTO cards (id, deck_id, front, back, created_at) VALUES ('20f8f0ba-6c25-4d85-8b33-f6eb0fabaea7', '11752eea-1803-47e4-b2b4-3be8f3d50421', 'Concept 4 from Computer Science?', 'This is the definition and explanation of concept 4 for Computer Science.', '2026-03-03T07:19:07.296Z');
INSERT INTO cards (id, deck_id, front, back, created_at) VALUES ('6ff28fad-1dad-407c-9db1-1e9a39413988', '11752eea-1803-47e4-b2b4-3be8f3d50421', 'Concept 5 from Computer Science?', 'This is the definition and explanation of concept 5 for Computer Science.', '2026-03-03T07:19:07.296Z');
INSERT INTO decks (id, user_id, category_id, name, description, created_at) VALUES ('0a6217e1-82e8-442d-af25-9c86ed8aa36a', NULL, 'bb7a0c63-a9dc-421d-9847-4b25363b60e1', 'Computer Science Mastery Vol 7', 'An essential study guide covering the core concepts of Computer Science.', '2026-03-03T07:19:07.296Z');
INSERT INTO cards (id, deck_id, front, back, created_at) VALUES ('ebe22ff0-9d45-43e9-a7da-7fbb59809c26', '0a6217e1-82e8-442d-af25-9c86ed8aa36a', 'Concept 1 from Computer Science?', 'This is the definition and explanation of concept 1 for Computer Science.', '2026-03-03T07:19:07.296Z');
INSERT INTO cards (id, deck_id, front, back, created_at) VALUES ('cfbba03a-0c90-4be4-9b61-e198cf8d160b', '0a6217e1-82e8-442d-af25-9c86ed8aa36a', 'Concept 2 from Computer Science?', 'This is the definition and explanation of concept 2 for Computer Science.', '2026-03-03T07:19:07.296Z');
INSERT INTO cards (id, deck_id, front, back, created_at) VALUES ('61628a49-f06a-46ca-a786-06b2e053469e', '0a6217e1-82e8-442d-af25-9c86ed8aa36a', 'Concept 3 from Computer Science?', 'This is the definition and explanation of concept 3 for Computer Science.', '2026-03-03T07:19:07.296Z');
INSERT INTO cards (id, deck_id, front, back, created_at) VALUES ('b432bd19-1d1f-47c8-875b-daa10ac53b1c', '0a6217e1-82e8-442d-af25-9c86ed8aa36a', 'Concept 4 from Computer Science?', 'This is the definition and explanation of concept 4 for Computer Science.', '2026-03-03T07:19:07.296Z');
INSERT INTO cards (id, deck_id, front, back, created_at) VALUES ('39cf2cfa-016e-445f-983d-8e3539c9e650', '0a6217e1-82e8-442d-af25-9c86ed8aa36a', 'Concept 5 from Computer Science?', 'This is the definition and explanation of concept 5 for Computer Science.', '2026-03-03T07:19:07.296Z');
INSERT INTO decks (id, user_id, category_id, name, description, created_at) VALUES ('bd4c9c23-b268-47d0-bb7d-25793a50220f', NULL, 'bb7a0c63-a9dc-421d-9847-4b25363b60e1', 'Computer Science Mastery Vol 8', 'An essential study guide covering the core concepts of Computer Science.', '2026-03-03T07:19:07.296Z');
INSERT INTO cards (id, deck_id, front, back, created_at) VALUES ('859a5a6e-6fa8-4a06-95b7-de7f4a6ebf66', 'bd4c9c23-b268-47d0-bb7d-25793a50220f', 'Concept 1 from Computer Science?', 'This is the definition and explanation of concept 1 for Computer Science.', '2026-03-03T07:19:07.296Z');
INSERT INTO cards (id, deck_id, front, back, created_at) VALUES ('300d657c-9711-418b-a9fe-663cec396ef7', 'bd4c9c23-b268-47d0-bb7d-25793a50220f', 'Concept 2 from Computer Science?', 'This is the definition and explanation of concept 2 for Computer Science.', '2026-03-03T07:19:07.296Z');
INSERT INTO cards (id, deck_id, front, back, created_at) VALUES ('a2780168-e653-490c-92d4-289b2a7b1283', 'bd4c9c23-b268-47d0-bb7d-25793a50220f', 'Concept 3 from Computer Science?', 'This is the definition and explanation of concept 3 for Computer Science.', '2026-03-03T07:19:07.296Z');
INSERT INTO cards (id, deck_id, front, back, created_at) VALUES ('aa61111f-77a8-4f68-85d1-d0f699bb3dc3', 'bd4c9c23-b268-47d0-bb7d-25793a50220f', 'Concept 4 from Computer Science?', 'This is the definition and explanation of concept 4 for Computer Science.', '2026-03-03T07:19:07.296Z');
INSERT INTO cards (id, deck_id, front, back, created_at) VALUES ('3ee45542-54fe-476b-a6ca-b7c61c79b46f', 'bd4c9c23-b268-47d0-bb7d-25793a50220f', 'Concept 5 from Computer Science?', 'This is the definition and explanation of concept 5 for Computer Science.', '2026-03-03T07:19:07.296Z');
INSERT INTO decks (id, user_id, category_id, name, description, created_at) VALUES ('99b6bc20-f233-4553-915c-fcac8aed92e2', NULL, 'bb7a0c63-a9dc-421d-9847-4b25363b60e1', 'Computer Science Mastery Vol 9', 'An essential study guide covering the core concepts of Computer Science.', '2026-03-03T07:19:07.296Z');
INSERT INTO cards (id, deck_id, front, back, created_at) VALUES ('613ffbea-84e5-4df8-a9b8-28f778966548', '99b6bc20-f233-4553-915c-fcac8aed92e2', 'Concept 1 from Computer Science?', 'This is the definition and explanation of concept 1 for Computer Science.', '2026-03-03T07:19:07.296Z');
INSERT INTO cards (id, deck_id, front, back, created_at) VALUES ('c9be77b0-1ac0-4c0c-b6c1-c03f83ceefb0', '99b6bc20-f233-4553-915c-fcac8aed92e2', 'Concept 2 from Computer Science?', 'This is the definition and explanation of concept 2 for Computer Science.', '2026-03-03T07:19:07.296Z');
INSERT INTO cards (id, deck_id, front, back, created_at) VALUES ('3f9e0c90-439a-4fa8-a028-78096974d832', '99b6bc20-f233-4553-915c-fcac8aed92e2', 'Concept 3 from Computer Science?', 'This is the definition and explanation of concept 3 for Computer Science.', '2026-03-03T07:19:07.296Z');
INSERT INTO cards (id, deck_id, front, back, created_at) VALUES ('c4b6391c-1849-4549-8e38-3e8484e7326e', '99b6bc20-f233-4553-915c-fcac8aed92e2', 'Concept 4 from Computer Science?', 'This is the definition and explanation of concept 4 for Computer Science.', '2026-03-03T07:19:07.296Z');
INSERT INTO cards (id, deck_id, front, back, created_at) VALUES ('01bd73bb-446e-4f17-98e7-55624764df0a', '99b6bc20-f233-4553-915c-fcac8aed92e2', 'Concept 5 from Computer Science?', 'This is the definition and explanation of concept 5 for Computer Science.', '2026-03-03T07:19:07.296Z');
INSERT INTO decks (id, user_id, category_id, name, description, created_at) VALUES ('55330e13-2cfa-4ea0-b75f-c6522bed1de1', NULL, 'bb7a0c63-a9dc-421d-9847-4b25363b60e1', 'Computer Science Mastery Vol 10', 'An essential study guide covering the core concepts of Computer Science.', '2026-03-03T07:19:07.296Z');
INSERT INTO cards (id, deck_id, front, back, created_at) VALUES ('498f48e5-a867-4f9b-b000-dbbc9de823df', '55330e13-2cfa-4ea0-b75f-c6522bed1de1', 'Concept 1 from Computer Science?', 'This is the definition and explanation of concept 1 for Computer Science.', '2026-03-03T07:19:07.296Z');
INSERT INTO cards (id, deck_id, front, back, created_at) VALUES ('c634a5b4-f329-4ea7-a334-306130de8741', '55330e13-2cfa-4ea0-b75f-c6522bed1de1', 'Concept 2 from Computer Science?', 'This is the definition and explanation of concept 2 for Computer Science.', '2026-03-03T07:19:07.296Z');
INSERT INTO cards (id, deck_id, front, back, created_at) VALUES ('cf19d513-b4b5-45e4-b9aa-b4b88cdc730a', '55330e13-2cfa-4ea0-b75f-c6522bed1de1', 'Concept 3 from Computer Science?', 'This is the definition and explanation of concept 3 for Computer Science.', '2026-03-03T07:19:07.296Z');
INSERT INTO cards (id, deck_id, front, back, created_at) VALUES ('649a300b-4b06-483d-90a1-6e603ab693ba', '55330e13-2cfa-4ea0-b75f-c6522bed1de1', 'Concept 4 from Computer Science?', 'This is the definition and explanation of concept 4 for Computer Science.', '2026-03-03T07:19:07.296Z');
INSERT INTO cards (id, deck_id, front, back, created_at) VALUES ('32c947e6-65b1-4c9f-a0b9-33449027c829', '55330e13-2cfa-4ea0-b75f-c6522bed1de1', 'Concept 5 from Computer Science?', 'This is the definition and explanation of concept 5 for Computer Science.', '2026-03-03T07:19:07.296Z');
INSERT INTO categories (id, name, slug, icon, description, created_at) VALUES ('05f3fc7f-6954-4106-a688-7965b35300e4', 'Mathematics', 'mathematics', 'i-lucide-calculator', 'Calculus, algebra, geometry, and logic.', '2026-03-03T07:19:07.296Z');
INSERT INTO decks (id, user_id, category_id, name, description, created_at) VALUES ('1cffd4d1-52e9-4bab-8fb9-d079e8bc820e', NULL, '05f3fc7f-6954-4106-a688-7965b35300e4', 'Mathematics Mastery Vol 1', 'An essential study guide covering the core concepts of Mathematics.', '2026-03-03T07:19:07.296Z');
INSERT INTO cards (id, deck_id, front, back, created_at) VALUES ('c483d43e-a7a5-4612-8b11-ce1026dabff0', '1cffd4d1-52e9-4bab-8fb9-d079e8bc820e', 'Concept 1 from Mathematics?', 'This is the definition and explanation of concept 1 for Mathematics.', '2026-03-03T07:19:07.296Z');
INSERT INTO cards (id, deck_id, front, back, created_at) VALUES ('86d843ac-5183-43fa-ab5b-77ffb3502e85', '1cffd4d1-52e9-4bab-8fb9-d079e8bc820e', 'Concept 2 from Mathematics?', 'This is the definition and explanation of concept 2 for Mathematics.', '2026-03-03T07:19:07.296Z');
INSERT INTO cards (id, deck_id, front, back, created_at) VALUES ('99d915f6-5457-40a8-9a4c-89d1971f75ae', '1cffd4d1-52e9-4bab-8fb9-d079e8bc820e', 'Concept 3 from Mathematics?', 'This is the definition and explanation of concept 3 for Mathematics.', '2026-03-03T07:19:07.296Z');
INSERT INTO cards (id, deck_id, front, back, created_at) VALUES ('fd36996b-1223-42dd-ba57-76f7cd45c6ba', '1cffd4d1-52e9-4bab-8fb9-d079e8bc820e', 'Concept 4 from Mathematics?', 'This is the definition and explanation of concept 4 for Mathematics.', '2026-03-03T07:19:07.296Z');
INSERT INTO cards (id, deck_id, front, back, created_at) VALUES ('b5788408-42f9-4172-8729-e98ffef44ab6', '1cffd4d1-52e9-4bab-8fb9-d079e8bc820e', 'Concept 5 from Mathematics?', 'This is the definition and explanation of concept 5 for Mathematics.', '2026-03-03T07:19:07.296Z');
INSERT INTO decks (id, user_id, category_id, name, description, created_at) VALUES ('193fcb53-e931-45fa-83f5-907b9452168a', NULL, '05f3fc7f-6954-4106-a688-7965b35300e4', 'Mathematics Mastery Vol 2', 'An essential study guide covering the core concepts of Mathematics.', '2026-03-03T07:19:07.296Z');
INSERT INTO cards (id, deck_id, front, back, created_at) VALUES ('daa3e9b2-bbc2-4519-b1f2-4bcd66745d3f', '193fcb53-e931-45fa-83f5-907b9452168a', 'Concept 1 from Mathematics?', 'This is the definition and explanation of concept 1 for Mathematics.', '2026-03-03T07:19:07.296Z');
INSERT INTO cards (id, deck_id, front, back, created_at) VALUES ('6369dcae-26e2-4755-9b9e-42e97167a1c7', '193fcb53-e931-45fa-83f5-907b9452168a', 'Concept 2 from Mathematics?', 'This is the definition and explanation of concept 2 for Mathematics.', '2026-03-03T07:19:07.296Z');
INSERT INTO cards (id, deck_id, front, back, created_at) VALUES ('0349dc34-8ae1-4a5f-85e9-b7040f4038ad', '193fcb53-e931-45fa-83f5-907b9452168a', 'Concept 3 from Mathematics?', 'This is the definition and explanation of concept 3 for Mathematics.', '2026-03-03T07:19:07.296Z');
INSERT INTO cards (id, deck_id, front, back, created_at) VALUES ('eb904a85-b71d-4084-9102-702471f4c182', '193fcb53-e931-45fa-83f5-907b9452168a', 'Concept 4 from Mathematics?', 'This is the definition and explanation of concept 4 for Mathematics.', '2026-03-03T07:19:07.296Z');
INSERT INTO cards (id, deck_id, front, back, created_at) VALUES ('e3b18178-4459-4f9f-990e-ee61a64acf1f', '193fcb53-e931-45fa-83f5-907b9452168a', 'Concept 5 from Mathematics?', 'This is the definition and explanation of concept 5 for Mathematics.', '2026-03-03T07:19:07.296Z');
INSERT INTO decks (id, user_id, category_id, name, description, created_at) VALUES ('47040d5b-f982-40a7-9650-31713cf0b11d', NULL, '05f3fc7f-6954-4106-a688-7965b35300e4', 'Mathematics Mastery Vol 3', 'An essential study guide covering the core concepts of Mathematics.', '2026-03-03T07:19:07.296Z');
INSERT INTO cards (id, deck_id, front, back, created_at) VALUES ('3d24e91f-f855-4940-afb2-7ca1cb2c85ae', '47040d5b-f982-40a7-9650-31713cf0b11d', 'Concept 1 from Mathematics?', 'This is the definition and explanation of concept 1 for Mathematics.', '2026-03-03T07:19:07.296Z');
INSERT INTO cards (id, deck_id, front, back, created_at) VALUES ('0490e284-af2b-45a8-80ca-bbd96fd6ba0b', '47040d5b-f982-40a7-9650-31713cf0b11d', 'Concept 2 from Mathematics?', 'This is the definition and explanation of concept 2 for Mathematics.', '2026-03-03T07:19:07.296Z');
INSERT INTO cards (id, deck_id, front, back, created_at) VALUES ('238912d8-6715-4d63-9775-b301487dd722', '47040d5b-f982-40a7-9650-31713cf0b11d', 'Concept 3 from Mathematics?', 'This is the definition and explanation of concept 3 for Mathematics.', '2026-03-03T07:19:07.296Z');
INSERT INTO cards (id, deck_id, front, back, created_at) VALUES ('2493e683-a37d-4f71-be01-594b99abdce9', '47040d5b-f982-40a7-9650-31713cf0b11d', 'Concept 4 from Mathematics?', 'This is the definition and explanation of concept 4 for Mathematics.', '2026-03-03T07:19:07.296Z');
INSERT INTO cards (id, deck_id, front, back, created_at) VALUES ('3cdb81a0-e75d-4298-ae11-b48874027ee0', '47040d5b-f982-40a7-9650-31713cf0b11d', 'Concept 5 from Mathematics?', 'This is the definition and explanation of concept 5 for Mathematics.', '2026-03-03T07:19:07.296Z');
INSERT INTO decks (id, user_id, category_id, name, description, created_at) VALUES ('736d8125-1a8d-432e-af41-284cb5e085e1', NULL, '05f3fc7f-6954-4106-a688-7965b35300e4', 'Mathematics Mastery Vol 4', 'An essential study guide covering the core concepts of Mathematics.', '2026-03-03T07:19:07.296Z');
INSERT INTO cards (id, deck_id, front, back, created_at) VALUES ('dace9c51-b97d-4efa-92d2-f9131111bd69', '736d8125-1a8d-432e-af41-284cb5e085e1', 'Concept 1 from Mathematics?', 'This is the definition and explanation of concept 1 for Mathematics.', '2026-03-03T07:19:07.296Z');
INSERT INTO cards (id, deck_id, front, back, created_at) VALUES ('1a55ec6a-fbae-4ed8-a052-b69513d7a3f9', '736d8125-1a8d-432e-af41-284cb5e085e1', 'Concept 2 from Mathematics?', 'This is the definition and explanation of concept 2 for Mathematics.', '2026-03-03T07:19:07.296Z');
INSERT INTO cards (id, deck_id, front, back, created_at) VALUES ('93ed9d49-8dab-4cf0-bd57-1f032975aef3', '736d8125-1a8d-432e-af41-284cb5e085e1', 'Concept 3 from Mathematics?', 'This is the definition and explanation of concept 3 for Mathematics.', '2026-03-03T07:19:07.296Z');
INSERT INTO cards (id, deck_id, front, back, created_at) VALUES ('ff7f1e53-2e64-42ec-9934-1a872b4bbcb1', '736d8125-1a8d-432e-af41-284cb5e085e1', 'Concept 4 from Mathematics?', 'This is the definition and explanation of concept 4 for Mathematics.', '2026-03-03T07:19:07.296Z');
INSERT INTO cards (id, deck_id, front, back, created_at) VALUES ('9ab10431-705e-4d64-a15f-ab5d68af2e92', '736d8125-1a8d-432e-af41-284cb5e085e1', 'Concept 5 from Mathematics?', 'This is the definition and explanation of concept 5 for Mathematics.', '2026-03-03T07:19:07.296Z');
INSERT INTO decks (id, user_id, category_id, name, description, created_at) VALUES ('3bef2fdd-74b3-41a1-9c33-46814b8fd5e3', NULL, '05f3fc7f-6954-4106-a688-7965b35300e4', 'Mathematics Mastery Vol 5', 'An essential study guide covering the core concepts of Mathematics.', '2026-03-03T07:19:07.296Z');
INSERT INTO cards (id, deck_id, front, back, created_at) VALUES ('69a60ebf-a86c-4fe5-8f0b-2d28ff7689a1', '3bef2fdd-74b3-41a1-9c33-46814b8fd5e3', 'Concept 1 from Mathematics?', 'This is the definition and explanation of concept 1 for Mathematics.', '2026-03-03T07:19:07.296Z');
INSERT INTO cards (id, deck_id, front, back, created_at) VALUES ('21fba2f4-fc54-4b78-a420-cb157903794b', '3bef2fdd-74b3-41a1-9c33-46814b8fd5e3', 'Concept 2 from Mathematics?', 'This is the definition and explanation of concept 2 for Mathematics.', '2026-03-03T07:19:07.296Z');
INSERT INTO cards (id, deck_id, front, back, created_at) VALUES ('dc538698-921b-4c9d-8624-3a2652c83eb8', '3bef2fdd-74b3-41a1-9c33-46814b8fd5e3', 'Concept 3 from Mathematics?', 'This is the definition and explanation of concept 3 for Mathematics.', '2026-03-03T07:19:07.296Z');
INSERT INTO cards (id, deck_id, front, back, created_at) VALUES ('0c1004dc-f0a0-4247-b298-11c99b0df880', '3bef2fdd-74b3-41a1-9c33-46814b8fd5e3', 'Concept 4 from Mathematics?', 'This is the definition and explanation of concept 4 for Mathematics.', '2026-03-03T07:19:07.296Z');
INSERT INTO cards (id, deck_id, front, back, created_at) VALUES ('59bd4cd9-a6d6-45d3-9a28-c23518e8db89', '3bef2fdd-74b3-41a1-9c33-46814b8fd5e3', 'Concept 5 from Mathematics?', 'This is the definition and explanation of concept 5 for Mathematics.', '2026-03-03T07:19:07.296Z');
INSERT INTO decks (id, user_id, category_id, name, description, created_at) VALUES ('95297318-133a-41a9-a4ab-2bfe37a08954', NULL, '05f3fc7f-6954-4106-a688-7965b35300e4', 'Mathematics Mastery Vol 6', 'An essential study guide covering the core concepts of Mathematics.', '2026-03-03T07:19:07.296Z');
INSERT INTO cards (id, deck_id, front, back, created_at) VALUES ('2c708397-d196-470f-8050-012c29132c60', '95297318-133a-41a9-a4ab-2bfe37a08954', 'Concept 1 from Mathematics?', 'This is the definition and explanation of concept 1 for Mathematics.', '2026-03-03T07:19:07.296Z');
INSERT INTO cards (id, deck_id, front, back, created_at) VALUES ('d955f066-4855-4846-befd-08e034d884dc', '95297318-133a-41a9-a4ab-2bfe37a08954', 'Concept 2 from Mathematics?', 'This is the definition and explanation of concept 2 for Mathematics.', '2026-03-03T07:19:07.296Z');
INSERT INTO cards (id, deck_id, front, back, created_at) VALUES ('c75d0a72-732f-489e-9a53-abc350b91fd4', '95297318-133a-41a9-a4ab-2bfe37a08954', 'Concept 3 from Mathematics?', 'This is the definition and explanation of concept 3 for Mathematics.', '2026-03-03T07:19:07.296Z');
INSERT INTO cards (id, deck_id, front, back, created_at) VALUES ('174e236b-66b6-4857-a9e5-34424b7adfbe', '95297318-133a-41a9-a4ab-2bfe37a08954', 'Concept 4 from Mathematics?', 'This is the definition and explanation of concept 4 for Mathematics.', '2026-03-03T07:19:07.296Z');
INSERT INTO cards (id, deck_id, front, back, created_at) VALUES ('36056cc1-e684-4c41-ac21-59594d3b4754', '95297318-133a-41a9-a4ab-2bfe37a08954', 'Concept 5 from Mathematics?', 'This is the definition and explanation of concept 5 for Mathematics.', '2026-03-03T07:19:07.296Z');
INSERT INTO decks (id, user_id, category_id, name, description, created_at) VALUES ('a621e166-f5a9-4d2d-89b8-b461f52c4027', NULL, '05f3fc7f-6954-4106-a688-7965b35300e4', 'Mathematics Mastery Vol 7', 'An essential study guide covering the core concepts of Mathematics.', '2026-03-03T07:19:07.296Z');
INSERT INTO cards (id, deck_id, front, back, created_at) VALUES ('fddb1ac5-0bff-4390-aaa5-102bc1d66d06', 'a621e166-f5a9-4d2d-89b8-b461f52c4027', 'Concept 1 from Mathematics?', 'This is the definition and explanation of concept 1 for Mathematics.', '2026-03-03T07:19:07.296Z');
INSERT INTO cards (id, deck_id, front, back, created_at) VALUES ('45535ac7-5266-4549-a7ca-300ea9fdf59c', 'a621e166-f5a9-4d2d-89b8-b461f52c4027', 'Concept 2 from Mathematics?', 'This is the definition and explanation of concept 2 for Mathematics.', '2026-03-03T07:19:07.296Z');
INSERT INTO cards (id, deck_id, front, back, created_at) VALUES ('0b09a53b-f5bd-42fd-8d11-e699f8a81356', 'a621e166-f5a9-4d2d-89b8-b461f52c4027', 'Concept 3 from Mathematics?', 'This is the definition and explanation of concept 3 for Mathematics.', '2026-03-03T07:19:07.296Z');
INSERT INTO cards (id, deck_id, front, back, created_at) VALUES ('efad8883-0a19-40ee-bea9-4a766d8d3cf6', 'a621e166-f5a9-4d2d-89b8-b461f52c4027', 'Concept 4 from Mathematics?', 'This is the definition and explanation of concept 4 for Mathematics.', '2026-03-03T07:19:07.296Z');
INSERT INTO cards (id, deck_id, front, back, created_at) VALUES ('2d353ceb-8b33-42cc-806c-f96059a9ed8e', 'a621e166-f5a9-4d2d-89b8-b461f52c4027', 'Concept 5 from Mathematics?', 'This is the definition and explanation of concept 5 for Mathematics.', '2026-03-03T07:19:07.296Z');
INSERT INTO decks (id, user_id, category_id, name, description, created_at) VALUES ('1b8b3ed9-0b59-4dd1-934f-8690ea2357ff', NULL, '05f3fc7f-6954-4106-a688-7965b35300e4', 'Mathematics Mastery Vol 8', 'An essential study guide covering the core concepts of Mathematics.', '2026-03-03T07:19:07.296Z');
INSERT INTO cards (id, deck_id, front, back, created_at) VALUES ('08d3ef7b-7205-44e0-815c-123cc68c5889', '1b8b3ed9-0b59-4dd1-934f-8690ea2357ff', 'Concept 1 from Mathematics?', 'This is the definition and explanation of concept 1 for Mathematics.', '2026-03-03T07:19:07.296Z');
INSERT INTO cards (id, deck_id, front, back, created_at) VALUES ('288b8d4e-8eea-46cc-94da-973235d6dfa1', '1b8b3ed9-0b59-4dd1-934f-8690ea2357ff', 'Concept 2 from Mathematics?', 'This is the definition and explanation of concept 2 for Mathematics.', '2026-03-03T07:19:07.296Z');
INSERT INTO cards (id, deck_id, front, back, created_at) VALUES ('a10d9020-bb84-4c4e-b9d1-eab6fa384623', '1b8b3ed9-0b59-4dd1-934f-8690ea2357ff', 'Concept 3 from Mathematics?', 'This is the definition and explanation of concept 3 for Mathematics.', '2026-03-03T07:19:07.296Z');
INSERT INTO cards (id, deck_id, front, back, created_at) VALUES ('93ff4eab-374c-452a-b323-b8acb0f3cec8', '1b8b3ed9-0b59-4dd1-934f-8690ea2357ff', 'Concept 4 from Mathematics?', 'This is the definition and explanation of concept 4 for Mathematics.', '2026-03-03T07:19:07.296Z');
INSERT INTO cards (id, deck_id, front, back, created_at) VALUES ('d1932ec1-0a30-4292-8b6c-1e97b799eac3', '1b8b3ed9-0b59-4dd1-934f-8690ea2357ff', 'Concept 5 from Mathematics?', 'This is the definition and explanation of concept 5 for Mathematics.', '2026-03-03T07:19:07.296Z');
INSERT INTO decks (id, user_id, category_id, name, description, created_at) VALUES ('a26d92b4-394e-4975-999c-626a8cd44cde', NULL, '05f3fc7f-6954-4106-a688-7965b35300e4', 'Mathematics Mastery Vol 9', 'An essential study guide covering the core concepts of Mathematics.', '2026-03-03T07:19:07.296Z');
INSERT INTO cards (id, deck_id, front, back, created_at) VALUES ('7c5fd8e9-4b6b-4e86-be42-6fcc34730a5c', 'a26d92b4-394e-4975-999c-626a8cd44cde', 'Concept 1 from Mathematics?', 'This is the definition and explanation of concept 1 for Mathematics.', '2026-03-03T07:19:07.296Z');
INSERT INTO cards (id, deck_id, front, back, created_at) VALUES ('344ca001-9b97-4189-9371-634a8eca79c9', 'a26d92b4-394e-4975-999c-626a8cd44cde', 'Concept 2 from Mathematics?', 'This is the definition and explanation of concept 2 for Mathematics.', '2026-03-03T07:19:07.296Z');
INSERT INTO cards (id, deck_id, front, back, created_at) VALUES ('9032b231-73e3-48bc-b4ce-aa0f1ff97156', 'a26d92b4-394e-4975-999c-626a8cd44cde', 'Concept 3 from Mathematics?', 'This is the definition and explanation of concept 3 for Mathematics.', '2026-03-03T07:19:07.296Z');
INSERT INTO cards (id, deck_id, front, back, created_at) VALUES ('8f5e2eef-78ad-49c7-82e9-da151cd51760', 'a26d92b4-394e-4975-999c-626a8cd44cde', 'Concept 4 from Mathematics?', 'This is the definition and explanation of concept 4 for Mathematics.', '2026-03-03T07:19:07.296Z');
INSERT INTO cards (id, deck_id, front, back, created_at) VALUES ('8ba5bfb1-b10f-49fe-9081-dd79782ab9ed', 'a26d92b4-394e-4975-999c-626a8cd44cde', 'Concept 5 from Mathematics?', 'This is the definition and explanation of concept 5 for Mathematics.', '2026-03-03T07:19:07.296Z');
INSERT INTO decks (id, user_id, category_id, name, description, created_at) VALUES ('d98c64bf-a202-4c33-9d7c-6a86ac2e1ddf', NULL, '05f3fc7f-6954-4106-a688-7965b35300e4', 'Mathematics Mastery Vol 10', 'An essential study guide covering the core concepts of Mathematics.', '2026-03-03T07:19:07.296Z');
INSERT INTO cards (id, deck_id, front, back, created_at) VALUES ('1ba800da-0b6a-4dd7-ad94-b11346731f9d', 'd98c64bf-a202-4c33-9d7c-6a86ac2e1ddf', 'Concept 1 from Mathematics?', 'This is the definition and explanation of concept 1 for Mathematics.', '2026-03-03T07:19:07.296Z');
INSERT INTO cards (id, deck_id, front, back, created_at) VALUES ('1e293953-60e1-4938-b0c7-025c10645324', 'd98c64bf-a202-4c33-9d7c-6a86ac2e1ddf', 'Concept 2 from Mathematics?', 'This is the definition and explanation of concept 2 for Mathematics.', '2026-03-03T07:19:07.296Z');
INSERT INTO cards (id, deck_id, front, back, created_at) VALUES ('0eef5fc4-7c73-4475-9465-70973cf990e9', 'd98c64bf-a202-4c33-9d7c-6a86ac2e1ddf', 'Concept 3 from Mathematics?', 'This is the definition and explanation of concept 3 for Mathematics.', '2026-03-03T07:19:07.296Z');
INSERT INTO cards (id, deck_id, front, back, created_at) VALUES ('c87b277a-46fc-4b43-90ad-f71815e8a92f', 'd98c64bf-a202-4c33-9d7c-6a86ac2e1ddf', 'Concept 4 from Mathematics?', 'This is the definition and explanation of concept 4 for Mathematics.', '2026-03-03T07:19:07.296Z');
INSERT INTO cards (id, deck_id, front, back, created_at) VALUES ('6b3715e0-4343-4e77-9a2c-4183c3614439', 'd98c64bf-a202-4c33-9d7c-6a86ac2e1ddf', 'Concept 5 from Mathematics?', 'This is the definition and explanation of concept 5 for Mathematics.', '2026-03-03T07:19:07.296Z');
INSERT INTO categories (id, name, slug, icon, description, created_at) VALUES ('405542e5-d3a8-440e-9c59-a12186b62ee2', 'Physics', 'physics', 'i-lucide-atom', 'Mechanics, electromagnetism, and relativity.', '2026-03-03T07:19:07.296Z');
INSERT INTO decks (id, user_id, category_id, name, description, created_at) VALUES ('f2fc1acb-e6d5-4fd4-bdb7-d595868f4ca9', NULL, '405542e5-d3a8-440e-9c59-a12186b62ee2', 'Physics Mastery Vol 1', 'An essential study guide covering the core concepts of Physics.', '2026-03-03T07:19:07.296Z');
INSERT INTO cards (id, deck_id, front, back, created_at) VALUES ('21526c57-72e9-4e7f-8878-4171a4dee2ac', 'f2fc1acb-e6d5-4fd4-bdb7-d595868f4ca9', 'Concept 1 from Physics?', 'This is the definition and explanation of concept 1 for Physics.', '2026-03-03T07:19:07.296Z');
INSERT INTO cards (id, deck_id, front, back, created_at) VALUES ('5afcbd41-247d-4db8-bea8-def63d7c449a', 'f2fc1acb-e6d5-4fd4-bdb7-d595868f4ca9', 'Concept 2 from Physics?', 'This is the definition and explanation of concept 2 for Physics.', '2026-03-03T07:19:07.296Z');
INSERT INTO cards (id, deck_id, front, back, created_at) VALUES ('f62009af-0f4a-4b10-b870-a6f2a0d1ef1e', 'f2fc1acb-e6d5-4fd4-bdb7-d595868f4ca9', 'Concept 3 from Physics?', 'This is the definition and explanation of concept 3 for Physics.', '2026-03-03T07:19:07.296Z');
INSERT INTO cards (id, deck_id, front, back, created_at) VALUES ('f6c905a3-0292-46e1-97af-0035ccc1e7b1', 'f2fc1acb-e6d5-4fd4-bdb7-d595868f4ca9', 'Concept 4 from Physics?', 'This is the definition and explanation of concept 4 for Physics.', '2026-03-03T07:19:07.296Z');
INSERT INTO cards (id, deck_id, front, back, created_at) VALUES ('ff4c1482-e0ca-4fb3-a66e-24842fcb9d78', 'f2fc1acb-e6d5-4fd4-bdb7-d595868f4ca9', 'Concept 5 from Physics?', 'This is the definition and explanation of concept 5 for Physics.', '2026-03-03T07:19:07.296Z');
INSERT INTO decks (id, user_id, category_id, name, description, created_at) VALUES ('5e5d3df4-3de2-47d7-9c54-8a7c204481ce', NULL, '405542e5-d3a8-440e-9c59-a12186b62ee2', 'Physics Mastery Vol 2', 'An essential study guide covering the core concepts of Physics.', '2026-03-03T07:19:07.296Z');
INSERT INTO cards (id, deck_id, front, back, created_at) VALUES ('2b14051e-6be9-48a0-9b93-186131cff121', '5e5d3df4-3de2-47d7-9c54-8a7c204481ce', 'Concept 1 from Physics?', 'This is the definition and explanation of concept 1 for Physics.', '2026-03-03T07:19:07.296Z');
INSERT INTO cards (id, deck_id, front, back, created_at) VALUES ('1462fd96-1fca-4d00-8377-45bd80fbe73a', '5e5d3df4-3de2-47d7-9c54-8a7c204481ce', 'Concept 2 from Physics?', 'This is the definition and explanation of concept 2 for Physics.', '2026-03-03T07:19:07.296Z');
INSERT INTO cards (id, deck_id, front, back, created_at) VALUES ('a88692fd-67b7-480c-9848-ce8605399ae1', '5e5d3df4-3de2-47d7-9c54-8a7c204481ce', 'Concept 3 from Physics?', 'This is the definition and explanation of concept 3 for Physics.', '2026-03-03T07:19:07.296Z');
INSERT INTO cards (id, deck_id, front, back, created_at) VALUES ('c48f0e5e-08fb-4a4b-aec6-da9d57bb89a6', '5e5d3df4-3de2-47d7-9c54-8a7c204481ce', 'Concept 4 from Physics?', 'This is the definition and explanation of concept 4 for Physics.', '2026-03-03T07:19:07.296Z');
INSERT INTO cards (id, deck_id, front, back, created_at) VALUES ('121e8b82-c4a0-4ee1-9cc0-bf42280dad94', '5e5d3df4-3de2-47d7-9c54-8a7c204481ce', 'Concept 5 from Physics?', 'This is the definition and explanation of concept 5 for Physics.', '2026-03-03T07:19:07.296Z');
INSERT INTO decks (id, user_id, category_id, name, description, created_at) VALUES ('5eb095b5-df00-4065-905e-8d1abbe723de', NULL, '405542e5-d3a8-440e-9c59-a12186b62ee2', 'Physics Mastery Vol 3', 'An essential study guide covering the core concepts of Physics.', '2026-03-03T07:19:07.296Z');
INSERT INTO cards (id, deck_id, front, back, created_at) VALUES ('6d6e3ad4-4d1d-4e41-811c-846f3baae5fd', '5eb095b5-df00-4065-905e-8d1abbe723de', 'Concept 1 from Physics?', 'This is the definition and explanation of concept 1 for Physics.', '2026-03-03T07:19:07.296Z');
INSERT INTO cards (id, deck_id, front, back, created_at) VALUES ('f49ed827-fc81-4a50-81eb-52f6bfd5c270', '5eb095b5-df00-4065-905e-8d1abbe723de', 'Concept 2 from Physics?', 'This is the definition and explanation of concept 2 for Physics.', '2026-03-03T07:19:07.296Z');
INSERT INTO cards (id, deck_id, front, back, created_at) VALUES ('e15ee843-21d7-4a2b-af09-f695388975e8', '5eb095b5-df00-4065-905e-8d1abbe723de', 'Concept 3 from Physics?', 'This is the definition and explanation of concept 3 for Physics.', '2026-03-03T07:19:07.296Z');
INSERT INTO cards (id, deck_id, front, back, created_at) VALUES ('274a4730-d79f-4a46-a0c2-e2dc3ae49a80', '5eb095b5-df00-4065-905e-8d1abbe723de', 'Concept 4 from Physics?', 'This is the definition and explanation of concept 4 for Physics.', '2026-03-03T07:19:07.296Z');
INSERT INTO cards (id, deck_id, front, back, created_at) VALUES ('a1043799-bf5b-4194-9561-8b2e0d9079d0', '5eb095b5-df00-4065-905e-8d1abbe723de', 'Concept 5 from Physics?', 'This is the definition and explanation of concept 5 for Physics.', '2026-03-03T07:19:07.296Z');
INSERT INTO decks (id, user_id, category_id, name, description, created_at) VALUES ('abb8aa87-593d-49c2-913a-198a96a9560d', NULL, '405542e5-d3a8-440e-9c59-a12186b62ee2', 'Physics Mastery Vol 4', 'An essential study guide covering the core concepts of Physics.', '2026-03-03T07:19:07.296Z');
INSERT INTO cards (id, deck_id, front, back, created_at) VALUES ('3b01f9db-5e69-4bca-8a0a-eb298c44e408', 'abb8aa87-593d-49c2-913a-198a96a9560d', 'Concept 1 from Physics?', 'This is the definition and explanation of concept 1 for Physics.', '2026-03-03T07:19:07.296Z');
INSERT INTO cards (id, deck_id, front, back, created_at) VALUES ('bb51163a-a3f9-42e4-9c27-56c030bee17f', 'abb8aa87-593d-49c2-913a-198a96a9560d', 'Concept 2 from Physics?', 'This is the definition and explanation of concept 2 for Physics.', '2026-03-03T07:19:07.296Z');
INSERT INTO cards (id, deck_id, front, back, created_at) VALUES ('52776b1a-cbb2-4a72-a5eb-97d60a6a0f06', 'abb8aa87-593d-49c2-913a-198a96a9560d', 'Concept 3 from Physics?', 'This is the definition and explanation of concept 3 for Physics.', '2026-03-03T07:19:07.296Z');
INSERT INTO cards (id, deck_id, front, back, created_at) VALUES ('e1fef88f-b611-4ab6-9878-83bcf9b0c1da', 'abb8aa87-593d-49c2-913a-198a96a9560d', 'Concept 4 from Physics?', 'This is the definition and explanation of concept 4 for Physics.', '2026-03-03T07:19:07.296Z');
INSERT INTO cards (id, deck_id, front, back, created_at) VALUES ('4dba6a26-0a86-4e1e-988c-a667278e0eb4', 'abb8aa87-593d-49c2-913a-198a96a9560d', 'Concept 5 from Physics?', 'This is the definition and explanation of concept 5 for Physics.', '2026-03-03T07:19:07.296Z');
INSERT INTO decks (id, user_id, category_id, name, description, created_at) VALUES ('657c2d46-34b6-4fb0-95ed-89e9d76dc1ed', NULL, '405542e5-d3a8-440e-9c59-a12186b62ee2', 'Physics Mastery Vol 5', 'An essential study guide covering the core concepts of Physics.', '2026-03-03T07:19:07.296Z');
INSERT INTO cards (id, deck_id, front, back, created_at) VALUES ('83c947c2-5f34-41d5-b64a-98d7cbae797b', '657c2d46-34b6-4fb0-95ed-89e9d76dc1ed', 'Concept 1 from Physics?', 'This is the definition and explanation of concept 1 for Physics.', '2026-03-03T07:19:07.296Z');
INSERT INTO cards (id, deck_id, front, back, created_at) VALUES ('b3e98054-2381-4abb-bd82-a7235062d040', '657c2d46-34b6-4fb0-95ed-89e9d76dc1ed', 'Concept 2 from Physics?', 'This is the definition and explanation of concept 2 for Physics.', '2026-03-03T07:19:07.296Z');
INSERT INTO cards (id, deck_id, front, back, created_at) VALUES ('5c48ab18-c83d-46ca-a926-0f49132a1f9c', '657c2d46-34b6-4fb0-95ed-89e9d76dc1ed', 'Concept 3 from Physics?', 'This is the definition and explanation of concept 3 for Physics.', '2026-03-03T07:19:07.296Z');
INSERT INTO cards (id, deck_id, front, back, created_at) VALUES ('0270bd6d-a75f-43e5-bc0b-cdc830a78b70', '657c2d46-34b6-4fb0-95ed-89e9d76dc1ed', 'Concept 4 from Physics?', 'This is the definition and explanation of concept 4 for Physics.', '2026-03-03T07:19:07.296Z');
INSERT INTO cards (id, deck_id, front, back, created_at) VALUES ('8f33f669-adc5-46f5-98bb-7db6ab165393', '657c2d46-34b6-4fb0-95ed-89e9d76dc1ed', 'Concept 5 from Physics?', 'This is the definition and explanation of concept 5 for Physics.', '2026-03-03T07:19:07.296Z');
INSERT INTO decks (id, user_id, category_id, name, description, created_at) VALUES ('43f784ae-8dee-4b33-abb1-54a37ffa294f', NULL, '405542e5-d3a8-440e-9c59-a12186b62ee2', 'Physics Mastery Vol 6', 'An essential study guide covering the core concepts of Physics.', '2026-03-03T07:19:07.296Z');
INSERT INTO cards (id, deck_id, front, back, created_at) VALUES ('d7bc691a-03fa-4831-9e5b-ac09d5bc711e', '43f784ae-8dee-4b33-abb1-54a37ffa294f', 'Concept 1 from Physics?', 'This is the definition and explanation of concept 1 for Physics.', '2026-03-03T07:19:07.296Z');
INSERT INTO cards (id, deck_id, front, back, created_at) VALUES ('5106f99c-51db-4319-a562-226ec6a7d5a1', '43f784ae-8dee-4b33-abb1-54a37ffa294f', 'Concept 2 from Physics?', 'This is the definition and explanation of concept 2 for Physics.', '2026-03-03T07:19:07.296Z');
INSERT INTO cards (id, deck_id, front, back, created_at) VALUES ('40f0145c-d768-463e-99b8-100f44485fff', '43f784ae-8dee-4b33-abb1-54a37ffa294f', 'Concept 3 from Physics?', 'This is the definition and explanation of concept 3 for Physics.', '2026-03-03T07:19:07.296Z');
INSERT INTO cards (id, deck_id, front, back, created_at) VALUES ('f7ce023f-c985-4faa-bae2-f45358d6e81d', '43f784ae-8dee-4b33-abb1-54a37ffa294f', 'Concept 4 from Physics?', 'This is the definition and explanation of concept 4 for Physics.', '2026-03-03T07:19:07.296Z');
INSERT INTO cards (id, deck_id, front, back, created_at) VALUES ('61a9616d-96db-4ad7-a471-ad7872a98a33', '43f784ae-8dee-4b33-abb1-54a37ffa294f', 'Concept 5 from Physics?', 'This is the definition and explanation of concept 5 for Physics.', '2026-03-03T07:19:07.296Z');
INSERT INTO decks (id, user_id, category_id, name, description, created_at) VALUES ('583e792b-af7a-4903-b351-4f0522567ee7', NULL, '405542e5-d3a8-440e-9c59-a12186b62ee2', 'Physics Mastery Vol 7', 'An essential study guide covering the core concepts of Physics.', '2026-03-03T07:19:07.296Z');
INSERT INTO cards (id, deck_id, front, back, created_at) VALUES ('21a0938a-0a41-4eda-80db-cf3d63500361', '583e792b-af7a-4903-b351-4f0522567ee7', 'Concept 1 from Physics?', 'This is the definition and explanation of concept 1 for Physics.', '2026-03-03T07:19:07.296Z');
INSERT INTO cards (id, deck_id, front, back, created_at) VALUES ('aac0943f-31f0-4c66-9f1e-d4b81cc9e0cb', '583e792b-af7a-4903-b351-4f0522567ee7', 'Concept 2 from Physics?', 'This is the definition and explanation of concept 2 for Physics.', '2026-03-03T07:19:07.296Z');
INSERT INTO cards (id, deck_id, front, back, created_at) VALUES ('13784c2c-7026-4d73-971d-74a96f963293', '583e792b-af7a-4903-b351-4f0522567ee7', 'Concept 3 from Physics?', 'This is the definition and explanation of concept 3 for Physics.', '2026-03-03T07:19:07.296Z');
INSERT INTO cards (id, deck_id, front, back, created_at) VALUES ('89a48b2c-4942-414c-b418-6304c68d17c5', '583e792b-af7a-4903-b351-4f0522567ee7', 'Concept 4 from Physics?', 'This is the definition and explanation of concept 4 for Physics.', '2026-03-03T07:19:07.296Z');
INSERT INTO cards (id, deck_id, front, back, created_at) VALUES ('5f91be75-0a2f-4c7d-8933-e159db654c08', '583e792b-af7a-4903-b351-4f0522567ee7', 'Concept 5 from Physics?', 'This is the definition and explanation of concept 5 for Physics.', '2026-03-03T07:19:07.296Z');
INSERT INTO decks (id, user_id, category_id, name, description, created_at) VALUES ('20ac60c5-4c3d-4098-8c13-6e07aae8f7ec', NULL, '405542e5-d3a8-440e-9c59-a12186b62ee2', 'Physics Mastery Vol 8', 'An essential study guide covering the core concepts of Physics.', '2026-03-03T07:19:07.296Z');
INSERT INTO cards (id, deck_id, front, back, created_at) VALUES ('41aff723-bd5b-4981-89f2-7661673f7b35', '20ac60c5-4c3d-4098-8c13-6e07aae8f7ec', 'Concept 1 from Physics?', 'This is the definition and explanation of concept 1 for Physics.', '2026-03-03T07:19:07.296Z');
INSERT INTO cards (id, deck_id, front, back, created_at) VALUES ('fdfc8cac-efe1-44be-97d3-b33037ca07ed', '20ac60c5-4c3d-4098-8c13-6e07aae8f7ec', 'Concept 2 from Physics?', 'This is the definition and explanation of concept 2 for Physics.', '2026-03-03T07:19:07.296Z');
INSERT INTO cards (id, deck_id, front, back, created_at) VALUES ('b79e6911-ed27-40e6-bf07-b4522739856c', '20ac60c5-4c3d-4098-8c13-6e07aae8f7ec', 'Concept 3 from Physics?', 'This is the definition and explanation of concept 3 for Physics.', '2026-03-03T07:19:07.296Z');
INSERT INTO cards (id, deck_id, front, back, created_at) VALUES ('ea744dcc-3429-4d44-897a-14e07a797f51', '20ac60c5-4c3d-4098-8c13-6e07aae8f7ec', 'Concept 4 from Physics?', 'This is the definition and explanation of concept 4 for Physics.', '2026-03-03T07:19:07.296Z');
INSERT INTO cards (id, deck_id, front, back, created_at) VALUES ('4eaec378-82fb-4194-86bc-9ff778238dc8', '20ac60c5-4c3d-4098-8c13-6e07aae8f7ec', 'Concept 5 from Physics?', 'This is the definition and explanation of concept 5 for Physics.', '2026-03-03T07:19:07.296Z');
INSERT INTO decks (id, user_id, category_id, name, description, created_at) VALUES ('ae0c2dc8-59eb-43c4-ae61-b31af7572767', NULL, '405542e5-d3a8-440e-9c59-a12186b62ee2', 'Physics Mastery Vol 9', 'An essential study guide covering the core concepts of Physics.', '2026-03-03T07:19:07.296Z');
INSERT INTO cards (id, deck_id, front, back, created_at) VALUES ('239f3c5b-2f02-4fae-bcf5-30fbce8974cc', 'ae0c2dc8-59eb-43c4-ae61-b31af7572767', 'Concept 1 from Physics?', 'This is the definition and explanation of concept 1 for Physics.', '2026-03-03T07:19:07.296Z');
INSERT INTO cards (id, deck_id, front, back, created_at) VALUES ('1f8613fc-0afe-451f-bda0-1135a496f091', 'ae0c2dc8-59eb-43c4-ae61-b31af7572767', 'Concept 2 from Physics?', 'This is the definition and explanation of concept 2 for Physics.', '2026-03-03T07:19:07.296Z');
INSERT INTO cards (id, deck_id, front, back, created_at) VALUES ('17e31f4b-0492-422b-a6a0-2b0b2222aac6', 'ae0c2dc8-59eb-43c4-ae61-b31af7572767', 'Concept 3 from Physics?', 'This is the definition and explanation of concept 3 for Physics.', '2026-03-03T07:19:07.296Z');
INSERT INTO cards (id, deck_id, front, back, created_at) VALUES ('3b57ba95-3cdb-489e-98dd-2ca1c83d8a3e', 'ae0c2dc8-59eb-43c4-ae61-b31af7572767', 'Concept 4 from Physics?', 'This is the definition and explanation of concept 4 for Physics.', '2026-03-03T07:19:07.296Z');
INSERT INTO cards (id, deck_id, front, back, created_at) VALUES ('d27aff1f-b6ea-4be6-8ee4-c8d58772bb4d', 'ae0c2dc8-59eb-43c4-ae61-b31af7572767', 'Concept 5 from Physics?', 'This is the definition and explanation of concept 5 for Physics.', '2026-03-03T07:19:07.296Z');
INSERT INTO decks (id, user_id, category_id, name, description, created_at) VALUES ('1c387ed9-4d35-4287-a2d5-d5c9cba376ef', NULL, '405542e5-d3a8-440e-9c59-a12186b62ee2', 'Physics Mastery Vol 10', 'An essential study guide covering the core concepts of Physics.', '2026-03-03T07:19:07.296Z');
INSERT INTO cards (id, deck_id, front, back, created_at) VALUES ('af036cff-899f-4100-a034-a5b575b2f095', '1c387ed9-4d35-4287-a2d5-d5c9cba376ef', 'Concept 1 from Physics?', 'This is the definition and explanation of concept 1 for Physics.', '2026-03-03T07:19:07.296Z');
INSERT INTO cards (id, deck_id, front, back, created_at) VALUES ('4bc1aa8a-423d-4ffe-8e18-d8558fc64ecd', '1c387ed9-4d35-4287-a2d5-d5c9cba376ef', 'Concept 2 from Physics?', 'This is the definition and explanation of concept 2 for Physics.', '2026-03-03T07:19:07.296Z');
INSERT INTO cards (id, deck_id, front, back, created_at) VALUES ('28f21dc1-ff7c-46ed-8340-9af5f1a528b1', '1c387ed9-4d35-4287-a2d5-d5c9cba376ef', 'Concept 3 from Physics?', 'This is the definition and explanation of concept 3 for Physics.', '2026-03-03T07:19:07.296Z');
INSERT INTO cards (id, deck_id, front, back, created_at) VALUES ('50b76f63-c5d7-41a9-beb4-2fce7c77e4b7', '1c387ed9-4d35-4287-a2d5-d5c9cba376ef', 'Concept 4 from Physics?', 'This is the definition and explanation of concept 4 for Physics.', '2026-03-03T07:19:07.296Z');
INSERT INTO cards (id, deck_id, front, back, created_at) VALUES ('f04427df-64fc-465f-93d6-ce5d0ad4a1db', '1c387ed9-4d35-4287-a2d5-d5c9cba376ef', 'Concept 5 from Physics?', 'This is the definition and explanation of concept 5 for Physics.', '2026-03-03T07:19:07.296Z');
INSERT INTO categories (id, name, slug, icon, description, created_at) VALUES ('736b2a66-9968-49fa-bad8-71d424f4fb07', 'Chemistry', 'chemistry', 'i-lucide-flask-conical', 'Elements, compounds, and reactions.', '2026-03-03T07:19:07.296Z');
INSERT INTO decks (id, user_id, category_id, name, description, created_at) VALUES ('67be1ded-c497-4b3b-b370-4bdf9fd5a8d7', NULL, '736b2a66-9968-49fa-bad8-71d424f4fb07', 'Chemistry Mastery Vol 1', 'An essential study guide covering the core concepts of Chemistry.', '2026-03-03T07:19:07.296Z');
INSERT INTO cards (id, deck_id, front, back, created_at) VALUES ('677377d1-b120-423b-a927-d585b2e86882', '67be1ded-c497-4b3b-b370-4bdf9fd5a8d7', 'Concept 1 from Chemistry?', 'This is the definition and explanation of concept 1 for Chemistry.', '2026-03-03T07:19:07.296Z');
INSERT INTO cards (id, deck_id, front, back, created_at) VALUES ('bdc0d4ea-f18c-48f1-b904-63db14309988', '67be1ded-c497-4b3b-b370-4bdf9fd5a8d7', 'Concept 2 from Chemistry?', 'This is the definition and explanation of concept 2 for Chemistry.', '2026-03-03T07:19:07.296Z');
INSERT INTO cards (id, deck_id, front, back, created_at) VALUES ('c22dfeb0-0727-4c7b-bfb6-db801e684b9a', '67be1ded-c497-4b3b-b370-4bdf9fd5a8d7', 'Concept 3 from Chemistry?', 'This is the definition and explanation of concept 3 for Chemistry.', '2026-03-03T07:19:07.296Z');
INSERT INTO cards (id, deck_id, front, back, created_at) VALUES ('68756875-5cbb-4a6c-9108-b24d8e4da4d5', '67be1ded-c497-4b3b-b370-4bdf9fd5a8d7', 'Concept 4 from Chemistry?', 'This is the definition and explanation of concept 4 for Chemistry.', '2026-03-03T07:19:07.296Z');
INSERT INTO cards (id, deck_id, front, back, created_at) VALUES ('e2fba110-183c-4ad5-8a1b-694c899b129f', '67be1ded-c497-4b3b-b370-4bdf9fd5a8d7', 'Concept 5 from Chemistry?', 'This is the definition and explanation of concept 5 for Chemistry.', '2026-03-03T07:19:07.296Z');
INSERT INTO decks (id, user_id, category_id, name, description, created_at) VALUES ('5a6dca76-659d-473f-98bb-d13cf9e92a5e', NULL, '736b2a66-9968-49fa-bad8-71d424f4fb07', 'Chemistry Mastery Vol 2', 'An essential study guide covering the core concepts of Chemistry.', '2026-03-03T07:19:07.296Z');
INSERT INTO cards (id, deck_id, front, back, created_at) VALUES ('334976a8-2830-4731-ae7b-7e032c844424', '5a6dca76-659d-473f-98bb-d13cf9e92a5e', 'Concept 1 from Chemistry?', 'This is the definition and explanation of concept 1 for Chemistry.', '2026-03-03T07:19:07.296Z');
INSERT INTO cards (id, deck_id, front, back, created_at) VALUES ('f8fcebbc-8582-4f1c-8e09-5ba4d68b8051', '5a6dca76-659d-473f-98bb-d13cf9e92a5e', 'Concept 2 from Chemistry?', 'This is the definition and explanation of concept 2 for Chemistry.', '2026-03-03T07:19:07.296Z');
INSERT INTO cards (id, deck_id, front, back, created_at) VALUES ('7994875e-9c60-432e-bf45-0f88172b25f1', '5a6dca76-659d-473f-98bb-d13cf9e92a5e', 'Concept 3 from Chemistry?', 'This is the definition and explanation of concept 3 for Chemistry.', '2026-03-03T07:19:07.296Z');
INSERT INTO cards (id, deck_id, front, back, created_at) VALUES ('10f780b8-dfcb-4fb3-841a-5500a99fef18', '5a6dca76-659d-473f-98bb-d13cf9e92a5e', 'Concept 4 from Chemistry?', 'This is the definition and explanation of concept 4 for Chemistry.', '2026-03-03T07:19:07.296Z');
INSERT INTO cards (id, deck_id, front, back, created_at) VALUES ('ba8938e0-c92f-4d97-8ebf-1e21f04b6f18', '5a6dca76-659d-473f-98bb-d13cf9e92a5e', 'Concept 5 from Chemistry?', 'This is the definition and explanation of concept 5 for Chemistry.', '2026-03-03T07:19:07.296Z');
INSERT INTO decks (id, user_id, category_id, name, description, created_at) VALUES ('4cbaf426-a571-4fa2-9672-b6ab0d609ea8', NULL, '736b2a66-9968-49fa-bad8-71d424f4fb07', 'Chemistry Mastery Vol 3', 'An essential study guide covering the core concepts of Chemistry.', '2026-03-03T07:19:07.296Z');
INSERT INTO cards (id, deck_id, front, back, created_at) VALUES ('b3de71ad-8d21-4f7e-90f3-8ddc85472414', '4cbaf426-a571-4fa2-9672-b6ab0d609ea8', 'Concept 1 from Chemistry?', 'This is the definition and explanation of concept 1 for Chemistry.', '2026-03-03T07:19:07.296Z');
INSERT INTO cards (id, deck_id, front, back, created_at) VALUES ('6c5af745-1045-401e-a04e-fa05c7720c7c', '4cbaf426-a571-4fa2-9672-b6ab0d609ea8', 'Concept 2 from Chemistry?', 'This is the definition and explanation of concept 2 for Chemistry.', '2026-03-03T07:19:07.296Z');
INSERT INTO cards (id, deck_id, front, back, created_at) VALUES ('342705cf-36f7-4a35-929e-70ea8ad6760e', '4cbaf426-a571-4fa2-9672-b6ab0d609ea8', 'Concept 3 from Chemistry?', 'This is the definition and explanation of concept 3 for Chemistry.', '2026-03-03T07:19:07.296Z');
INSERT INTO cards (id, deck_id, front, back, created_at) VALUES ('43a6e73d-990d-4fa3-9e5e-4acdf38649ee', '4cbaf426-a571-4fa2-9672-b6ab0d609ea8', 'Concept 4 from Chemistry?', 'This is the definition and explanation of concept 4 for Chemistry.', '2026-03-03T07:19:07.296Z');
INSERT INTO cards (id, deck_id, front, back, created_at) VALUES ('768b7d78-6860-4287-8074-e1abe40cf24d', '4cbaf426-a571-4fa2-9672-b6ab0d609ea8', 'Concept 5 from Chemistry?', 'This is the definition and explanation of concept 5 for Chemistry.', '2026-03-03T07:19:07.296Z');
INSERT INTO decks (id, user_id, category_id, name, description, created_at) VALUES ('63973665-287b-4737-928e-e86340566c81', NULL, '736b2a66-9968-49fa-bad8-71d424f4fb07', 'Chemistry Mastery Vol 4', 'An essential study guide covering the core concepts of Chemistry.', '2026-03-03T07:19:07.296Z');
INSERT INTO cards (id, deck_id, front, back, created_at) VALUES ('23d09902-a339-4e6e-b924-cd3b4cf7ce75', '63973665-287b-4737-928e-e86340566c81', 'Concept 1 from Chemistry?', 'This is the definition and explanation of concept 1 for Chemistry.', '2026-03-03T07:19:07.296Z');
INSERT INTO cards (id, deck_id, front, back, created_at) VALUES ('bbcf4e2a-cbe4-4160-8d05-9e71a6be41fa', '63973665-287b-4737-928e-e86340566c81', 'Concept 2 from Chemistry?', 'This is the definition and explanation of concept 2 for Chemistry.', '2026-03-03T07:19:07.296Z');
INSERT INTO cards (id, deck_id, front, back, created_at) VALUES ('74587e12-319c-49ea-8a20-b9bed2b51d07', '63973665-287b-4737-928e-e86340566c81', 'Concept 3 from Chemistry?', 'This is the definition and explanation of concept 3 for Chemistry.', '2026-03-03T07:19:07.296Z');
INSERT INTO cards (id, deck_id, front, back, created_at) VALUES ('aab34797-90b2-442b-9ba7-492da3de9fcf', '63973665-287b-4737-928e-e86340566c81', 'Concept 4 from Chemistry?', 'This is the definition and explanation of concept 4 for Chemistry.', '2026-03-03T07:19:07.296Z');
INSERT INTO cards (id, deck_id, front, back, created_at) VALUES ('4458ab47-cfc4-4410-9466-0e5b3b0d303e', '63973665-287b-4737-928e-e86340566c81', 'Concept 5 from Chemistry?', 'This is the definition and explanation of concept 5 for Chemistry.', '2026-03-03T07:19:07.296Z');
INSERT INTO decks (id, user_id, category_id, name, description, created_at) VALUES ('9a2678a3-b4cc-4230-b49b-1f7b21c61155', NULL, '736b2a66-9968-49fa-bad8-71d424f4fb07', 'Chemistry Mastery Vol 5', 'An essential study guide covering the core concepts of Chemistry.', '2026-03-03T07:19:07.296Z');
INSERT INTO cards (id, deck_id, front, back, created_at) VALUES ('841681eb-e6b3-49cc-8eab-eb3ea2b50c33', '9a2678a3-b4cc-4230-b49b-1f7b21c61155', 'Concept 1 from Chemistry?', 'This is the definition and explanation of concept 1 for Chemistry.', '2026-03-03T07:19:07.296Z');
INSERT INTO cards (id, deck_id, front, back, created_at) VALUES ('1363fbf3-dbe5-47c3-ba8e-3380b04a273f', '9a2678a3-b4cc-4230-b49b-1f7b21c61155', 'Concept 2 from Chemistry?', 'This is the definition and explanation of concept 2 for Chemistry.', '2026-03-03T07:19:07.296Z');
INSERT INTO cards (id, deck_id, front, back, created_at) VALUES ('b99052eb-e51e-439d-946c-dbb9342f341e', '9a2678a3-b4cc-4230-b49b-1f7b21c61155', 'Concept 3 from Chemistry?', 'This is the definition and explanation of concept 3 for Chemistry.', '2026-03-03T07:19:07.296Z');
INSERT INTO cards (id, deck_id, front, back, created_at) VALUES ('0d31f21e-9b51-43ad-9f99-9fbbc4f746e9', '9a2678a3-b4cc-4230-b49b-1f7b21c61155', 'Concept 4 from Chemistry?', 'This is the definition and explanation of concept 4 for Chemistry.', '2026-03-03T07:19:07.296Z');
INSERT INTO cards (id, deck_id, front, back, created_at) VALUES ('c69e4ded-2177-483b-80dc-ddd125c2534b', '9a2678a3-b4cc-4230-b49b-1f7b21c61155', 'Concept 5 from Chemistry?', 'This is the definition and explanation of concept 5 for Chemistry.', '2026-03-03T07:19:07.296Z');
INSERT INTO decks (id, user_id, category_id, name, description, created_at) VALUES ('63965107-47e1-4499-a69a-6ea1d50af463', NULL, '736b2a66-9968-49fa-bad8-71d424f4fb07', 'Chemistry Mastery Vol 6', 'An essential study guide covering the core concepts of Chemistry.', '2026-03-03T07:19:07.296Z');
INSERT INTO cards (id, deck_id, front, back, created_at) VALUES ('c359159e-e5f8-4d0d-b7ee-de2a3cb15656', '63965107-47e1-4499-a69a-6ea1d50af463', 'Concept 1 from Chemistry?', 'This is the definition and explanation of concept 1 for Chemistry.', '2026-03-03T07:19:07.296Z');
INSERT INTO cards (id, deck_id, front, back, created_at) VALUES ('d0427d8c-e3ce-4966-8e57-f0da76a43bb1', '63965107-47e1-4499-a69a-6ea1d50af463', 'Concept 2 from Chemistry?', 'This is the definition and explanation of concept 2 for Chemistry.', '2026-03-03T07:19:07.296Z');
INSERT INTO cards (id, deck_id, front, back, created_at) VALUES ('fe610ab8-4593-4cbb-b4cf-3c3fdf831195', '63965107-47e1-4499-a69a-6ea1d50af463', 'Concept 3 from Chemistry?', 'This is the definition and explanation of concept 3 for Chemistry.', '2026-03-03T07:19:07.296Z');
INSERT INTO cards (id, deck_id, front, back, created_at) VALUES ('5f56a136-4986-4ebf-9e58-d2fa6395fa22', '63965107-47e1-4499-a69a-6ea1d50af463', 'Concept 4 from Chemistry?', 'This is the definition and explanation of concept 4 for Chemistry.', '2026-03-03T07:19:07.296Z');
INSERT INTO cards (id, deck_id, front, back, created_at) VALUES ('054c603c-8c65-4b40-9ab3-71baef8aa8d4', '63965107-47e1-4499-a69a-6ea1d50af463', 'Concept 5 from Chemistry?', 'This is the definition and explanation of concept 5 for Chemistry.', '2026-03-03T07:19:07.296Z');
INSERT INTO decks (id, user_id, category_id, name, description, created_at) VALUES ('22e6cb97-b464-4926-8dae-e63f0bed0e89', NULL, '736b2a66-9968-49fa-bad8-71d424f4fb07', 'Chemistry Mastery Vol 7', 'An essential study guide covering the core concepts of Chemistry.', '2026-03-03T07:19:07.296Z');
INSERT INTO cards (id, deck_id, front, back, created_at) VALUES ('2af4aad1-bc08-4c13-82ad-db5905e9535c', '22e6cb97-b464-4926-8dae-e63f0bed0e89', 'Concept 1 from Chemistry?', 'This is the definition and explanation of concept 1 for Chemistry.', '2026-03-03T07:19:07.296Z');
INSERT INTO cards (id, deck_id, front, back, created_at) VALUES ('d832bbe1-8f8c-450c-8bc8-251b3726fe68', '22e6cb97-b464-4926-8dae-e63f0bed0e89', 'Concept 2 from Chemistry?', 'This is the definition and explanation of concept 2 for Chemistry.', '2026-03-03T07:19:07.296Z');
INSERT INTO cards (id, deck_id, front, back, created_at) VALUES ('4fa33424-a34e-4d90-a389-fc325f77002d', '22e6cb97-b464-4926-8dae-e63f0bed0e89', 'Concept 3 from Chemistry?', 'This is the definition and explanation of concept 3 for Chemistry.', '2026-03-03T07:19:07.296Z');
INSERT INTO cards (id, deck_id, front, back, created_at) VALUES ('a12edbc4-9656-4e6e-b588-705ead7491aa', '22e6cb97-b464-4926-8dae-e63f0bed0e89', 'Concept 4 from Chemistry?', 'This is the definition and explanation of concept 4 for Chemistry.', '2026-03-03T07:19:07.296Z');
INSERT INTO cards (id, deck_id, front, back, created_at) VALUES ('f6ef8593-c70b-4079-bf51-4ff947328997', '22e6cb97-b464-4926-8dae-e63f0bed0e89', 'Concept 5 from Chemistry?', 'This is the definition and explanation of concept 5 for Chemistry.', '2026-03-03T07:19:07.296Z');
INSERT INTO decks (id, user_id, category_id, name, description, created_at) VALUES ('8ba46fdb-04ec-426f-8b63-4e60ac745f33', NULL, '736b2a66-9968-49fa-bad8-71d424f4fb07', 'Chemistry Mastery Vol 8', 'An essential study guide covering the core concepts of Chemistry.', '2026-03-03T07:19:07.296Z');
INSERT INTO cards (id, deck_id, front, back, created_at) VALUES ('c1dfd6d5-04d7-4a0f-8303-7511abede2ee', '8ba46fdb-04ec-426f-8b63-4e60ac745f33', 'Concept 1 from Chemistry?', 'This is the definition and explanation of concept 1 for Chemistry.', '2026-03-03T07:19:07.296Z');
INSERT INTO cards (id, deck_id, front, back, created_at) VALUES ('c780a890-f857-4c27-bb1d-03806351927e', '8ba46fdb-04ec-426f-8b63-4e60ac745f33', 'Concept 2 from Chemistry?', 'This is the definition and explanation of concept 2 for Chemistry.', '2026-03-03T07:19:07.296Z');
INSERT INTO cards (id, deck_id, front, back, created_at) VALUES ('f7d64abb-0fed-4a81-96ac-f895fb45ed3d', '8ba46fdb-04ec-426f-8b63-4e60ac745f33', 'Concept 3 from Chemistry?', 'This is the definition and explanation of concept 3 for Chemistry.', '2026-03-03T07:19:07.296Z');
INSERT INTO cards (id, deck_id, front, back, created_at) VALUES ('2e6cbe01-465a-44d6-b1c5-75ee3605769b', '8ba46fdb-04ec-426f-8b63-4e60ac745f33', 'Concept 4 from Chemistry?', 'This is the definition and explanation of concept 4 for Chemistry.', '2026-03-03T07:19:07.296Z');
INSERT INTO cards (id, deck_id, front, back, created_at) VALUES ('4475f451-1f70-4a4f-bff3-7d781af5c738', '8ba46fdb-04ec-426f-8b63-4e60ac745f33', 'Concept 5 from Chemistry?', 'This is the definition and explanation of concept 5 for Chemistry.', '2026-03-03T07:19:07.296Z');
INSERT INTO decks (id, user_id, category_id, name, description, created_at) VALUES ('05c71967-1244-44c5-ba79-591d5303f983', NULL, '736b2a66-9968-49fa-bad8-71d424f4fb07', 'Chemistry Mastery Vol 9', 'An essential study guide covering the core concepts of Chemistry.', '2026-03-03T07:19:07.296Z');
INSERT INTO cards (id, deck_id, front, back, created_at) VALUES ('e1e1b00f-cd16-4cd5-92ca-6af4f47b7435', '05c71967-1244-44c5-ba79-591d5303f983', 'Concept 1 from Chemistry?', 'This is the definition and explanation of concept 1 for Chemistry.', '2026-03-03T07:19:07.296Z');
INSERT INTO cards (id, deck_id, front, back, created_at) VALUES ('87bb1fa3-2a11-4591-9826-0dabb7eca54a', '05c71967-1244-44c5-ba79-591d5303f983', 'Concept 2 from Chemistry?', 'This is the definition and explanation of concept 2 for Chemistry.', '2026-03-03T07:19:07.296Z');
INSERT INTO cards (id, deck_id, front, back, created_at) VALUES ('b846278d-340e-425a-ba09-fdb91ec74946', '05c71967-1244-44c5-ba79-591d5303f983', 'Concept 3 from Chemistry?', 'This is the definition and explanation of concept 3 for Chemistry.', '2026-03-03T07:19:07.296Z');
INSERT INTO cards (id, deck_id, front, back, created_at) VALUES ('9473edd6-9b15-4240-b323-6fd05b2a2009', '05c71967-1244-44c5-ba79-591d5303f983', 'Concept 4 from Chemistry?', 'This is the definition and explanation of concept 4 for Chemistry.', '2026-03-03T07:19:07.296Z');
INSERT INTO cards (id, deck_id, front, back, created_at) VALUES ('0bd933f3-f495-4cfe-97a6-450e3192c37a', '05c71967-1244-44c5-ba79-591d5303f983', 'Concept 5 from Chemistry?', 'This is the definition and explanation of concept 5 for Chemistry.', '2026-03-03T07:19:07.296Z');
INSERT INTO decks (id, user_id, category_id, name, description, created_at) VALUES ('eccaa970-93c7-4ac9-856d-fa0ac3f60c24', NULL, '736b2a66-9968-49fa-bad8-71d424f4fb07', 'Chemistry Mastery Vol 10', 'An essential study guide covering the core concepts of Chemistry.', '2026-03-03T07:19:07.296Z');
INSERT INTO cards (id, deck_id, front, back, created_at) VALUES ('65a61c29-221a-4ce2-8707-912dab18cccf', 'eccaa970-93c7-4ac9-856d-fa0ac3f60c24', 'Concept 1 from Chemistry?', 'This is the definition and explanation of concept 1 for Chemistry.', '2026-03-03T07:19:07.296Z');
INSERT INTO cards (id, deck_id, front, back, created_at) VALUES ('31a22788-cd60-44e1-9014-8e59efcfb01a', 'eccaa970-93c7-4ac9-856d-fa0ac3f60c24', 'Concept 2 from Chemistry?', 'This is the definition and explanation of concept 2 for Chemistry.', '2026-03-03T07:19:07.296Z');
INSERT INTO cards (id, deck_id, front, back, created_at) VALUES ('9791904f-a848-47e5-a3be-9b070916b392', 'eccaa970-93c7-4ac9-856d-fa0ac3f60c24', 'Concept 3 from Chemistry?', 'This is the definition and explanation of concept 3 for Chemistry.', '2026-03-03T07:19:07.296Z');
INSERT INTO cards (id, deck_id, front, back, created_at) VALUES ('d2e6d23b-3c26-4fb1-ac0f-259f7811b534', 'eccaa970-93c7-4ac9-856d-fa0ac3f60c24', 'Concept 4 from Chemistry?', 'This is the definition and explanation of concept 4 for Chemistry.', '2026-03-03T07:19:07.296Z');
INSERT INTO cards (id, deck_id, front, back, created_at) VALUES ('183a3651-656e-4b84-ab5f-2105d1a48305', 'eccaa970-93c7-4ac9-856d-fa0ac3f60c24', 'Concept 5 from Chemistry?', 'This is the definition and explanation of concept 5 for Chemistry.', '2026-03-03T07:19:07.296Z');
INSERT INTO categories (id, name, slug, icon, description, created_at) VALUES ('7d509135-79cb-4cdc-95c7-8bebc5df0946', 'Biology', 'biology', 'i-lucide-dna', 'Life sciences, anatomy, and genetics.', '2026-03-03T07:19:07.296Z');
INSERT INTO decks (id, user_id, category_id, name, description, created_at) VALUES ('4dc5c1bb-38ef-455e-96e9-160dbf28ab01', NULL, '7d509135-79cb-4cdc-95c7-8bebc5df0946', 'Biology Mastery Vol 1', 'An essential study guide covering the core concepts of Biology.', '2026-03-03T07:19:07.296Z');
INSERT INTO cards (id, deck_id, front, back, created_at) VALUES ('7f7437f9-43a5-478d-aa74-2af378414ed4', '4dc5c1bb-38ef-455e-96e9-160dbf28ab01', 'Concept 1 from Biology?', 'This is the definition and explanation of concept 1 for Biology.', '2026-03-03T07:19:07.296Z');
INSERT INTO cards (id, deck_id, front, back, created_at) VALUES ('6a9555c5-814e-4389-8003-234f98c284a9', '4dc5c1bb-38ef-455e-96e9-160dbf28ab01', 'Concept 2 from Biology?', 'This is the definition and explanation of concept 2 for Biology.', '2026-03-03T07:19:07.296Z');
INSERT INTO cards (id, deck_id, front, back, created_at) VALUES ('350f754c-1bc6-4a9b-a5af-fa67c27a0eeb', '4dc5c1bb-38ef-455e-96e9-160dbf28ab01', 'Concept 3 from Biology?', 'This is the definition and explanation of concept 3 for Biology.', '2026-03-03T07:19:07.296Z');
INSERT INTO cards (id, deck_id, front, back, created_at) VALUES ('c1f58bd9-9e75-441b-bb01-50b9d6790cb0', '4dc5c1bb-38ef-455e-96e9-160dbf28ab01', 'Concept 4 from Biology?', 'This is the definition and explanation of concept 4 for Biology.', '2026-03-03T07:19:07.296Z');
INSERT INTO cards (id, deck_id, front, back, created_at) VALUES ('d7e8185d-305a-4e47-a063-e943bd1de247', '4dc5c1bb-38ef-455e-96e9-160dbf28ab01', 'Concept 5 from Biology?', 'This is the definition and explanation of concept 5 for Biology.', '2026-03-03T07:19:07.296Z');
INSERT INTO decks (id, user_id, category_id, name, description, created_at) VALUES ('1ca7ded0-1de2-4671-a1b4-9ecc6ed42491', NULL, '7d509135-79cb-4cdc-95c7-8bebc5df0946', 'Biology Mastery Vol 2', 'An essential study guide covering the core concepts of Biology.', '2026-03-03T07:19:07.296Z');
INSERT INTO cards (id, deck_id, front, back, created_at) VALUES ('91f1f6e5-c5f1-43c8-9a8d-09f006756f56', '1ca7ded0-1de2-4671-a1b4-9ecc6ed42491', 'Concept 1 from Biology?', 'This is the definition and explanation of concept 1 for Biology.', '2026-03-03T07:19:07.296Z');
INSERT INTO cards (id, deck_id, front, back, created_at) VALUES ('a7d6ecbd-8265-470d-8c15-d213bbd651b6', '1ca7ded0-1de2-4671-a1b4-9ecc6ed42491', 'Concept 2 from Biology?', 'This is the definition and explanation of concept 2 for Biology.', '2026-03-03T07:19:07.296Z');
INSERT INTO cards (id, deck_id, front, back, created_at) VALUES ('2e4fe872-0ed7-4081-8522-a7fb1bb7e305', '1ca7ded0-1de2-4671-a1b4-9ecc6ed42491', 'Concept 3 from Biology?', 'This is the definition and explanation of concept 3 for Biology.', '2026-03-03T07:19:07.296Z');
INSERT INTO cards (id, deck_id, front, back, created_at) VALUES ('15adaa59-4e84-4ca8-9f53-7c279b317b95', '1ca7ded0-1de2-4671-a1b4-9ecc6ed42491', 'Concept 4 from Biology?', 'This is the definition and explanation of concept 4 for Biology.', '2026-03-03T07:19:07.296Z');
INSERT INTO cards (id, deck_id, front, back, created_at) VALUES ('f0fb6536-472e-4b72-be1f-763da950850b', '1ca7ded0-1de2-4671-a1b4-9ecc6ed42491', 'Concept 5 from Biology?', 'This is the definition and explanation of concept 5 for Biology.', '2026-03-03T07:19:07.296Z');
INSERT INTO decks (id, user_id, category_id, name, description, created_at) VALUES ('17de07dc-b19e-4488-a047-479fa5f70ceb', NULL, '7d509135-79cb-4cdc-95c7-8bebc5df0946', 'Biology Mastery Vol 3', 'An essential study guide covering the core concepts of Biology.', '2026-03-03T07:19:07.296Z');
INSERT INTO cards (id, deck_id, front, back, created_at) VALUES ('ccee285c-fd6a-4b99-b326-27331f8c870d', '17de07dc-b19e-4488-a047-479fa5f70ceb', 'Concept 1 from Biology?', 'This is the definition and explanation of concept 1 for Biology.', '2026-03-03T07:19:07.296Z');
INSERT INTO cards (id, deck_id, front, back, created_at) VALUES ('9ef25d1e-8ec7-4027-a6da-243c975b3460', '17de07dc-b19e-4488-a047-479fa5f70ceb', 'Concept 2 from Biology?', 'This is the definition and explanation of concept 2 for Biology.', '2026-03-03T07:19:07.296Z');
INSERT INTO cards (id, deck_id, front, back, created_at) VALUES ('9c9ff3bf-7aeb-42dc-bc7c-43f162f8c560', '17de07dc-b19e-4488-a047-479fa5f70ceb', 'Concept 3 from Biology?', 'This is the definition and explanation of concept 3 for Biology.', '2026-03-03T07:19:07.296Z');
INSERT INTO cards (id, deck_id, front, back, created_at) VALUES ('156c4bd3-8296-4586-b297-e249dd4cff96', '17de07dc-b19e-4488-a047-479fa5f70ceb', 'Concept 4 from Biology?', 'This is the definition and explanation of concept 4 for Biology.', '2026-03-03T07:19:07.296Z');
INSERT INTO cards (id, deck_id, front, back, created_at) VALUES ('9ac40ab5-3786-482e-92ee-be6a8a27761e', '17de07dc-b19e-4488-a047-479fa5f70ceb', 'Concept 5 from Biology?', 'This is the definition and explanation of concept 5 for Biology.', '2026-03-03T07:19:07.296Z');
INSERT INTO decks (id, user_id, category_id, name, description, created_at) VALUES ('2e944e72-0a28-4517-904d-b791fc8fd4fe', NULL, '7d509135-79cb-4cdc-95c7-8bebc5df0946', 'Biology Mastery Vol 4', 'An essential study guide covering the core concepts of Biology.', '2026-03-03T07:19:07.296Z');
INSERT INTO cards (id, deck_id, front, back, created_at) VALUES ('b26b90bf-8194-45cc-b520-7508effbe8f3', '2e944e72-0a28-4517-904d-b791fc8fd4fe', 'Concept 1 from Biology?', 'This is the definition and explanation of concept 1 for Biology.', '2026-03-03T07:19:07.296Z');
INSERT INTO cards (id, deck_id, front, back, created_at) VALUES ('b1c693fa-a196-4b77-b964-39b9d64ac1e1', '2e944e72-0a28-4517-904d-b791fc8fd4fe', 'Concept 2 from Biology?', 'This is the definition and explanation of concept 2 for Biology.', '2026-03-03T07:19:07.296Z');
INSERT INTO cards (id, deck_id, front, back, created_at) VALUES ('227a8e91-ba41-4cb0-a9cd-84b7e4bafafc', '2e944e72-0a28-4517-904d-b791fc8fd4fe', 'Concept 3 from Biology?', 'This is the definition and explanation of concept 3 for Biology.', '2026-03-03T07:19:07.296Z');
INSERT INTO cards (id, deck_id, front, back, created_at) VALUES ('fed07422-7d7b-471e-b584-3dee264c9b95', '2e944e72-0a28-4517-904d-b791fc8fd4fe', 'Concept 4 from Biology?', 'This is the definition and explanation of concept 4 for Biology.', '2026-03-03T07:19:07.296Z');
INSERT INTO cards (id, deck_id, front, back, created_at) VALUES ('b9dece49-d458-4d56-83ba-f8a6802dad57', '2e944e72-0a28-4517-904d-b791fc8fd4fe', 'Concept 5 from Biology?', 'This is the definition and explanation of concept 5 for Biology.', '2026-03-03T07:19:07.296Z');
INSERT INTO decks (id, user_id, category_id, name, description, created_at) VALUES ('fd87e8ed-e5c1-47d9-8153-641bd407d966', NULL, '7d509135-79cb-4cdc-95c7-8bebc5df0946', 'Biology Mastery Vol 5', 'An essential study guide covering the core concepts of Biology.', '2026-03-03T07:19:07.296Z');
INSERT INTO cards (id, deck_id, front, back, created_at) VALUES ('f55cb60d-8cb2-464c-842b-1c9f5c5fffa1', 'fd87e8ed-e5c1-47d9-8153-641bd407d966', 'Concept 1 from Biology?', 'This is the definition and explanation of concept 1 for Biology.', '2026-03-03T07:19:07.296Z');
INSERT INTO cards (id, deck_id, front, back, created_at) VALUES ('1f296849-8a94-4cc6-a16a-fe4ed6170808', 'fd87e8ed-e5c1-47d9-8153-641bd407d966', 'Concept 2 from Biology?', 'This is the definition and explanation of concept 2 for Biology.', '2026-03-03T07:19:07.296Z');
INSERT INTO cards (id, deck_id, front, back, created_at) VALUES ('1090484a-e3f0-4d10-9ddd-d71a6275f93f', 'fd87e8ed-e5c1-47d9-8153-641bd407d966', 'Concept 3 from Biology?', 'This is the definition and explanation of concept 3 for Biology.', '2026-03-03T07:19:07.296Z');
INSERT INTO cards (id, deck_id, front, back, created_at) VALUES ('9d87c9b6-980a-40fb-8e48-1676cf93391f', 'fd87e8ed-e5c1-47d9-8153-641bd407d966', 'Concept 4 from Biology?', 'This is the definition and explanation of concept 4 for Biology.', '2026-03-03T07:19:07.296Z');
INSERT INTO cards (id, deck_id, front, back, created_at) VALUES ('595c6b77-ef62-4610-b5a2-fa6d61ce5e02', 'fd87e8ed-e5c1-47d9-8153-641bd407d966', 'Concept 5 from Biology?', 'This is the definition and explanation of concept 5 for Biology.', '2026-03-03T07:19:07.296Z');
INSERT INTO decks (id, user_id, category_id, name, description, created_at) VALUES ('86bd40a9-775b-432b-a548-ebb5879b2eb8', NULL, '7d509135-79cb-4cdc-95c7-8bebc5df0946', 'Biology Mastery Vol 6', 'An essential study guide covering the core concepts of Biology.', '2026-03-03T07:19:07.296Z');
INSERT INTO cards (id, deck_id, front, back, created_at) VALUES ('017d7d19-6e43-4d23-9e71-3d2e34de9fca', '86bd40a9-775b-432b-a548-ebb5879b2eb8', 'Concept 1 from Biology?', 'This is the definition and explanation of concept 1 for Biology.', '2026-03-03T07:19:07.296Z');
INSERT INTO cards (id, deck_id, front, back, created_at) VALUES ('f7eead22-8e8a-47d6-8f60-bc6546d88969', '86bd40a9-775b-432b-a548-ebb5879b2eb8', 'Concept 2 from Biology?', 'This is the definition and explanation of concept 2 for Biology.', '2026-03-03T07:19:07.296Z');
INSERT INTO cards (id, deck_id, front, back, created_at) VALUES ('517bf5e3-ce36-4253-8460-8069a179df2f', '86bd40a9-775b-432b-a548-ebb5879b2eb8', 'Concept 3 from Biology?', 'This is the definition and explanation of concept 3 for Biology.', '2026-03-03T07:19:07.296Z');
INSERT INTO cards (id, deck_id, front, back, created_at) VALUES ('67f122d8-fb73-40df-a2be-11a7f706e559', '86bd40a9-775b-432b-a548-ebb5879b2eb8', 'Concept 4 from Biology?', 'This is the definition and explanation of concept 4 for Biology.', '2026-03-03T07:19:07.296Z');
INSERT INTO cards (id, deck_id, front, back, created_at) VALUES ('1cf7e0a5-fb08-4c3e-b111-f3475aa309bf', '86bd40a9-775b-432b-a548-ebb5879b2eb8', 'Concept 5 from Biology?', 'This is the definition and explanation of concept 5 for Biology.', '2026-03-03T07:19:07.296Z');
INSERT INTO decks (id, user_id, category_id, name, description, created_at) VALUES ('2306808c-f8da-47e5-9a37-5da081e0a131', NULL, '7d509135-79cb-4cdc-95c7-8bebc5df0946', 'Biology Mastery Vol 7', 'An essential study guide covering the core concepts of Biology.', '2026-03-03T07:19:07.296Z');
INSERT INTO cards (id, deck_id, front, back, created_at) VALUES ('161ef328-15ea-45f6-8db7-1158e0f214df', '2306808c-f8da-47e5-9a37-5da081e0a131', 'Concept 1 from Biology?', 'This is the definition and explanation of concept 1 for Biology.', '2026-03-03T07:19:07.296Z');
INSERT INTO cards (id, deck_id, front, back, created_at) VALUES ('44066e94-cf5f-49c8-a6e1-3381481cadf5', '2306808c-f8da-47e5-9a37-5da081e0a131', 'Concept 2 from Biology?', 'This is the definition and explanation of concept 2 for Biology.', '2026-03-03T07:19:07.296Z');
INSERT INTO cards (id, deck_id, front, back, created_at) VALUES ('7b708fc9-a5f7-45b1-88cd-c587c80be50b', '2306808c-f8da-47e5-9a37-5da081e0a131', 'Concept 3 from Biology?', 'This is the definition and explanation of concept 3 for Biology.', '2026-03-03T07:19:07.296Z');
INSERT INTO cards (id, deck_id, front, back, created_at) VALUES ('4c2ceb17-132b-497c-abdb-b247e80597d4', '2306808c-f8da-47e5-9a37-5da081e0a131', 'Concept 4 from Biology?', 'This is the definition and explanation of concept 4 for Biology.', '2026-03-03T07:19:07.296Z');
INSERT INTO cards (id, deck_id, front, back, created_at) VALUES ('9952a37a-da33-4f89-94ca-07979dad4ece', '2306808c-f8da-47e5-9a37-5da081e0a131', 'Concept 5 from Biology?', 'This is the definition and explanation of concept 5 for Biology.', '2026-03-03T07:19:07.296Z');
INSERT INTO decks (id, user_id, category_id, name, description, created_at) VALUES ('0d4073be-5f93-49d7-aae1-1000ec66042c', NULL, '7d509135-79cb-4cdc-95c7-8bebc5df0946', 'Biology Mastery Vol 8', 'An essential study guide covering the core concepts of Biology.', '2026-03-03T07:19:07.296Z');
INSERT INTO cards (id, deck_id, front, back, created_at) VALUES ('336e9413-6044-4b5e-85a4-6b5faecf729e', '0d4073be-5f93-49d7-aae1-1000ec66042c', 'Concept 1 from Biology?', 'This is the definition and explanation of concept 1 for Biology.', '2026-03-03T07:19:07.296Z');
INSERT INTO cards (id, deck_id, front, back, created_at) VALUES ('7798a37c-ef23-47ba-883a-344a72e3adec', '0d4073be-5f93-49d7-aae1-1000ec66042c', 'Concept 2 from Biology?', 'This is the definition and explanation of concept 2 for Biology.', '2026-03-03T07:19:07.296Z');
INSERT INTO cards (id, deck_id, front, back, created_at) VALUES ('45ac7a64-d1dc-4d39-b62a-6c2e2a66dbf3', '0d4073be-5f93-49d7-aae1-1000ec66042c', 'Concept 3 from Biology?', 'This is the definition and explanation of concept 3 for Biology.', '2026-03-03T07:19:07.296Z');
INSERT INTO cards (id, deck_id, front, back, created_at) VALUES ('1de4d808-4557-4221-b537-6351a7fc1097', '0d4073be-5f93-49d7-aae1-1000ec66042c', 'Concept 4 from Biology?', 'This is the definition and explanation of concept 4 for Biology.', '2026-03-03T07:19:07.296Z');
INSERT INTO cards (id, deck_id, front, back, created_at) VALUES ('bcaa8f09-b23e-4bf3-b5ff-827549edb513', '0d4073be-5f93-49d7-aae1-1000ec66042c', 'Concept 5 from Biology?', 'This is the definition and explanation of concept 5 for Biology.', '2026-03-03T07:19:07.296Z');
INSERT INTO decks (id, user_id, category_id, name, description, created_at) VALUES ('68775c6e-f13f-4f44-9499-45bd236c3c05', NULL, '7d509135-79cb-4cdc-95c7-8bebc5df0946', 'Biology Mastery Vol 9', 'An essential study guide covering the core concepts of Biology.', '2026-03-03T07:19:07.296Z');
INSERT INTO cards (id, deck_id, front, back, created_at) VALUES ('a4685dc4-87c2-4b0b-af3d-852dcb9df1ab', '68775c6e-f13f-4f44-9499-45bd236c3c05', 'Concept 1 from Biology?', 'This is the definition and explanation of concept 1 for Biology.', '2026-03-03T07:19:07.296Z');
INSERT INTO cards (id, deck_id, front, back, created_at) VALUES ('30f4c3fb-096e-475b-80ba-ef78a95f9da4', '68775c6e-f13f-4f44-9499-45bd236c3c05', 'Concept 2 from Biology?', 'This is the definition and explanation of concept 2 for Biology.', '2026-03-03T07:19:07.296Z');
INSERT INTO cards (id, deck_id, front, back, created_at) VALUES ('1c24d6f2-5c56-4a82-b785-ff031a81e523', '68775c6e-f13f-4f44-9499-45bd236c3c05', 'Concept 3 from Biology?', 'This is the definition and explanation of concept 3 for Biology.', '2026-03-03T07:19:07.296Z');
INSERT INTO cards (id, deck_id, front, back, created_at) VALUES ('e0a468e3-aa77-4578-9bad-8d7907bb2046', '68775c6e-f13f-4f44-9499-45bd236c3c05', 'Concept 4 from Biology?', 'This is the definition and explanation of concept 4 for Biology.', '2026-03-03T07:19:07.296Z');
INSERT INTO cards (id, deck_id, front, back, created_at) VALUES ('cbc850ea-f8de-4f08-914f-ba6c7977c6e9', '68775c6e-f13f-4f44-9499-45bd236c3c05', 'Concept 5 from Biology?', 'This is the definition and explanation of concept 5 for Biology.', '2026-03-03T07:19:07.296Z');
INSERT INTO decks (id, user_id, category_id, name, description, created_at) VALUES ('559e97a9-a3c6-4f0a-a4a8-4f13f4fcc654', NULL, '7d509135-79cb-4cdc-95c7-8bebc5df0946', 'Biology Mastery Vol 10', 'An essential study guide covering the core concepts of Biology.', '2026-03-03T07:19:07.296Z');
INSERT INTO cards (id, deck_id, front, back, created_at) VALUES ('b9705da2-f11b-4142-a10d-4e5e1d5ac3c4', '559e97a9-a3c6-4f0a-a4a8-4f13f4fcc654', 'Concept 1 from Biology?', 'This is the definition and explanation of concept 1 for Biology.', '2026-03-03T07:19:07.296Z');
INSERT INTO cards (id, deck_id, front, back, created_at) VALUES ('7e974c26-8f1a-4bd2-8e5c-55549b2b85e1', '559e97a9-a3c6-4f0a-a4a8-4f13f4fcc654', 'Concept 2 from Biology?', 'This is the definition and explanation of concept 2 for Biology.', '2026-03-03T07:19:07.296Z');
INSERT INTO cards (id, deck_id, front, back, created_at) VALUES ('484456e7-cd9d-4cb0-a7bc-f594971f3d16', '559e97a9-a3c6-4f0a-a4a8-4f13f4fcc654', 'Concept 3 from Biology?', 'This is the definition and explanation of concept 3 for Biology.', '2026-03-03T07:19:07.296Z');
INSERT INTO cards (id, deck_id, front, back, created_at) VALUES ('a526e22d-3571-44ed-9c04-2b7fa7b51622', '559e97a9-a3c6-4f0a-a4a8-4f13f4fcc654', 'Concept 4 from Biology?', 'This is the definition and explanation of concept 4 for Biology.', '2026-03-03T07:19:07.296Z');
INSERT INTO cards (id, deck_id, front, back, created_at) VALUES ('f7234891-52b2-4ded-9539-e08dbb1d09e6', '559e97a9-a3c6-4f0a-a4a8-4f13f4fcc654', 'Concept 5 from Biology?', 'This is the definition and explanation of concept 5 for Biology.', '2026-03-03T07:19:07.296Z');
INSERT INTO categories (id, name, slug, icon, description, created_at) VALUES ('92ae1910-f56f-4e10-8a32-52382b8cfb81', 'Medicine', 'medicine', 'i-lucide-stethoscope', 'Anatomy, diseases, and treatments.', '2026-03-03T07:19:07.296Z');
INSERT INTO decks (id, user_id, category_id, name, description, created_at) VALUES ('0ee84351-64c4-4244-885e-8fc6bdf5bc9b', NULL, '92ae1910-f56f-4e10-8a32-52382b8cfb81', 'Medicine Mastery Vol 1', 'An essential study guide covering the core concepts of Medicine.', '2026-03-03T07:19:07.296Z');
INSERT INTO cards (id, deck_id, front, back, created_at) VALUES ('31686df6-bdda-4c5d-9a25-8fc4fad3b0d2', '0ee84351-64c4-4244-885e-8fc6bdf5bc9b', 'Concept 1 from Medicine?', 'This is the definition and explanation of concept 1 for Medicine.', '2026-03-03T07:19:07.296Z');
INSERT INTO cards (id, deck_id, front, back, created_at) VALUES ('062ab3c6-90d2-4a63-9bee-0346826f21b9', '0ee84351-64c4-4244-885e-8fc6bdf5bc9b', 'Concept 2 from Medicine?', 'This is the definition and explanation of concept 2 for Medicine.', '2026-03-03T07:19:07.296Z');
INSERT INTO cards (id, deck_id, front, back, created_at) VALUES ('118e8be6-9106-431a-bdc2-862cdfac1e3e', '0ee84351-64c4-4244-885e-8fc6bdf5bc9b', 'Concept 3 from Medicine?', 'This is the definition and explanation of concept 3 for Medicine.', '2026-03-03T07:19:07.296Z');
INSERT INTO cards (id, deck_id, front, back, created_at) VALUES ('618d1197-64cc-469a-b9cc-7ed4f4111176', '0ee84351-64c4-4244-885e-8fc6bdf5bc9b', 'Concept 4 from Medicine?', 'This is the definition and explanation of concept 4 for Medicine.', '2026-03-03T07:19:07.296Z');
INSERT INTO cards (id, deck_id, front, back, created_at) VALUES ('62c30d57-a730-44c6-884d-c206b9f127ff', '0ee84351-64c4-4244-885e-8fc6bdf5bc9b', 'Concept 5 from Medicine?', 'This is the definition and explanation of concept 5 for Medicine.', '2026-03-03T07:19:07.296Z');
INSERT INTO decks (id, user_id, category_id, name, description, created_at) VALUES ('7890427d-5167-446b-9c3c-ff665054ecaf', NULL, '92ae1910-f56f-4e10-8a32-52382b8cfb81', 'Medicine Mastery Vol 2', 'An essential study guide covering the core concepts of Medicine.', '2026-03-03T07:19:07.296Z');
INSERT INTO cards (id, deck_id, front, back, created_at) VALUES ('f5e37fb7-6676-4b89-82f2-986512338ec7', '7890427d-5167-446b-9c3c-ff665054ecaf', 'Concept 1 from Medicine?', 'This is the definition and explanation of concept 1 for Medicine.', '2026-03-03T07:19:07.296Z');
INSERT INTO cards (id, deck_id, front, back, created_at) VALUES ('e63ebf0f-3313-4293-9845-ae7e83d296b4', '7890427d-5167-446b-9c3c-ff665054ecaf', 'Concept 2 from Medicine?', 'This is the definition and explanation of concept 2 for Medicine.', '2026-03-03T07:19:07.296Z');
INSERT INTO cards (id, deck_id, front, back, created_at) VALUES ('5231c6c2-0ea4-4473-9ecd-8c09180316ae', '7890427d-5167-446b-9c3c-ff665054ecaf', 'Concept 3 from Medicine?', 'This is the definition and explanation of concept 3 for Medicine.', '2026-03-03T07:19:07.296Z');
INSERT INTO cards (id, deck_id, front, back, created_at) VALUES ('aac9ce1c-556d-45e7-8100-a480540761af', '7890427d-5167-446b-9c3c-ff665054ecaf', 'Concept 4 from Medicine?', 'This is the definition and explanation of concept 4 for Medicine.', '2026-03-03T07:19:07.296Z');
INSERT INTO cards (id, deck_id, front, back, created_at) VALUES ('3bd91d04-aed7-42c7-af55-5ad90042c4b6', '7890427d-5167-446b-9c3c-ff665054ecaf', 'Concept 5 from Medicine?', 'This is the definition and explanation of concept 5 for Medicine.', '2026-03-03T07:19:07.296Z');
INSERT INTO decks (id, user_id, category_id, name, description, created_at) VALUES ('c3d52495-1324-4d5e-a856-dc057d761928', NULL, '92ae1910-f56f-4e10-8a32-52382b8cfb81', 'Medicine Mastery Vol 3', 'An essential study guide covering the core concepts of Medicine.', '2026-03-03T07:19:07.296Z');
INSERT INTO cards (id, deck_id, front, back, created_at) VALUES ('04dfcb3a-c12d-4b0c-9445-7357f5d7a773', 'c3d52495-1324-4d5e-a856-dc057d761928', 'Concept 1 from Medicine?', 'This is the definition and explanation of concept 1 for Medicine.', '2026-03-03T07:19:07.296Z');
INSERT INTO cards (id, deck_id, front, back, created_at) VALUES ('bc0bce51-0a75-4660-959d-167c3f652125', 'c3d52495-1324-4d5e-a856-dc057d761928', 'Concept 2 from Medicine?', 'This is the definition and explanation of concept 2 for Medicine.', '2026-03-03T07:19:07.296Z');
INSERT INTO cards (id, deck_id, front, back, created_at) VALUES ('c30ec284-3215-4721-ad6e-a446f98e2250', 'c3d52495-1324-4d5e-a856-dc057d761928', 'Concept 3 from Medicine?', 'This is the definition and explanation of concept 3 for Medicine.', '2026-03-03T07:19:07.296Z');
INSERT INTO cards (id, deck_id, front, back, created_at) VALUES ('4e43c7ba-bcd6-430d-b433-09a798bb03a7', 'c3d52495-1324-4d5e-a856-dc057d761928', 'Concept 4 from Medicine?', 'This is the definition and explanation of concept 4 for Medicine.', '2026-03-03T07:19:07.296Z');
INSERT INTO cards (id, deck_id, front, back, created_at) VALUES ('136b4f99-0036-4fdb-bb00-9b058bcae808', 'c3d52495-1324-4d5e-a856-dc057d761928', 'Concept 5 from Medicine?', 'This is the definition and explanation of concept 5 for Medicine.', '2026-03-03T07:19:07.296Z');
INSERT INTO decks (id, user_id, category_id, name, description, created_at) VALUES ('86e82c0d-4f03-4698-94f7-73cf2cd6eb15', NULL, '92ae1910-f56f-4e10-8a32-52382b8cfb81', 'Medicine Mastery Vol 4', 'An essential study guide covering the core concepts of Medicine.', '2026-03-03T07:19:07.296Z');
INSERT INTO cards (id, deck_id, front, back, created_at) VALUES ('20677fac-a16f-4f8f-92c0-31ad225f4fe9', '86e82c0d-4f03-4698-94f7-73cf2cd6eb15', 'Concept 1 from Medicine?', 'This is the definition and explanation of concept 1 for Medicine.', '2026-03-03T07:19:07.296Z');
INSERT INTO cards (id, deck_id, front, back, created_at) VALUES ('685bd852-3d1e-4325-b3e0-4e3f948cc329', '86e82c0d-4f03-4698-94f7-73cf2cd6eb15', 'Concept 2 from Medicine?', 'This is the definition and explanation of concept 2 for Medicine.', '2026-03-03T07:19:07.296Z');
INSERT INTO cards (id, deck_id, front, back, created_at) VALUES ('531ce6ee-d6f2-4524-8547-8823b60b389a', '86e82c0d-4f03-4698-94f7-73cf2cd6eb15', 'Concept 3 from Medicine?', 'This is the definition and explanation of concept 3 for Medicine.', '2026-03-03T07:19:07.296Z');
INSERT INTO cards (id, deck_id, front, back, created_at) VALUES ('8b395fa8-bfe4-4fc4-ab40-03f94fdb5d56', '86e82c0d-4f03-4698-94f7-73cf2cd6eb15', 'Concept 4 from Medicine?', 'This is the definition and explanation of concept 4 for Medicine.', '2026-03-03T07:19:07.296Z');
INSERT INTO cards (id, deck_id, front, back, created_at) VALUES ('39efc10f-50ca-454f-8539-f51b0a47144a', '86e82c0d-4f03-4698-94f7-73cf2cd6eb15', 'Concept 5 from Medicine?', 'This is the definition and explanation of concept 5 for Medicine.', '2026-03-03T07:19:07.296Z');
INSERT INTO decks (id, user_id, category_id, name, description, created_at) VALUES ('14b0f8d9-42a1-44f8-a24a-c386323b353f', NULL, '92ae1910-f56f-4e10-8a32-52382b8cfb81', 'Medicine Mastery Vol 5', 'An essential study guide covering the core concepts of Medicine.', '2026-03-03T07:19:07.296Z');
INSERT INTO cards (id, deck_id, front, back, created_at) VALUES ('0c0a5199-2f3b-4fef-9c37-0f22a4a5b722', '14b0f8d9-42a1-44f8-a24a-c386323b353f', 'Concept 1 from Medicine?', 'This is the definition and explanation of concept 1 for Medicine.', '2026-03-03T07:19:07.296Z');
INSERT INTO cards (id, deck_id, front, back, created_at) VALUES ('ba21e08a-6d6a-4608-b3c5-f6bf82e79a58', '14b0f8d9-42a1-44f8-a24a-c386323b353f', 'Concept 2 from Medicine?', 'This is the definition and explanation of concept 2 for Medicine.', '2026-03-03T07:19:07.296Z');
INSERT INTO cards (id, deck_id, front, back, created_at) VALUES ('c35f9a44-7cdb-4356-b9b3-3448086e5bb1', '14b0f8d9-42a1-44f8-a24a-c386323b353f', 'Concept 3 from Medicine?', 'This is the definition and explanation of concept 3 for Medicine.', '2026-03-03T07:19:07.296Z');
INSERT INTO cards (id, deck_id, front, back, created_at) VALUES ('2b6aef45-0416-477a-8c70-52f3dbc9cab5', '14b0f8d9-42a1-44f8-a24a-c386323b353f', 'Concept 4 from Medicine?', 'This is the definition and explanation of concept 4 for Medicine.', '2026-03-03T07:19:07.296Z');
INSERT INTO cards (id, deck_id, front, back, created_at) VALUES ('e3d1327b-3a3c-4ff0-ac07-4b71c45a77a4', '14b0f8d9-42a1-44f8-a24a-c386323b353f', 'Concept 5 from Medicine?', 'This is the definition and explanation of concept 5 for Medicine.', '2026-03-03T07:19:07.296Z');
INSERT INTO decks (id, user_id, category_id, name, description, created_at) VALUES ('daece5e1-b5f0-45e9-a58c-e1ab3bad2f1c', NULL, '92ae1910-f56f-4e10-8a32-52382b8cfb81', 'Medicine Mastery Vol 6', 'An essential study guide covering the core concepts of Medicine.', '2026-03-03T07:19:07.296Z');
INSERT INTO cards (id, deck_id, front, back, created_at) VALUES ('80471b8c-6329-40b6-8229-e78c500c0ddc', 'daece5e1-b5f0-45e9-a58c-e1ab3bad2f1c', 'Concept 1 from Medicine?', 'This is the definition and explanation of concept 1 for Medicine.', '2026-03-03T07:19:07.296Z');
INSERT INTO cards (id, deck_id, front, back, created_at) VALUES ('c039c371-1a34-4cfd-95f7-fd849f707d43', 'daece5e1-b5f0-45e9-a58c-e1ab3bad2f1c', 'Concept 2 from Medicine?', 'This is the definition and explanation of concept 2 for Medicine.', '2026-03-03T07:19:07.296Z');
INSERT INTO cards (id, deck_id, front, back, created_at) VALUES ('7347a3be-d7a0-4729-9edc-313f0270dccc', 'daece5e1-b5f0-45e9-a58c-e1ab3bad2f1c', 'Concept 3 from Medicine?', 'This is the definition and explanation of concept 3 for Medicine.', '2026-03-03T07:19:07.296Z');
INSERT INTO cards (id, deck_id, front, back, created_at) VALUES ('5b27afe2-12a6-4edc-8e5d-6b7dcf32df82', 'daece5e1-b5f0-45e9-a58c-e1ab3bad2f1c', 'Concept 4 from Medicine?', 'This is the definition and explanation of concept 4 for Medicine.', '2026-03-03T07:19:07.296Z');
INSERT INTO cards (id, deck_id, front, back, created_at) VALUES ('338a0d3d-0033-4754-95d7-074d481c8e07', 'daece5e1-b5f0-45e9-a58c-e1ab3bad2f1c', 'Concept 5 from Medicine?', 'This is the definition and explanation of concept 5 for Medicine.', '2026-03-03T07:19:07.296Z');
INSERT INTO decks (id, user_id, category_id, name, description, created_at) VALUES ('fc5dd517-c433-407a-a820-949fb0c3b9d8', NULL, '92ae1910-f56f-4e10-8a32-52382b8cfb81', 'Medicine Mastery Vol 7', 'An essential study guide covering the core concepts of Medicine.', '2026-03-03T07:19:07.296Z');
INSERT INTO cards (id, deck_id, front, back, created_at) VALUES ('7485b561-d69a-4460-82a5-0dbce85285d3', 'fc5dd517-c433-407a-a820-949fb0c3b9d8', 'Concept 1 from Medicine?', 'This is the definition and explanation of concept 1 for Medicine.', '2026-03-03T07:19:07.296Z');
INSERT INTO cards (id, deck_id, front, back, created_at) VALUES ('58769381-f1ce-4f26-bbc9-88b714377eae', 'fc5dd517-c433-407a-a820-949fb0c3b9d8', 'Concept 2 from Medicine?', 'This is the definition and explanation of concept 2 for Medicine.', '2026-03-03T07:19:07.296Z');
INSERT INTO cards (id, deck_id, front, back, created_at) VALUES ('ddc7495f-5ee8-4370-9872-6efc9bbea942', 'fc5dd517-c433-407a-a820-949fb0c3b9d8', 'Concept 3 from Medicine?', 'This is the definition and explanation of concept 3 for Medicine.', '2026-03-03T07:19:07.296Z');
INSERT INTO cards (id, deck_id, front, back, created_at) VALUES ('f21d7241-5177-44b7-a9a8-97767db65834', 'fc5dd517-c433-407a-a820-949fb0c3b9d8', 'Concept 4 from Medicine?', 'This is the definition and explanation of concept 4 for Medicine.', '2026-03-03T07:19:07.296Z');
INSERT INTO cards (id, deck_id, front, back, created_at) VALUES ('b0a3bfce-a59e-4d34-98b1-5187fd4c08f1', 'fc5dd517-c433-407a-a820-949fb0c3b9d8', 'Concept 5 from Medicine?', 'This is the definition and explanation of concept 5 for Medicine.', '2026-03-03T07:19:07.296Z');
INSERT INTO decks (id, user_id, category_id, name, description, created_at) VALUES ('22e6685c-28e9-4e25-b8fa-3ab128add4e8', NULL, '92ae1910-f56f-4e10-8a32-52382b8cfb81', 'Medicine Mastery Vol 8', 'An essential study guide covering the core concepts of Medicine.', '2026-03-03T07:19:07.296Z');
INSERT INTO cards (id, deck_id, front, back, created_at) VALUES ('a89caed2-3a18-46cb-b6c2-f4b08eedee61', '22e6685c-28e9-4e25-b8fa-3ab128add4e8', 'Concept 1 from Medicine?', 'This is the definition and explanation of concept 1 for Medicine.', '2026-03-03T07:19:07.296Z');
INSERT INTO cards (id, deck_id, front, back, created_at) VALUES ('e309f0aa-add4-4dfc-b322-acc796652aee', '22e6685c-28e9-4e25-b8fa-3ab128add4e8', 'Concept 2 from Medicine?', 'This is the definition and explanation of concept 2 for Medicine.', '2026-03-03T07:19:07.296Z');
INSERT INTO cards (id, deck_id, front, back, created_at) VALUES ('05774717-52aa-4b80-95e8-1d63fa6da9b5', '22e6685c-28e9-4e25-b8fa-3ab128add4e8', 'Concept 3 from Medicine?', 'This is the definition and explanation of concept 3 for Medicine.', '2026-03-03T07:19:07.296Z');
INSERT INTO cards (id, deck_id, front, back, created_at) VALUES ('b48a7a5a-8460-41aa-b201-25ae54a8e183', '22e6685c-28e9-4e25-b8fa-3ab128add4e8', 'Concept 4 from Medicine?', 'This is the definition and explanation of concept 4 for Medicine.', '2026-03-03T07:19:07.296Z');
INSERT INTO cards (id, deck_id, front, back, created_at) VALUES ('9e54e407-c0f8-4a60-95a1-c424769a2775', '22e6685c-28e9-4e25-b8fa-3ab128add4e8', 'Concept 5 from Medicine?', 'This is the definition and explanation of concept 5 for Medicine.', '2026-03-03T07:19:07.296Z');
INSERT INTO decks (id, user_id, category_id, name, description, created_at) VALUES ('d3124f7a-47da-4c6d-986f-736dcb54a6e0', NULL, '92ae1910-f56f-4e10-8a32-52382b8cfb81', 'Medicine Mastery Vol 9', 'An essential study guide covering the core concepts of Medicine.', '2026-03-03T07:19:07.296Z');
INSERT INTO cards (id, deck_id, front, back, created_at) VALUES ('ac838914-3ebe-4abb-92e1-931c1aa7185c', 'd3124f7a-47da-4c6d-986f-736dcb54a6e0', 'Concept 1 from Medicine?', 'This is the definition and explanation of concept 1 for Medicine.', '2026-03-03T07:19:07.296Z');
INSERT INTO cards (id, deck_id, front, back, created_at) VALUES ('3316cb90-c416-46a1-8b0d-d50521cc3040', 'd3124f7a-47da-4c6d-986f-736dcb54a6e0', 'Concept 2 from Medicine?', 'This is the definition and explanation of concept 2 for Medicine.', '2026-03-03T07:19:07.296Z');
INSERT INTO cards (id, deck_id, front, back, created_at) VALUES ('327918f5-57f6-4c0d-9c2d-abb480a9783e', 'd3124f7a-47da-4c6d-986f-736dcb54a6e0', 'Concept 3 from Medicine?', 'This is the definition and explanation of concept 3 for Medicine.', '2026-03-03T07:19:07.296Z');
INSERT INTO cards (id, deck_id, front, back, created_at) VALUES ('8a3911fd-98d7-4441-9283-efe1c630da1b', 'd3124f7a-47da-4c6d-986f-736dcb54a6e0', 'Concept 4 from Medicine?', 'This is the definition and explanation of concept 4 for Medicine.', '2026-03-03T07:19:07.296Z');
INSERT INTO cards (id, deck_id, front, back, created_at) VALUES ('53dcc565-d06a-479e-8418-8d2f3b41ae73', 'd3124f7a-47da-4c6d-986f-736dcb54a6e0', 'Concept 5 from Medicine?', 'This is the definition and explanation of concept 5 for Medicine.', '2026-03-03T07:19:07.296Z');
INSERT INTO decks (id, user_id, category_id, name, description, created_at) VALUES ('59045b7e-56e9-42c8-9835-36e593ac2bcc', NULL, '92ae1910-f56f-4e10-8a32-52382b8cfb81', 'Medicine Mastery Vol 10', 'An essential study guide covering the core concepts of Medicine.', '2026-03-03T07:19:07.296Z');
INSERT INTO cards (id, deck_id, front, back, created_at) VALUES ('f9c8d4c3-c120-49d6-81c2-a20042f272e6', '59045b7e-56e9-42c8-9835-36e593ac2bcc', 'Concept 1 from Medicine?', 'This is the definition and explanation of concept 1 for Medicine.', '2026-03-03T07:19:07.296Z');
INSERT INTO cards (id, deck_id, front, back, created_at) VALUES ('ebfa18ba-b3ae-4163-b82e-ba13f85a9c33', '59045b7e-56e9-42c8-9835-36e593ac2bcc', 'Concept 2 from Medicine?', 'This is the definition and explanation of concept 2 for Medicine.', '2026-03-03T07:19:07.296Z');
INSERT INTO cards (id, deck_id, front, back, created_at) VALUES ('55632078-77d5-4ab1-937e-f8fe5bb84850', '59045b7e-56e9-42c8-9835-36e593ac2bcc', 'Concept 3 from Medicine?', 'This is the definition and explanation of concept 3 for Medicine.', '2026-03-03T07:19:07.296Z');
INSERT INTO cards (id, deck_id, front, back, created_at) VALUES ('6418ce03-cb1e-4715-b4e6-6256a148cd7a', '59045b7e-56e9-42c8-9835-36e593ac2bcc', 'Concept 4 from Medicine?', 'This is the definition and explanation of concept 4 for Medicine.', '2026-03-03T07:19:07.296Z');
INSERT INTO cards (id, deck_id, front, back, created_at) VALUES ('a652f177-89ac-41be-9cab-17027a3477b5', '59045b7e-56e9-42c8-9835-36e593ac2bcc', 'Concept 5 from Medicine?', 'This is the definition and explanation of concept 5 for Medicine.', '2026-03-03T07:19:07.296Z');
INSERT INTO categories (id, name, slug, icon, description, created_at) VALUES ('c3544f02-5fc2-49b6-8969-12d4306d1b9f', 'World History', 'world-history', 'i-lucide-globe', 'Global events and historical figures.', '2026-03-03T07:19:07.296Z');
INSERT INTO decks (id, user_id, category_id, name, description, created_at) VALUES ('12b01255-0e1e-4913-ba06-c80727f3e9f2', NULL, 'c3544f02-5fc2-49b6-8969-12d4306d1b9f', 'World History Mastery Vol 1', 'An essential study guide covering the core concepts of World History.', '2026-03-03T07:19:07.296Z');
INSERT INTO cards (id, deck_id, front, back, created_at) VALUES ('cfa37f64-6c05-4369-b37f-66f6ee2b3b49', '12b01255-0e1e-4913-ba06-c80727f3e9f2', 'Concept 1 from World History?', 'This is the definition and explanation of concept 1 for World History.', '2026-03-03T07:19:07.296Z');
INSERT INTO cards (id, deck_id, front, back, created_at) VALUES ('c4be37ea-5086-4de1-8342-6d2ec968e50f', '12b01255-0e1e-4913-ba06-c80727f3e9f2', 'Concept 2 from World History?', 'This is the definition and explanation of concept 2 for World History.', '2026-03-03T07:19:07.296Z');
INSERT INTO cards (id, deck_id, front, back, created_at) VALUES ('da08b314-1de6-469e-bbea-a220118b73bb', '12b01255-0e1e-4913-ba06-c80727f3e9f2', 'Concept 3 from World History?', 'This is the definition and explanation of concept 3 for World History.', '2026-03-03T07:19:07.296Z');
INSERT INTO cards (id, deck_id, front, back, created_at) VALUES ('4c117617-f69d-4fcb-a638-0439e3bfb858', '12b01255-0e1e-4913-ba06-c80727f3e9f2', 'Concept 4 from World History?', 'This is the definition and explanation of concept 4 for World History.', '2026-03-03T07:19:07.296Z');
INSERT INTO cards (id, deck_id, front, back, created_at) VALUES ('2e1baf77-001b-4568-a64c-fc8d935763ad', '12b01255-0e1e-4913-ba06-c80727f3e9f2', 'Concept 5 from World History?', 'This is the definition and explanation of concept 5 for World History.', '2026-03-03T07:19:07.296Z');
INSERT INTO decks (id, user_id, category_id, name, description, created_at) VALUES ('bfa27463-947e-4669-8453-5215ba12d534', NULL, 'c3544f02-5fc2-49b6-8969-12d4306d1b9f', 'World History Mastery Vol 2', 'An essential study guide covering the core concepts of World History.', '2026-03-03T07:19:07.296Z');
INSERT INTO cards (id, deck_id, front, back, created_at) VALUES ('bd83a7e0-a3df-4cd5-a882-6fff6f6c4141', 'bfa27463-947e-4669-8453-5215ba12d534', 'Concept 1 from World History?', 'This is the definition and explanation of concept 1 for World History.', '2026-03-03T07:19:07.296Z');
INSERT INTO cards (id, deck_id, front, back, created_at) VALUES ('3285ad39-1427-4e13-8139-b44c448e6d8f', 'bfa27463-947e-4669-8453-5215ba12d534', 'Concept 2 from World History?', 'This is the definition and explanation of concept 2 for World History.', '2026-03-03T07:19:07.296Z');
INSERT INTO cards (id, deck_id, front, back, created_at) VALUES ('1eea6127-a704-4566-a4bd-8b5b85ad5639', 'bfa27463-947e-4669-8453-5215ba12d534', 'Concept 3 from World History?', 'This is the definition and explanation of concept 3 for World History.', '2026-03-03T07:19:07.296Z');
INSERT INTO cards (id, deck_id, front, back, created_at) VALUES ('d975478f-fbef-4213-a142-03d29e6eca97', 'bfa27463-947e-4669-8453-5215ba12d534', 'Concept 4 from World History?', 'This is the definition and explanation of concept 4 for World History.', '2026-03-03T07:19:07.296Z');
INSERT INTO cards (id, deck_id, front, back, created_at) VALUES ('b5c6bc66-3e24-47bc-9fe7-68c460831cee', 'bfa27463-947e-4669-8453-5215ba12d534', 'Concept 5 from World History?', 'This is the definition and explanation of concept 5 for World History.', '2026-03-03T07:19:07.296Z');
INSERT INTO decks (id, user_id, category_id, name, description, created_at) VALUES ('2c08bd71-a891-4498-ae67-4e5caeb05194', NULL, 'c3544f02-5fc2-49b6-8969-12d4306d1b9f', 'World History Mastery Vol 3', 'An essential study guide covering the core concepts of World History.', '2026-03-03T07:19:07.296Z');
INSERT INTO cards (id, deck_id, front, back, created_at) VALUES ('a69b30bd-619d-4de4-b269-ba9dc3b102b1', '2c08bd71-a891-4498-ae67-4e5caeb05194', 'Concept 1 from World History?', 'This is the definition and explanation of concept 1 for World History.', '2026-03-03T07:19:07.296Z');
INSERT INTO cards (id, deck_id, front, back, created_at) VALUES ('4132adce-6f20-4349-baee-2d424347e3f9', '2c08bd71-a891-4498-ae67-4e5caeb05194', 'Concept 2 from World History?', 'This is the definition and explanation of concept 2 for World History.', '2026-03-03T07:19:07.296Z');
INSERT INTO cards (id, deck_id, front, back, created_at) VALUES ('80904779-0b14-4109-a7ce-716d6fb8c0a6', '2c08bd71-a891-4498-ae67-4e5caeb05194', 'Concept 3 from World History?', 'This is the definition and explanation of concept 3 for World History.', '2026-03-03T07:19:07.296Z');
INSERT INTO cards (id, deck_id, front, back, created_at) VALUES ('c3e3ee63-f2cc-4493-bd5c-c9ab5549cde0', '2c08bd71-a891-4498-ae67-4e5caeb05194', 'Concept 4 from World History?', 'This is the definition and explanation of concept 4 for World History.', '2026-03-03T07:19:07.296Z');
INSERT INTO cards (id, deck_id, front, back, created_at) VALUES ('fa2203b5-b5f4-4d5d-95ba-82465fc7149e', '2c08bd71-a891-4498-ae67-4e5caeb05194', 'Concept 5 from World History?', 'This is the definition and explanation of concept 5 for World History.', '2026-03-03T07:19:07.296Z');
INSERT INTO decks (id, user_id, category_id, name, description, created_at) VALUES ('934b0b3d-d957-4873-8789-4e3933c9c13a', NULL, 'c3544f02-5fc2-49b6-8969-12d4306d1b9f', 'World History Mastery Vol 4', 'An essential study guide covering the core concepts of World History.', '2026-03-03T07:19:07.296Z');
INSERT INTO cards (id, deck_id, front, back, created_at) VALUES ('1966f609-2d8c-49d7-ae0f-4c387259e510', '934b0b3d-d957-4873-8789-4e3933c9c13a', 'Concept 1 from World History?', 'This is the definition and explanation of concept 1 for World History.', '2026-03-03T07:19:07.296Z');
INSERT INTO cards (id, deck_id, front, back, created_at) VALUES ('83e07c55-33d6-4b1e-863c-148805a1d752', '934b0b3d-d957-4873-8789-4e3933c9c13a', 'Concept 2 from World History?', 'This is the definition and explanation of concept 2 for World History.', '2026-03-03T07:19:07.296Z');
INSERT INTO cards (id, deck_id, front, back, created_at) VALUES ('008a9699-dcfa-419e-9bf0-233ae8462603', '934b0b3d-d957-4873-8789-4e3933c9c13a', 'Concept 3 from World History?', 'This is the definition and explanation of concept 3 for World History.', '2026-03-03T07:19:07.296Z');
INSERT INTO cards (id, deck_id, front, back, created_at) VALUES ('8a93ad7b-dc66-4f21-a76e-851f399448ed', '934b0b3d-d957-4873-8789-4e3933c9c13a', 'Concept 4 from World History?', 'This is the definition and explanation of concept 4 for World History.', '2026-03-03T07:19:07.296Z');
INSERT INTO cards (id, deck_id, front, back, created_at) VALUES ('4480f4e2-7f56-4c84-a63a-b08abadb1e6f', '934b0b3d-d957-4873-8789-4e3933c9c13a', 'Concept 5 from World History?', 'This is the definition and explanation of concept 5 for World History.', '2026-03-03T07:19:07.296Z');
INSERT INTO decks (id, user_id, category_id, name, description, created_at) VALUES ('39349ad3-554e-4097-a657-1c8b1d2e7735', NULL, 'c3544f02-5fc2-49b6-8969-12d4306d1b9f', 'World History Mastery Vol 5', 'An essential study guide covering the core concepts of World History.', '2026-03-03T07:19:07.296Z');
INSERT INTO cards (id, deck_id, front, back, created_at) VALUES ('cca0732e-db7d-4027-a217-a5faf024f394', '39349ad3-554e-4097-a657-1c8b1d2e7735', 'Concept 1 from World History?', 'This is the definition and explanation of concept 1 for World History.', '2026-03-03T07:19:07.296Z');
INSERT INTO cards (id, deck_id, front, back, created_at) VALUES ('4f8572ab-ddde-4639-b513-572b2abf1681', '39349ad3-554e-4097-a657-1c8b1d2e7735', 'Concept 2 from World History?', 'This is the definition and explanation of concept 2 for World History.', '2026-03-03T07:19:07.296Z');
INSERT INTO cards (id, deck_id, front, back, created_at) VALUES ('96891386-4b1d-42be-bfcd-df3bdffe1935', '39349ad3-554e-4097-a657-1c8b1d2e7735', 'Concept 3 from World History?', 'This is the definition and explanation of concept 3 for World History.', '2026-03-03T07:19:07.296Z');
INSERT INTO cards (id, deck_id, front, back, created_at) VALUES ('3bdafc4a-20b8-43bc-8cf2-5f38a98990dc', '39349ad3-554e-4097-a657-1c8b1d2e7735', 'Concept 4 from World History?', 'This is the definition and explanation of concept 4 for World History.', '2026-03-03T07:19:07.296Z');
INSERT INTO cards (id, deck_id, front, back, created_at) VALUES ('c41a3c4a-3e49-41e5-b154-0b7b769a7b77', '39349ad3-554e-4097-a657-1c8b1d2e7735', 'Concept 5 from World History?', 'This is the definition and explanation of concept 5 for World History.', '2026-03-03T07:19:07.296Z');
INSERT INTO decks (id, user_id, category_id, name, description, created_at) VALUES ('bde799d7-5798-4663-9b48-158a1118cb9c', NULL, 'c3544f02-5fc2-49b6-8969-12d4306d1b9f', 'World History Mastery Vol 6', 'An essential study guide covering the core concepts of World History.', '2026-03-03T07:19:07.296Z');
INSERT INTO cards (id, deck_id, front, back, created_at) VALUES ('487a7290-2e91-4311-9a6e-164e0b63a2bd', 'bde799d7-5798-4663-9b48-158a1118cb9c', 'Concept 1 from World History?', 'This is the definition and explanation of concept 1 for World History.', '2026-03-03T07:19:07.296Z');
INSERT INTO cards (id, deck_id, front, back, created_at) VALUES ('028cfa18-6ace-4088-be49-3ce4b6c590ab', 'bde799d7-5798-4663-9b48-158a1118cb9c', 'Concept 2 from World History?', 'This is the definition and explanation of concept 2 for World History.', '2026-03-03T07:19:07.296Z');
INSERT INTO cards (id, deck_id, front, back, created_at) VALUES ('2d7b3d75-890f-4bb6-ad24-f61eff600e3a', 'bde799d7-5798-4663-9b48-158a1118cb9c', 'Concept 3 from World History?', 'This is the definition and explanation of concept 3 for World History.', '2026-03-03T07:19:07.296Z');
INSERT INTO cards (id, deck_id, front, back, created_at) VALUES ('dcb4649b-8044-47c3-a209-bdd6764d3fae', 'bde799d7-5798-4663-9b48-158a1118cb9c', 'Concept 4 from World History?', 'This is the definition and explanation of concept 4 for World History.', '2026-03-03T07:19:07.296Z');
INSERT INTO cards (id, deck_id, front, back, created_at) VALUES ('b1fd3c72-7645-4c45-b221-ab7a9c039fec', 'bde799d7-5798-4663-9b48-158a1118cb9c', 'Concept 5 from World History?', 'This is the definition and explanation of concept 5 for World History.', '2026-03-03T07:19:07.296Z');
INSERT INTO decks (id, user_id, category_id, name, description, created_at) VALUES ('aa04d184-ba94-460c-8bc9-1eb90f004644', NULL, 'c3544f02-5fc2-49b6-8969-12d4306d1b9f', 'World History Mastery Vol 7', 'An essential study guide covering the core concepts of World History.', '2026-03-03T07:19:07.296Z');
INSERT INTO cards (id, deck_id, front, back, created_at) VALUES ('98220737-b4a0-42c9-896f-6341ea9b65c3', 'aa04d184-ba94-460c-8bc9-1eb90f004644', 'Concept 1 from World History?', 'This is the definition and explanation of concept 1 for World History.', '2026-03-03T07:19:07.296Z');
INSERT INTO cards (id, deck_id, front, back, created_at) VALUES ('92e61c41-50c7-4d83-bd96-e3c0a912fd3c', 'aa04d184-ba94-460c-8bc9-1eb90f004644', 'Concept 2 from World History?', 'This is the definition and explanation of concept 2 for World History.', '2026-03-03T07:19:07.296Z');
INSERT INTO cards (id, deck_id, front, back, created_at) VALUES ('73d7a54c-7222-4f29-ac5a-cd04c926333e', 'aa04d184-ba94-460c-8bc9-1eb90f004644', 'Concept 3 from World History?', 'This is the definition and explanation of concept 3 for World History.', '2026-03-03T07:19:07.296Z');
INSERT INTO cards (id, deck_id, front, back, created_at) VALUES ('c58359bd-5502-4cbf-b864-d51b32c4385a', 'aa04d184-ba94-460c-8bc9-1eb90f004644', 'Concept 4 from World History?', 'This is the definition and explanation of concept 4 for World History.', '2026-03-03T07:19:07.296Z');
INSERT INTO cards (id, deck_id, front, back, created_at) VALUES ('a2ab339f-dd9b-4990-9bc3-e5ac6b017711', 'aa04d184-ba94-460c-8bc9-1eb90f004644', 'Concept 5 from World History?', 'This is the definition and explanation of concept 5 for World History.', '2026-03-03T07:19:07.296Z');
INSERT INTO decks (id, user_id, category_id, name, description, created_at) VALUES ('204e0691-d0d5-4703-88e3-773d059adafa', NULL, 'c3544f02-5fc2-49b6-8969-12d4306d1b9f', 'World History Mastery Vol 8', 'An essential study guide covering the core concepts of World History.', '2026-03-03T07:19:07.296Z');
INSERT INTO cards (id, deck_id, front, back, created_at) VALUES ('6934172d-c01b-4433-8d0c-5d287ee01a4e', '204e0691-d0d5-4703-88e3-773d059adafa', 'Concept 1 from World History?', 'This is the definition and explanation of concept 1 for World History.', '2026-03-03T07:19:07.296Z');
INSERT INTO cards (id, deck_id, front, back, created_at) VALUES ('33b6d7bd-f07f-442f-bc59-74400029dfa5', '204e0691-d0d5-4703-88e3-773d059adafa', 'Concept 2 from World History?', 'This is the definition and explanation of concept 2 for World History.', '2026-03-03T07:19:07.296Z');
INSERT INTO cards (id, deck_id, front, back, created_at) VALUES ('ad19f687-4d48-4789-9c54-7c893da02264', '204e0691-d0d5-4703-88e3-773d059adafa', 'Concept 3 from World History?', 'This is the definition and explanation of concept 3 for World History.', '2026-03-03T07:19:07.296Z');
INSERT INTO cards (id, deck_id, front, back, created_at) VALUES ('b241fb0d-3e0b-4bf1-a2d3-fbd56492f641', '204e0691-d0d5-4703-88e3-773d059adafa', 'Concept 4 from World History?', 'This is the definition and explanation of concept 4 for World History.', '2026-03-03T07:19:07.296Z');
INSERT INTO cards (id, deck_id, front, back, created_at) VALUES ('4c4f834f-ccdc-4db6-80b0-9bd477f1fdea', '204e0691-d0d5-4703-88e3-773d059adafa', 'Concept 5 from World History?', 'This is the definition and explanation of concept 5 for World History.', '2026-03-03T07:19:07.296Z');
INSERT INTO decks (id, user_id, category_id, name, description, created_at) VALUES ('fda51d57-b0de-4702-a81a-9ec33ec9a35c', NULL, 'c3544f02-5fc2-49b6-8969-12d4306d1b9f', 'World History Mastery Vol 9', 'An essential study guide covering the core concepts of World History.', '2026-03-03T07:19:07.296Z');
INSERT INTO cards (id, deck_id, front, back, created_at) VALUES ('9773cb2f-b0e1-4067-9c2d-70a110071ca8', 'fda51d57-b0de-4702-a81a-9ec33ec9a35c', 'Concept 1 from World History?', 'This is the definition and explanation of concept 1 for World History.', '2026-03-03T07:19:07.296Z');
INSERT INTO cards (id, deck_id, front, back, created_at) VALUES ('b23e3fec-8eaa-4ac4-8a60-85810d4a8f77', 'fda51d57-b0de-4702-a81a-9ec33ec9a35c', 'Concept 2 from World History?', 'This is the definition and explanation of concept 2 for World History.', '2026-03-03T07:19:07.296Z');
INSERT INTO cards (id, deck_id, front, back, created_at) VALUES ('eb1e5886-4bc7-4b34-8129-79fbb737af80', 'fda51d57-b0de-4702-a81a-9ec33ec9a35c', 'Concept 3 from World History?', 'This is the definition and explanation of concept 3 for World History.', '2026-03-03T07:19:07.296Z');
INSERT INTO cards (id, deck_id, front, back, created_at) VALUES ('063332b3-5b0d-445b-920e-f4eb3f3cf0b6', 'fda51d57-b0de-4702-a81a-9ec33ec9a35c', 'Concept 4 from World History?', 'This is the definition and explanation of concept 4 for World History.', '2026-03-03T07:19:07.296Z');
INSERT INTO cards (id, deck_id, front, back, created_at) VALUES ('2469bdc4-62f8-441b-9c5a-14adb18d70dd', 'fda51d57-b0de-4702-a81a-9ec33ec9a35c', 'Concept 5 from World History?', 'This is the definition and explanation of concept 5 for World History.', '2026-03-03T07:19:07.296Z');
INSERT INTO decks (id, user_id, category_id, name, description, created_at) VALUES ('3316e6d6-a272-478f-8b1e-ce92ea3b5978', NULL, 'c3544f02-5fc2-49b6-8969-12d4306d1b9f', 'World History Mastery Vol 10', 'An essential study guide covering the core concepts of World History.', '2026-03-03T07:19:07.296Z');
INSERT INTO cards (id, deck_id, front, back, created_at) VALUES ('ca3d79d3-196b-4be0-a78c-1da0b1ac9f00', '3316e6d6-a272-478f-8b1e-ce92ea3b5978', 'Concept 1 from World History?', 'This is the definition and explanation of concept 1 for World History.', '2026-03-03T07:19:07.296Z');
INSERT INTO cards (id, deck_id, front, back, created_at) VALUES ('eb229f57-bd75-4f08-a8e9-63782a9add4f', '3316e6d6-a272-478f-8b1e-ce92ea3b5978', 'Concept 2 from World History?', 'This is the definition and explanation of concept 2 for World History.', '2026-03-03T07:19:07.296Z');
INSERT INTO cards (id, deck_id, front, back, created_at) VALUES ('9cfa49c4-f2e8-4562-8c46-1429c66b6ea1', '3316e6d6-a272-478f-8b1e-ce92ea3b5978', 'Concept 3 from World History?', 'This is the definition and explanation of concept 3 for World History.', '2026-03-03T07:19:07.296Z');
INSERT INTO cards (id, deck_id, front, back, created_at) VALUES ('2437723e-0681-42c8-b8f9-17c464110189', '3316e6d6-a272-478f-8b1e-ce92ea3b5978', 'Concept 4 from World History?', 'This is the definition and explanation of concept 4 for World History.', '2026-03-03T07:19:07.296Z');
INSERT INTO cards (id, deck_id, front, back, created_at) VALUES ('3de4c456-0593-4ca1-a2c7-2725255fc9d6', '3316e6d6-a272-478f-8b1e-ce92ea3b5978', 'Concept 5 from World History?', 'This is the definition and explanation of concept 5 for World History.', '2026-03-03T07:19:07.296Z');
INSERT INTO categories (id, name, slug, icon, description, created_at) VALUES ('01c12fe5-4831-4bf8-bc24-de80e344b5c1', 'US History', 'us-history', 'i-lucide-flag', 'Events and figures in US history.', '2026-03-03T07:19:07.296Z');
INSERT INTO decks (id, user_id, category_id, name, description, created_at) VALUES ('9aa5b1d0-8d71-4397-8f73-f8a30ca323f8', NULL, '01c12fe5-4831-4bf8-bc24-de80e344b5c1', 'US History Mastery Vol 1', 'An essential study guide covering the core concepts of US History.', '2026-03-03T07:19:07.296Z');
INSERT INTO cards (id, deck_id, front, back, created_at) VALUES ('d5e24c17-5cb6-4d18-8bba-fb0eef56b7ad', '9aa5b1d0-8d71-4397-8f73-f8a30ca323f8', 'Concept 1 from US History?', 'This is the definition and explanation of concept 1 for US History.', '2026-03-03T07:19:07.296Z');
INSERT INTO cards (id, deck_id, front, back, created_at) VALUES ('7f7ae782-974e-4486-b70c-42999ca90a27', '9aa5b1d0-8d71-4397-8f73-f8a30ca323f8', 'Concept 2 from US History?', 'This is the definition and explanation of concept 2 for US History.', '2026-03-03T07:19:07.296Z');
INSERT INTO cards (id, deck_id, front, back, created_at) VALUES ('ef3e99c4-95ba-417c-b828-836a7a5ceda1', '9aa5b1d0-8d71-4397-8f73-f8a30ca323f8', 'Concept 3 from US History?', 'This is the definition and explanation of concept 3 for US History.', '2026-03-03T07:19:07.296Z');
INSERT INTO cards (id, deck_id, front, back, created_at) VALUES ('c72411b2-b5e6-4e24-96c0-5262d21e84c5', '9aa5b1d0-8d71-4397-8f73-f8a30ca323f8', 'Concept 4 from US History?', 'This is the definition and explanation of concept 4 for US History.', '2026-03-03T07:19:07.296Z');
INSERT INTO cards (id, deck_id, front, back, created_at) VALUES ('de014c58-8fc5-469b-8e3b-24e36e532fd8', '9aa5b1d0-8d71-4397-8f73-f8a30ca323f8', 'Concept 5 from US History?', 'This is the definition and explanation of concept 5 for US History.', '2026-03-03T07:19:07.296Z');
INSERT INTO decks (id, user_id, category_id, name, description, created_at) VALUES ('8010c1a1-303d-4c3a-8431-2af94473bd82', NULL, '01c12fe5-4831-4bf8-bc24-de80e344b5c1', 'US History Mastery Vol 2', 'An essential study guide covering the core concepts of US History.', '2026-03-03T07:19:07.296Z');
INSERT INTO cards (id, deck_id, front, back, created_at) VALUES ('3de6c21e-ce4b-410c-8403-b6e4317da071', '8010c1a1-303d-4c3a-8431-2af94473bd82', 'Concept 1 from US History?', 'This is the definition and explanation of concept 1 for US History.', '2026-03-03T07:19:07.296Z');
INSERT INTO cards (id, deck_id, front, back, created_at) VALUES ('dc78b802-0155-498d-96ac-bf5e842938e0', '8010c1a1-303d-4c3a-8431-2af94473bd82', 'Concept 2 from US History?', 'This is the definition and explanation of concept 2 for US History.', '2026-03-03T07:19:07.296Z');
INSERT INTO cards (id, deck_id, front, back, created_at) VALUES ('fa5ccb55-38de-4a6c-a681-ca0addfcc1d9', '8010c1a1-303d-4c3a-8431-2af94473bd82', 'Concept 3 from US History?', 'This is the definition and explanation of concept 3 for US History.', '2026-03-03T07:19:07.296Z');
INSERT INTO cards (id, deck_id, front, back, created_at) VALUES ('1c2322ea-d09f-4d80-83a1-ddb06e9cbd06', '8010c1a1-303d-4c3a-8431-2af94473bd82', 'Concept 4 from US History?', 'This is the definition and explanation of concept 4 for US History.', '2026-03-03T07:19:07.296Z');
INSERT INTO cards (id, deck_id, front, back, created_at) VALUES ('b1a3d2e2-9e7d-4380-ad7b-58f908d89830', '8010c1a1-303d-4c3a-8431-2af94473bd82', 'Concept 5 from US History?', 'This is the definition and explanation of concept 5 for US History.', '2026-03-03T07:19:07.296Z');
INSERT INTO decks (id, user_id, category_id, name, description, created_at) VALUES ('8cc2d4da-364e-4a64-a78a-64e65c908abe', NULL, '01c12fe5-4831-4bf8-bc24-de80e344b5c1', 'US History Mastery Vol 3', 'An essential study guide covering the core concepts of US History.', '2026-03-03T07:19:07.296Z');
INSERT INTO cards (id, deck_id, front, back, created_at) VALUES ('290f3f05-bd5d-46b9-bc5b-df389e418647', '8cc2d4da-364e-4a64-a78a-64e65c908abe', 'Concept 1 from US History?', 'This is the definition and explanation of concept 1 for US History.', '2026-03-03T07:19:07.296Z');
INSERT INTO cards (id, deck_id, front, back, created_at) VALUES ('f27c1d2e-dada-4f00-8d93-9eba9d0dd3c6', '8cc2d4da-364e-4a64-a78a-64e65c908abe', 'Concept 2 from US History?', 'This is the definition and explanation of concept 2 for US History.', '2026-03-03T07:19:07.296Z');
INSERT INTO cards (id, deck_id, front, back, created_at) VALUES ('015ff72a-0d98-4b04-a596-e37745769251', '8cc2d4da-364e-4a64-a78a-64e65c908abe', 'Concept 3 from US History?', 'This is the definition and explanation of concept 3 for US History.', '2026-03-03T07:19:07.296Z');
INSERT INTO cards (id, deck_id, front, back, created_at) VALUES ('01129736-c409-47d4-8694-fcf623056b34', '8cc2d4da-364e-4a64-a78a-64e65c908abe', 'Concept 4 from US History?', 'This is the definition and explanation of concept 4 for US History.', '2026-03-03T07:19:07.296Z');
INSERT INTO cards (id, deck_id, front, back, created_at) VALUES ('ca9d2ecf-24c7-4cf5-b838-1d83112c53f1', '8cc2d4da-364e-4a64-a78a-64e65c908abe', 'Concept 5 from US History?', 'This is the definition and explanation of concept 5 for US History.', '2026-03-03T07:19:07.296Z');
INSERT INTO decks (id, user_id, category_id, name, description, created_at) VALUES ('bb57e2cb-7b8c-462b-b624-3063783cb74c', NULL, '01c12fe5-4831-4bf8-bc24-de80e344b5c1', 'US History Mastery Vol 4', 'An essential study guide covering the core concepts of US History.', '2026-03-03T07:19:07.296Z');
INSERT INTO cards (id, deck_id, front, back, created_at) VALUES ('f0899c26-5576-4279-a918-a9fd5067b382', 'bb57e2cb-7b8c-462b-b624-3063783cb74c', 'Concept 1 from US History?', 'This is the definition and explanation of concept 1 for US History.', '2026-03-03T07:19:07.296Z');
INSERT INTO cards (id, deck_id, front, back, created_at) VALUES ('07757ac8-165b-41d4-a42d-8b3cfb0a0eac', 'bb57e2cb-7b8c-462b-b624-3063783cb74c', 'Concept 2 from US History?', 'This is the definition and explanation of concept 2 for US History.', '2026-03-03T07:19:07.296Z');
INSERT INTO cards (id, deck_id, front, back, created_at) VALUES ('9b2d770f-b626-4dc9-a94e-c238b8426648', 'bb57e2cb-7b8c-462b-b624-3063783cb74c', 'Concept 3 from US History?', 'This is the definition and explanation of concept 3 for US History.', '2026-03-03T07:19:07.296Z');
INSERT INTO cards (id, deck_id, front, back, created_at) VALUES ('8810a192-7d05-4629-a2f4-2cfb025b54c8', 'bb57e2cb-7b8c-462b-b624-3063783cb74c', 'Concept 4 from US History?', 'This is the definition and explanation of concept 4 for US History.', '2026-03-03T07:19:07.296Z');
INSERT INTO cards (id, deck_id, front, back, created_at) VALUES ('860df6e8-c95e-4f1d-a48c-56f55fb2ea97', 'bb57e2cb-7b8c-462b-b624-3063783cb74c', 'Concept 5 from US History?', 'This is the definition and explanation of concept 5 for US History.', '2026-03-03T07:19:07.296Z');
INSERT INTO decks (id, user_id, category_id, name, description, created_at) VALUES ('75cbb91f-efc9-416b-b262-5e3350ead70a', NULL, '01c12fe5-4831-4bf8-bc24-de80e344b5c1', 'US History Mastery Vol 5', 'An essential study guide covering the core concepts of US History.', '2026-03-03T07:19:07.296Z');
INSERT INTO cards (id, deck_id, front, back, created_at) VALUES ('fadba5df-c56e-42af-8ed4-8306b4d9b539', '75cbb91f-efc9-416b-b262-5e3350ead70a', 'Concept 1 from US History?', 'This is the definition and explanation of concept 1 for US History.', '2026-03-03T07:19:07.296Z');
INSERT INTO cards (id, deck_id, front, back, created_at) VALUES ('89964d22-aadf-4f38-a4b7-4c4fb6b5f941', '75cbb91f-efc9-416b-b262-5e3350ead70a', 'Concept 2 from US History?', 'This is the definition and explanation of concept 2 for US History.', '2026-03-03T07:19:07.296Z');
INSERT INTO cards (id, deck_id, front, back, created_at) VALUES ('8fcd9c98-5083-41c8-bbfc-db8da9ea2693', '75cbb91f-efc9-416b-b262-5e3350ead70a', 'Concept 3 from US History?', 'This is the definition and explanation of concept 3 for US History.', '2026-03-03T07:19:07.296Z');
INSERT INTO cards (id, deck_id, front, back, created_at) VALUES ('e801fc26-5c7b-4fbd-bc6a-7339746a0269', '75cbb91f-efc9-416b-b262-5e3350ead70a', 'Concept 4 from US History?', 'This is the definition and explanation of concept 4 for US History.', '2026-03-03T07:19:07.296Z');
INSERT INTO cards (id, deck_id, front, back, created_at) VALUES ('7c008e4f-8039-4ea5-a6ad-3890e5072c68', '75cbb91f-efc9-416b-b262-5e3350ead70a', 'Concept 5 from US History?', 'This is the definition and explanation of concept 5 for US History.', '2026-03-03T07:19:07.296Z');
INSERT INTO decks (id, user_id, category_id, name, description, created_at) VALUES ('36041bf2-fc2d-48ae-96cf-d404beeb8567', NULL, '01c12fe5-4831-4bf8-bc24-de80e344b5c1', 'US History Mastery Vol 6', 'An essential study guide covering the core concepts of US History.', '2026-03-03T07:19:07.296Z');
INSERT INTO cards (id, deck_id, front, back, created_at) VALUES ('74cb9b6c-7b3c-427e-a3c5-5e26a67ea914', '36041bf2-fc2d-48ae-96cf-d404beeb8567', 'Concept 1 from US History?', 'This is the definition and explanation of concept 1 for US History.', '2026-03-03T07:19:07.296Z');
INSERT INTO cards (id, deck_id, front, back, created_at) VALUES ('efd04d19-c415-46cd-b2b6-1047e9cddbcb', '36041bf2-fc2d-48ae-96cf-d404beeb8567', 'Concept 2 from US History?', 'This is the definition and explanation of concept 2 for US History.', '2026-03-03T07:19:07.296Z');
INSERT INTO cards (id, deck_id, front, back, created_at) VALUES ('224890c8-fa99-4476-948b-e35ab6a721da', '36041bf2-fc2d-48ae-96cf-d404beeb8567', 'Concept 3 from US History?', 'This is the definition and explanation of concept 3 for US History.', '2026-03-03T07:19:07.296Z');
INSERT INTO cards (id, deck_id, front, back, created_at) VALUES ('d2260b23-cd8e-44bd-abc8-be8036b9d506', '36041bf2-fc2d-48ae-96cf-d404beeb8567', 'Concept 4 from US History?', 'This is the definition and explanation of concept 4 for US History.', '2026-03-03T07:19:07.296Z');
INSERT INTO cards (id, deck_id, front, back, created_at) VALUES ('164930cc-1079-49a5-b520-ddfcc9537178', '36041bf2-fc2d-48ae-96cf-d404beeb8567', 'Concept 5 from US History?', 'This is the definition and explanation of concept 5 for US History.', '2026-03-03T07:19:07.296Z');
INSERT INTO decks (id, user_id, category_id, name, description, created_at) VALUES ('642590a4-6a7d-4e10-b4f1-19a2c7a3a798', NULL, '01c12fe5-4831-4bf8-bc24-de80e344b5c1', 'US History Mastery Vol 7', 'An essential study guide covering the core concepts of US History.', '2026-03-03T07:19:07.296Z');
INSERT INTO cards (id, deck_id, front, back, created_at) VALUES ('6b48336f-9fe4-4c15-b8ac-a6a6511c9f85', '642590a4-6a7d-4e10-b4f1-19a2c7a3a798', 'Concept 1 from US History?', 'This is the definition and explanation of concept 1 for US History.', '2026-03-03T07:19:07.296Z');
INSERT INTO cards (id, deck_id, front, back, created_at) VALUES ('6bd0aef1-31b5-4d75-803e-0af1e1b3a5b7', '642590a4-6a7d-4e10-b4f1-19a2c7a3a798', 'Concept 2 from US History?', 'This is the definition and explanation of concept 2 for US History.', '2026-03-03T07:19:07.296Z');
INSERT INTO cards (id, deck_id, front, back, created_at) VALUES ('af5ff078-91c6-4228-bc4c-28ced149c96a', '642590a4-6a7d-4e10-b4f1-19a2c7a3a798', 'Concept 3 from US History?', 'This is the definition and explanation of concept 3 for US History.', '2026-03-03T07:19:07.296Z');
INSERT INTO cards (id, deck_id, front, back, created_at) VALUES ('46173596-8b21-4332-bd61-12f496522e29', '642590a4-6a7d-4e10-b4f1-19a2c7a3a798', 'Concept 4 from US History?', 'This is the definition and explanation of concept 4 for US History.', '2026-03-03T07:19:07.296Z');
INSERT INTO cards (id, deck_id, front, back, created_at) VALUES ('6dde993f-1f70-4db5-90bb-08ae47cda6a1', '642590a4-6a7d-4e10-b4f1-19a2c7a3a798', 'Concept 5 from US History?', 'This is the definition and explanation of concept 5 for US History.', '2026-03-03T07:19:07.296Z');
INSERT INTO decks (id, user_id, category_id, name, description, created_at) VALUES ('431f5956-39bd-4041-8c15-d10b57ca8522', NULL, '01c12fe5-4831-4bf8-bc24-de80e344b5c1', 'US History Mastery Vol 8', 'An essential study guide covering the core concepts of US History.', '2026-03-03T07:19:07.296Z');
INSERT INTO cards (id, deck_id, front, back, created_at) VALUES ('30e33ba1-6684-4f8b-af5b-7984ea36eb56', '431f5956-39bd-4041-8c15-d10b57ca8522', 'Concept 1 from US History?', 'This is the definition and explanation of concept 1 for US History.', '2026-03-03T07:19:07.296Z');
INSERT INTO cards (id, deck_id, front, back, created_at) VALUES ('12180488-ff68-45f1-8021-547e81dfc0e5', '431f5956-39bd-4041-8c15-d10b57ca8522', 'Concept 2 from US History?', 'This is the definition and explanation of concept 2 for US History.', '2026-03-03T07:19:07.296Z');
INSERT INTO cards (id, deck_id, front, back, created_at) VALUES ('abd93542-1361-483c-9f60-838616160964', '431f5956-39bd-4041-8c15-d10b57ca8522', 'Concept 3 from US History?', 'This is the definition and explanation of concept 3 for US History.', '2026-03-03T07:19:07.296Z');
INSERT INTO cards (id, deck_id, front, back, created_at) VALUES ('01e7efdc-097f-45a2-8c9d-df0affa72aa9', '431f5956-39bd-4041-8c15-d10b57ca8522', 'Concept 4 from US History?', 'This is the definition and explanation of concept 4 for US History.', '2026-03-03T07:19:07.296Z');
INSERT INTO cards (id, deck_id, front, back, created_at) VALUES ('00bb437a-3005-4304-a92d-0d63ae546bd6', '431f5956-39bd-4041-8c15-d10b57ca8522', 'Concept 5 from US History?', 'This is the definition and explanation of concept 5 for US History.', '2026-03-03T07:19:07.296Z');
INSERT INTO decks (id, user_id, category_id, name, description, created_at) VALUES ('c2a7c17c-e5e2-451c-885b-6f8114f443d0', NULL, '01c12fe5-4831-4bf8-bc24-de80e344b5c1', 'US History Mastery Vol 9', 'An essential study guide covering the core concepts of US History.', '2026-03-03T07:19:07.296Z');
INSERT INTO cards (id, deck_id, front, back, created_at) VALUES ('f5e9e639-4712-436a-82c4-6b8b8eb62511', 'c2a7c17c-e5e2-451c-885b-6f8114f443d0', 'Concept 1 from US History?', 'This is the definition and explanation of concept 1 for US History.', '2026-03-03T07:19:07.296Z');
INSERT INTO cards (id, deck_id, front, back, created_at) VALUES ('61ba881e-7e9d-4b24-a747-f79b2d3ae962', 'c2a7c17c-e5e2-451c-885b-6f8114f443d0', 'Concept 2 from US History?', 'This is the definition and explanation of concept 2 for US History.', '2026-03-03T07:19:07.296Z');
INSERT INTO cards (id, deck_id, front, back, created_at) VALUES ('86d2ae75-b9d8-456d-a2d7-75367f10be0c', 'c2a7c17c-e5e2-451c-885b-6f8114f443d0', 'Concept 3 from US History?', 'This is the definition and explanation of concept 3 for US History.', '2026-03-03T07:19:07.296Z');
INSERT INTO cards (id, deck_id, front, back, created_at) VALUES ('52ef054a-5e61-4e73-8981-736c5fec952c', 'c2a7c17c-e5e2-451c-885b-6f8114f443d0', 'Concept 4 from US History?', 'This is the definition and explanation of concept 4 for US History.', '2026-03-03T07:19:07.296Z');
INSERT INTO cards (id, deck_id, front, back, created_at) VALUES ('8b251c59-96ff-4dc9-b3d7-2d21a4540ad5', 'c2a7c17c-e5e2-451c-885b-6f8114f443d0', 'Concept 5 from US History?', 'This is the definition and explanation of concept 5 for US History.', '2026-03-03T07:19:07.296Z');
INSERT INTO decks (id, user_id, category_id, name, description, created_at) VALUES ('cfa6ab10-2793-4a2b-ac3d-d79f0b741da1', NULL, '01c12fe5-4831-4bf8-bc24-de80e344b5c1', 'US History Mastery Vol 10', 'An essential study guide covering the core concepts of US History.', '2026-03-03T07:19:07.296Z');
INSERT INTO cards (id, deck_id, front, back, created_at) VALUES ('3cd911aa-bd94-4a06-9587-896ef51c1662', 'cfa6ab10-2793-4a2b-ac3d-d79f0b741da1', 'Concept 1 from US History?', 'This is the definition and explanation of concept 1 for US History.', '2026-03-03T07:19:07.296Z');
INSERT INTO cards (id, deck_id, front, back, created_at) VALUES ('b41518b9-481e-4d51-b17c-f135e90a56fb', 'cfa6ab10-2793-4a2b-ac3d-d79f0b741da1', 'Concept 2 from US History?', 'This is the definition and explanation of concept 2 for US History.', '2026-03-03T07:19:07.296Z');
INSERT INTO cards (id, deck_id, front, back, created_at) VALUES ('0b910821-13d2-4f82-88e2-fc7dfdb65f0c', 'cfa6ab10-2793-4a2b-ac3d-d79f0b741da1', 'Concept 3 from US History?', 'This is the definition and explanation of concept 3 for US History.', '2026-03-03T07:19:07.296Z');
INSERT INTO cards (id, deck_id, front, back, created_at) VALUES ('5646e3e4-1646-4c7a-8400-ba3fe2347423', 'cfa6ab10-2793-4a2b-ac3d-d79f0b741da1', 'Concept 4 from US History?', 'This is the definition and explanation of concept 4 for US History.', '2026-03-03T07:19:07.296Z');
INSERT INTO cards (id, deck_id, front, back, created_at) VALUES ('edec029d-e1c1-4534-ac6d-0375a3d8602b', 'cfa6ab10-2793-4a2b-ac3d-d79f0b741da1', 'Concept 5 from US History?', 'This is the definition and explanation of concept 5 for US History.', '2026-03-03T07:19:07.296Z');
INSERT INTO categories (id, name, slug, icon, description, created_at) VALUES ('a1654754-ef6f-43e8-bc0f-01d42fe156a8', 'Geography', 'geography', 'i-lucide-map', 'Countries, capitals, and natural landmarks.', '2026-03-03T07:19:07.296Z');
INSERT INTO decks (id, user_id, category_id, name, description, created_at) VALUES ('88bb7b48-00b5-4f35-8d40-88dc5db33239', NULL, 'a1654754-ef6f-43e8-bc0f-01d42fe156a8', 'Geography Mastery Vol 1', 'An essential study guide covering the core concepts of Geography.', '2026-03-03T07:19:07.296Z');
INSERT INTO cards (id, deck_id, front, back, created_at) VALUES ('dcddcacc-7195-4ce2-ae7f-6e28ca918f26', '88bb7b48-00b5-4f35-8d40-88dc5db33239', 'Concept 1 from Geography?', 'This is the definition and explanation of concept 1 for Geography.', '2026-03-03T07:19:07.296Z');
INSERT INTO cards (id, deck_id, front, back, created_at) VALUES ('d468e285-c4e1-47bc-b112-25eb6ff6a8f8', '88bb7b48-00b5-4f35-8d40-88dc5db33239', 'Concept 2 from Geography?', 'This is the definition and explanation of concept 2 for Geography.', '2026-03-03T07:19:07.296Z');
INSERT INTO cards (id, deck_id, front, back, created_at) VALUES ('575d07a6-1a89-4424-81a8-1ab416b19004', '88bb7b48-00b5-4f35-8d40-88dc5db33239', 'Concept 3 from Geography?', 'This is the definition and explanation of concept 3 for Geography.', '2026-03-03T07:19:07.296Z');
INSERT INTO cards (id, deck_id, front, back, created_at) VALUES ('d06b538c-1cff-41a0-9915-d3d0d802a316', '88bb7b48-00b5-4f35-8d40-88dc5db33239', 'Concept 4 from Geography?', 'This is the definition and explanation of concept 4 for Geography.', '2026-03-03T07:19:07.296Z');
INSERT INTO cards (id, deck_id, front, back, created_at) VALUES ('c861aef0-02be-40fa-a423-b53a6b025979', '88bb7b48-00b5-4f35-8d40-88dc5db33239', 'Concept 5 from Geography?', 'This is the definition and explanation of concept 5 for Geography.', '2026-03-03T07:19:07.296Z');
INSERT INTO decks (id, user_id, category_id, name, description, created_at) VALUES ('fe34d24e-588c-4109-8b9f-1fb14ede1bef', NULL, 'a1654754-ef6f-43e8-bc0f-01d42fe156a8', 'Geography Mastery Vol 2', 'An essential study guide covering the core concepts of Geography.', '2026-03-03T07:19:07.296Z');
INSERT INTO cards (id, deck_id, front, back, created_at) VALUES ('3feebbec-edfe-4df6-8571-d0697a457252', 'fe34d24e-588c-4109-8b9f-1fb14ede1bef', 'Concept 1 from Geography?', 'This is the definition and explanation of concept 1 for Geography.', '2026-03-03T07:19:07.296Z');
INSERT INTO cards (id, deck_id, front, back, created_at) VALUES ('3dac83ae-b799-4206-b730-e53787bb8f68', 'fe34d24e-588c-4109-8b9f-1fb14ede1bef', 'Concept 2 from Geography?', 'This is the definition and explanation of concept 2 for Geography.', '2026-03-03T07:19:07.296Z');
INSERT INTO cards (id, deck_id, front, back, created_at) VALUES ('ecd0d2e0-1ebc-42eb-a3b3-cd241b982822', 'fe34d24e-588c-4109-8b9f-1fb14ede1bef', 'Concept 3 from Geography?', 'This is the definition and explanation of concept 3 for Geography.', '2026-03-03T07:19:07.296Z');
INSERT INTO cards (id, deck_id, front, back, created_at) VALUES ('7a101bbc-c620-4e4a-928c-49a9e8b70c31', 'fe34d24e-588c-4109-8b9f-1fb14ede1bef', 'Concept 4 from Geography?', 'This is the definition and explanation of concept 4 for Geography.', '2026-03-03T07:19:07.296Z');
INSERT INTO cards (id, deck_id, front, back, created_at) VALUES ('1472c569-aa84-4d43-9248-10047200873d', 'fe34d24e-588c-4109-8b9f-1fb14ede1bef', 'Concept 5 from Geography?', 'This is the definition and explanation of concept 5 for Geography.', '2026-03-03T07:19:07.296Z');
INSERT INTO decks (id, user_id, category_id, name, description, created_at) VALUES ('aba96131-b295-4aaa-982f-a0c5961f68ef', NULL, 'a1654754-ef6f-43e8-bc0f-01d42fe156a8', 'Geography Mastery Vol 3', 'An essential study guide covering the core concepts of Geography.', '2026-03-03T07:19:07.296Z');
INSERT INTO cards (id, deck_id, front, back, created_at) VALUES ('1d7f18b0-5cfa-42bf-bdf0-683a5219c674', 'aba96131-b295-4aaa-982f-a0c5961f68ef', 'Concept 1 from Geography?', 'This is the definition and explanation of concept 1 for Geography.', '2026-03-03T07:19:07.296Z');
INSERT INTO cards (id, deck_id, front, back, created_at) VALUES ('3bdfa659-1164-4dd8-87fb-fd8658ef0906', 'aba96131-b295-4aaa-982f-a0c5961f68ef', 'Concept 2 from Geography?', 'This is the definition and explanation of concept 2 for Geography.', '2026-03-03T07:19:07.296Z');
INSERT INTO cards (id, deck_id, front, back, created_at) VALUES ('c71bca7d-de6c-4edc-ab86-38ba0eb835ac', 'aba96131-b295-4aaa-982f-a0c5961f68ef', 'Concept 3 from Geography?', 'This is the definition and explanation of concept 3 for Geography.', '2026-03-03T07:19:07.296Z');
INSERT INTO cards (id, deck_id, front, back, created_at) VALUES ('a01e32f5-b8c7-4353-82b1-f54b2d2f6aa1', 'aba96131-b295-4aaa-982f-a0c5961f68ef', 'Concept 4 from Geography?', 'This is the definition and explanation of concept 4 for Geography.', '2026-03-03T07:19:07.296Z');
INSERT INTO cards (id, deck_id, front, back, created_at) VALUES ('52e035b7-afee-4d60-a9c3-cb3970c8bbdd', 'aba96131-b295-4aaa-982f-a0c5961f68ef', 'Concept 5 from Geography?', 'This is the definition and explanation of concept 5 for Geography.', '2026-03-03T07:19:07.296Z');
INSERT INTO decks (id, user_id, category_id, name, description, created_at) VALUES ('6ff0bc10-d367-405d-9760-2371b33885e4', NULL, 'a1654754-ef6f-43e8-bc0f-01d42fe156a8', 'Geography Mastery Vol 4', 'An essential study guide covering the core concepts of Geography.', '2026-03-03T07:19:07.296Z');
INSERT INTO cards (id, deck_id, front, back, created_at) VALUES ('245ab52b-1459-4dcd-9035-31183db7066a', '6ff0bc10-d367-405d-9760-2371b33885e4', 'Concept 1 from Geography?', 'This is the definition and explanation of concept 1 for Geography.', '2026-03-03T07:19:07.296Z');
INSERT INTO cards (id, deck_id, front, back, created_at) VALUES ('41755b87-6984-4603-98c3-6d252404de33', '6ff0bc10-d367-405d-9760-2371b33885e4', 'Concept 2 from Geography?', 'This is the definition and explanation of concept 2 for Geography.', '2026-03-03T07:19:07.296Z');
INSERT INTO cards (id, deck_id, front, back, created_at) VALUES ('96b472a7-5a35-4d57-8e3a-7e861fa7549a', '6ff0bc10-d367-405d-9760-2371b33885e4', 'Concept 3 from Geography?', 'This is the definition and explanation of concept 3 for Geography.', '2026-03-03T07:19:07.296Z');
INSERT INTO cards (id, deck_id, front, back, created_at) VALUES ('302956aa-0b88-4cdd-9a7a-53cebb22b009', '6ff0bc10-d367-405d-9760-2371b33885e4', 'Concept 4 from Geography?', 'This is the definition and explanation of concept 4 for Geography.', '2026-03-03T07:19:07.296Z');
INSERT INTO cards (id, deck_id, front, back, created_at) VALUES ('490289f2-219f-4fb5-94f5-a2c038fae34a', '6ff0bc10-d367-405d-9760-2371b33885e4', 'Concept 5 from Geography?', 'This is the definition and explanation of concept 5 for Geography.', '2026-03-03T07:19:07.296Z');
INSERT INTO decks (id, user_id, category_id, name, description, created_at) VALUES ('0777c91f-4f37-4dfe-a035-da670a8f5c98', NULL, 'a1654754-ef6f-43e8-bc0f-01d42fe156a8', 'Geography Mastery Vol 5', 'An essential study guide covering the core concepts of Geography.', '2026-03-03T07:19:07.296Z');
INSERT INTO cards (id, deck_id, front, back, created_at) VALUES ('863bcdf6-7fea-4474-b2fe-765e45856531', '0777c91f-4f37-4dfe-a035-da670a8f5c98', 'Concept 1 from Geography?', 'This is the definition and explanation of concept 1 for Geography.', '2026-03-03T07:19:07.296Z');
INSERT INTO cards (id, deck_id, front, back, created_at) VALUES ('be28e0e9-4379-40b5-a1c8-4dd8adee9014', '0777c91f-4f37-4dfe-a035-da670a8f5c98', 'Concept 2 from Geography?', 'This is the definition and explanation of concept 2 for Geography.', '2026-03-03T07:19:07.296Z');
INSERT INTO cards (id, deck_id, front, back, created_at) VALUES ('ce1e1367-0e92-4440-a37c-7b26b70cc6b2', '0777c91f-4f37-4dfe-a035-da670a8f5c98', 'Concept 3 from Geography?', 'This is the definition and explanation of concept 3 for Geography.', '2026-03-03T07:19:07.296Z');
INSERT INTO cards (id, deck_id, front, back, created_at) VALUES ('01f04263-c619-4cbd-b491-61fb7f8a6024', '0777c91f-4f37-4dfe-a035-da670a8f5c98', 'Concept 4 from Geography?', 'This is the definition and explanation of concept 4 for Geography.', '2026-03-03T07:19:07.296Z');
INSERT INTO cards (id, deck_id, front, back, created_at) VALUES ('2979cf95-fc08-47a8-adeb-cb8c56c6173e', '0777c91f-4f37-4dfe-a035-da670a8f5c98', 'Concept 5 from Geography?', 'This is the definition and explanation of concept 5 for Geography.', '2026-03-03T07:19:07.296Z');
INSERT INTO decks (id, user_id, category_id, name, description, created_at) VALUES ('09eb6eac-0c64-4448-9321-954ff60bd209', NULL, 'a1654754-ef6f-43e8-bc0f-01d42fe156a8', 'Geography Mastery Vol 6', 'An essential study guide covering the core concepts of Geography.', '2026-03-03T07:19:07.296Z');
INSERT INTO cards (id, deck_id, front, back, created_at) VALUES ('88bd21da-0267-47d7-a2c4-62f0f2397491', '09eb6eac-0c64-4448-9321-954ff60bd209', 'Concept 1 from Geography?', 'This is the definition and explanation of concept 1 for Geography.', '2026-03-03T07:19:07.296Z');
INSERT INTO cards (id, deck_id, front, back, created_at) VALUES ('ef3391d5-5b05-42c9-b05b-2598c796eb60', '09eb6eac-0c64-4448-9321-954ff60bd209', 'Concept 2 from Geography?', 'This is the definition and explanation of concept 2 for Geography.', '2026-03-03T07:19:07.296Z');
INSERT INTO cards (id, deck_id, front, back, created_at) VALUES ('7c148f02-df00-4027-9ca4-7aa78b1fef10', '09eb6eac-0c64-4448-9321-954ff60bd209', 'Concept 3 from Geography?', 'This is the definition and explanation of concept 3 for Geography.', '2026-03-03T07:19:07.296Z');
INSERT INTO cards (id, deck_id, front, back, created_at) VALUES ('abf34086-f7bf-47e3-a480-2ecb0e599124', '09eb6eac-0c64-4448-9321-954ff60bd209', 'Concept 4 from Geography?', 'This is the definition and explanation of concept 4 for Geography.', '2026-03-03T07:19:07.296Z');
INSERT INTO cards (id, deck_id, front, back, created_at) VALUES ('a18cf6a4-462c-49e4-a6da-5c7cab5cd740', '09eb6eac-0c64-4448-9321-954ff60bd209', 'Concept 5 from Geography?', 'This is the definition and explanation of concept 5 for Geography.', '2026-03-03T07:19:07.296Z');
INSERT INTO decks (id, user_id, category_id, name, description, created_at) VALUES ('8264d855-4fb1-44bd-8feb-b95c5c46a42f', NULL, 'a1654754-ef6f-43e8-bc0f-01d42fe156a8', 'Geography Mastery Vol 7', 'An essential study guide covering the core concepts of Geography.', '2026-03-03T07:19:07.296Z');
INSERT INTO cards (id, deck_id, front, back, created_at) VALUES ('923ce763-5581-4da1-9ba6-54392de9e80c', '8264d855-4fb1-44bd-8feb-b95c5c46a42f', 'Concept 1 from Geography?', 'This is the definition and explanation of concept 1 for Geography.', '2026-03-03T07:19:07.296Z');
INSERT INTO cards (id, deck_id, front, back, created_at) VALUES ('e288078a-68fa-438a-b21c-6884dd192c3c', '8264d855-4fb1-44bd-8feb-b95c5c46a42f', 'Concept 2 from Geography?', 'This is the definition and explanation of concept 2 for Geography.', '2026-03-03T07:19:07.296Z');
INSERT INTO cards (id, deck_id, front, back, created_at) VALUES ('35e4681f-fbbc-4631-98ec-91d70a7eefd7', '8264d855-4fb1-44bd-8feb-b95c5c46a42f', 'Concept 3 from Geography?', 'This is the definition and explanation of concept 3 for Geography.', '2026-03-03T07:19:07.296Z');
INSERT INTO cards (id, deck_id, front, back, created_at) VALUES ('a1547099-c82f-4478-a833-029be5851fb8', '8264d855-4fb1-44bd-8feb-b95c5c46a42f', 'Concept 4 from Geography?', 'This is the definition and explanation of concept 4 for Geography.', '2026-03-03T07:19:07.296Z');
INSERT INTO cards (id, deck_id, front, back, created_at) VALUES ('a670d3c2-276c-4338-95c6-f1769b2ebd2e', '8264d855-4fb1-44bd-8feb-b95c5c46a42f', 'Concept 5 from Geography?', 'This is the definition and explanation of concept 5 for Geography.', '2026-03-03T07:19:07.296Z');
INSERT INTO decks (id, user_id, category_id, name, description, created_at) VALUES ('112c4a93-0639-4a88-b412-ac6187e7e1fa', NULL, 'a1654754-ef6f-43e8-bc0f-01d42fe156a8', 'Geography Mastery Vol 8', 'An essential study guide covering the core concepts of Geography.', '2026-03-03T07:19:07.296Z');
INSERT INTO cards (id, deck_id, front, back, created_at) VALUES ('3f6eeecd-20f8-48df-b656-9e1755da9047', '112c4a93-0639-4a88-b412-ac6187e7e1fa', 'Concept 1 from Geography?', 'This is the definition and explanation of concept 1 for Geography.', '2026-03-03T07:19:07.296Z');
INSERT INTO cards (id, deck_id, front, back, created_at) VALUES ('4f5a1ce0-ea27-4b17-b89e-0f177fdd24b2', '112c4a93-0639-4a88-b412-ac6187e7e1fa', 'Concept 2 from Geography?', 'This is the definition and explanation of concept 2 for Geography.', '2026-03-03T07:19:07.296Z');
INSERT INTO cards (id, deck_id, front, back, created_at) VALUES ('6b849b59-2331-469a-be2c-72877c4dd411', '112c4a93-0639-4a88-b412-ac6187e7e1fa', 'Concept 3 from Geography?', 'This is the definition and explanation of concept 3 for Geography.', '2026-03-03T07:19:07.296Z');
INSERT INTO cards (id, deck_id, front, back, created_at) VALUES ('e0d628f4-5fc4-435c-8c9d-35058bd131c0', '112c4a93-0639-4a88-b412-ac6187e7e1fa', 'Concept 4 from Geography?', 'This is the definition and explanation of concept 4 for Geography.', '2026-03-03T07:19:07.296Z');
INSERT INTO cards (id, deck_id, front, back, created_at) VALUES ('b1441b9c-990a-4318-bea6-090bce5a8be5', '112c4a93-0639-4a88-b412-ac6187e7e1fa', 'Concept 5 from Geography?', 'This is the definition and explanation of concept 5 for Geography.', '2026-03-03T07:19:07.296Z');
INSERT INTO decks (id, user_id, category_id, name, description, created_at) VALUES ('013091bf-50c7-43c4-9a15-acf2de6571f0', NULL, 'a1654754-ef6f-43e8-bc0f-01d42fe156a8', 'Geography Mastery Vol 9', 'An essential study guide covering the core concepts of Geography.', '2026-03-03T07:19:07.296Z');
INSERT INTO cards (id, deck_id, front, back, created_at) VALUES ('4450d345-a4ae-4e6d-b4d5-81116ede386c', '013091bf-50c7-43c4-9a15-acf2de6571f0', 'Concept 1 from Geography?', 'This is the definition and explanation of concept 1 for Geography.', '2026-03-03T07:19:07.296Z');
INSERT INTO cards (id, deck_id, front, back, created_at) VALUES ('f04c32d1-f7b1-4478-936f-453c5fe1b366', '013091bf-50c7-43c4-9a15-acf2de6571f0', 'Concept 2 from Geography?', 'This is the definition and explanation of concept 2 for Geography.', '2026-03-03T07:19:07.296Z');
INSERT INTO cards (id, deck_id, front, back, created_at) VALUES ('ee16b048-70bb-4e0f-adcb-a4d442d238dc', '013091bf-50c7-43c4-9a15-acf2de6571f0', 'Concept 3 from Geography?', 'This is the definition and explanation of concept 3 for Geography.', '2026-03-03T07:19:07.296Z');
INSERT INTO cards (id, deck_id, front, back, created_at) VALUES ('d6ba8a68-c40e-45ac-8945-18fbffefaef6', '013091bf-50c7-43c4-9a15-acf2de6571f0', 'Concept 4 from Geography?', 'This is the definition and explanation of concept 4 for Geography.', '2026-03-03T07:19:07.296Z');
INSERT INTO cards (id, deck_id, front, back, created_at) VALUES ('6dcc6fb9-c115-4bba-9f45-e7555e43bf3a', '013091bf-50c7-43c4-9a15-acf2de6571f0', 'Concept 5 from Geography?', 'This is the definition and explanation of concept 5 for Geography.', '2026-03-03T07:19:07.296Z');
INSERT INTO decks (id, user_id, category_id, name, description, created_at) VALUES ('b9d34ef5-8ce4-4bc8-8287-cdd8736ffb88', NULL, 'a1654754-ef6f-43e8-bc0f-01d42fe156a8', 'Geography Mastery Vol 10', 'An essential study guide covering the core concepts of Geography.', '2026-03-03T07:19:07.296Z');
INSERT INTO cards (id, deck_id, front, back, created_at) VALUES ('a37b680a-ea4e-491b-bef0-796e6a0883c8', 'b9d34ef5-8ce4-4bc8-8287-cdd8736ffb88', 'Concept 1 from Geography?', 'This is the definition and explanation of concept 1 for Geography.', '2026-03-03T07:19:07.296Z');
INSERT INTO cards (id, deck_id, front, back, created_at) VALUES ('b00f5b8c-8a5e-462a-a93e-daa87dcb50e3', 'b9d34ef5-8ce4-4bc8-8287-cdd8736ffb88', 'Concept 2 from Geography?', 'This is the definition and explanation of concept 2 for Geography.', '2026-03-03T07:19:07.296Z');
INSERT INTO cards (id, deck_id, front, back, created_at) VALUES ('24671457-ace9-4e16-80c8-604c30aa47f0', 'b9d34ef5-8ce4-4bc8-8287-cdd8736ffb88', 'Concept 3 from Geography?', 'This is the definition and explanation of concept 3 for Geography.', '2026-03-03T07:19:07.296Z');
INSERT INTO cards (id, deck_id, front, back, created_at) VALUES ('c2e0ad99-ef5e-4780-8dca-90cac995835d', 'b9d34ef5-8ce4-4bc8-8287-cdd8736ffb88', 'Concept 4 from Geography?', 'This is the definition and explanation of concept 4 for Geography.', '2026-03-03T07:19:07.296Z');
INSERT INTO cards (id, deck_id, front, back, created_at) VALUES ('0b0dbae1-017d-4b8d-a4ac-b69bc7f9c894', 'b9d34ef5-8ce4-4bc8-8287-cdd8736ffb88', 'Concept 5 from Geography?', 'This is the definition and explanation of concept 5 for Geography.', '2026-03-03T07:19:07.296Z');
INSERT INTO categories (id, name, slug, icon, description, created_at) VALUES ('eec335ed-f914-44dc-a1df-556a45ffbb2a', 'Languages', 'languages', 'i-lucide-languages', 'Learn to speak new languages.', '2026-03-03T07:19:07.296Z');
INSERT INTO decks (id, user_id, category_id, name, description, created_at) VALUES ('d2c7a135-1b43-4276-931e-f9180500d2d8', NULL, 'eec335ed-f914-44dc-a1df-556a45ffbb2a', 'Languages Mastery Vol 1', 'An essential study guide covering the core concepts of Languages.', '2026-03-03T07:19:07.296Z');
INSERT INTO cards (id, deck_id, front, back, created_at) VALUES ('350fb1ff-9d9f-4f53-b516-a91660174552', 'd2c7a135-1b43-4276-931e-f9180500d2d8', 'Concept 1 from Languages?', 'This is the definition and explanation of concept 1 for Languages.', '2026-03-03T07:19:07.296Z');
INSERT INTO cards (id, deck_id, front, back, created_at) VALUES ('5fee046c-c70f-405b-ae75-72ce138fe75c', 'd2c7a135-1b43-4276-931e-f9180500d2d8', 'Concept 2 from Languages?', 'This is the definition and explanation of concept 2 for Languages.', '2026-03-03T07:19:07.296Z');
INSERT INTO cards (id, deck_id, front, back, created_at) VALUES ('6350b31d-0cac-4bb2-acb1-d40c0aad79d4', 'd2c7a135-1b43-4276-931e-f9180500d2d8', 'Concept 3 from Languages?', 'This is the definition and explanation of concept 3 for Languages.', '2026-03-03T07:19:07.296Z');
INSERT INTO cards (id, deck_id, front, back, created_at) VALUES ('e80c2ca9-7e9b-4b08-8fd1-900063eb4f0a', 'd2c7a135-1b43-4276-931e-f9180500d2d8', 'Concept 4 from Languages?', 'This is the definition and explanation of concept 4 for Languages.', '2026-03-03T07:19:07.296Z');
INSERT INTO cards (id, deck_id, front, back, created_at) VALUES ('c45a1ac1-fadd-4013-b18a-763c7a103780', 'd2c7a135-1b43-4276-931e-f9180500d2d8', 'Concept 5 from Languages?', 'This is the definition and explanation of concept 5 for Languages.', '2026-03-03T07:19:07.296Z');
INSERT INTO decks (id, user_id, category_id, name, description, created_at) VALUES ('9ac91ef8-c8cd-4fbd-81d6-d043de81434c', NULL, 'eec335ed-f914-44dc-a1df-556a45ffbb2a', 'Languages Mastery Vol 2', 'An essential study guide covering the core concepts of Languages.', '2026-03-03T07:19:07.296Z');
INSERT INTO cards (id, deck_id, front, back, created_at) VALUES ('b09f814b-8a0b-4e28-8318-2f336866a885', '9ac91ef8-c8cd-4fbd-81d6-d043de81434c', 'Concept 1 from Languages?', 'This is the definition and explanation of concept 1 for Languages.', '2026-03-03T07:19:07.296Z');
INSERT INTO cards (id, deck_id, front, back, created_at) VALUES ('0697ab81-09d2-4e16-8d2e-77fbc128a1af', '9ac91ef8-c8cd-4fbd-81d6-d043de81434c', 'Concept 2 from Languages?', 'This is the definition and explanation of concept 2 for Languages.', '2026-03-03T07:19:07.296Z');
INSERT INTO cards (id, deck_id, front, back, created_at) VALUES ('e1333921-6415-4db4-b3bf-6d72744922bc', '9ac91ef8-c8cd-4fbd-81d6-d043de81434c', 'Concept 3 from Languages?', 'This is the definition and explanation of concept 3 for Languages.', '2026-03-03T07:19:07.296Z');
INSERT INTO cards (id, deck_id, front, back, created_at) VALUES ('8a151faa-325b-4037-bc5f-f38ba1a30d8a', '9ac91ef8-c8cd-4fbd-81d6-d043de81434c', 'Concept 4 from Languages?', 'This is the definition and explanation of concept 4 for Languages.', '2026-03-03T07:19:07.296Z');
INSERT INTO cards (id, deck_id, front, back, created_at) VALUES ('bf95a063-1575-44c3-b7f5-694990140f02', '9ac91ef8-c8cd-4fbd-81d6-d043de81434c', 'Concept 5 from Languages?', 'This is the definition and explanation of concept 5 for Languages.', '2026-03-03T07:19:07.296Z');
INSERT INTO decks (id, user_id, category_id, name, description, created_at) VALUES ('5b367e06-076a-49b4-bf6b-34ceed08e78b', NULL, 'eec335ed-f914-44dc-a1df-556a45ffbb2a', 'Languages Mastery Vol 3', 'An essential study guide covering the core concepts of Languages.', '2026-03-03T07:19:07.296Z');
INSERT INTO cards (id, deck_id, front, back, created_at) VALUES ('7172bfc9-8bc9-46ea-bac9-7f0cefe06dfe', '5b367e06-076a-49b4-bf6b-34ceed08e78b', 'Concept 1 from Languages?', 'This is the definition and explanation of concept 1 for Languages.', '2026-03-03T07:19:07.296Z');
INSERT INTO cards (id, deck_id, front, back, created_at) VALUES ('aa061f45-3c86-4e4e-8ddc-5a312f0d38b7', '5b367e06-076a-49b4-bf6b-34ceed08e78b', 'Concept 2 from Languages?', 'This is the definition and explanation of concept 2 for Languages.', '2026-03-03T07:19:07.296Z');
INSERT INTO cards (id, deck_id, front, back, created_at) VALUES ('3af2b083-a178-4fa6-a78e-9fa8049e9b49', '5b367e06-076a-49b4-bf6b-34ceed08e78b', 'Concept 3 from Languages?', 'This is the definition and explanation of concept 3 for Languages.', '2026-03-03T07:19:07.296Z');
INSERT INTO cards (id, deck_id, front, back, created_at) VALUES ('77808df7-647f-4fb1-91e6-2f2411486f19', '5b367e06-076a-49b4-bf6b-34ceed08e78b', 'Concept 4 from Languages?', 'This is the definition and explanation of concept 4 for Languages.', '2026-03-03T07:19:07.296Z');
INSERT INTO cards (id, deck_id, front, back, created_at) VALUES ('f442df1a-efc0-412e-8408-f594e8139b57', '5b367e06-076a-49b4-bf6b-34ceed08e78b', 'Concept 5 from Languages?', 'This is the definition and explanation of concept 5 for Languages.', '2026-03-03T07:19:07.296Z');
INSERT INTO decks (id, user_id, category_id, name, description, created_at) VALUES ('0f1d4b7d-7e27-4214-a8e1-d310180a4fb1', NULL, 'eec335ed-f914-44dc-a1df-556a45ffbb2a', 'Languages Mastery Vol 4', 'An essential study guide covering the core concepts of Languages.', '2026-03-03T07:19:07.296Z');
INSERT INTO cards (id, deck_id, front, back, created_at) VALUES ('1f274fcd-791a-4ea4-9f8a-4a5c5cf72296', '0f1d4b7d-7e27-4214-a8e1-d310180a4fb1', 'Concept 1 from Languages?', 'This is the definition and explanation of concept 1 for Languages.', '2026-03-03T07:19:07.296Z');
INSERT INTO cards (id, deck_id, front, back, created_at) VALUES ('1ee3714a-7a90-43c2-92b2-c971339627a0', '0f1d4b7d-7e27-4214-a8e1-d310180a4fb1', 'Concept 2 from Languages?', 'This is the definition and explanation of concept 2 for Languages.', '2026-03-03T07:19:07.296Z');
INSERT INTO cards (id, deck_id, front, back, created_at) VALUES ('eec2c80a-3afe-4a8c-8dd5-45db5612a942', '0f1d4b7d-7e27-4214-a8e1-d310180a4fb1', 'Concept 3 from Languages?', 'This is the definition and explanation of concept 3 for Languages.', '2026-03-03T07:19:07.296Z');
INSERT INTO cards (id, deck_id, front, back, created_at) VALUES ('8c148711-2bef-43fd-937f-f057b3ff0be9', '0f1d4b7d-7e27-4214-a8e1-d310180a4fb1', 'Concept 4 from Languages?', 'This is the definition and explanation of concept 4 for Languages.', '2026-03-03T07:19:07.296Z');
INSERT INTO cards (id, deck_id, front, back, created_at) VALUES ('c2e0c05f-71f5-4762-8816-3492a099b113', '0f1d4b7d-7e27-4214-a8e1-d310180a4fb1', 'Concept 5 from Languages?', 'This is the definition and explanation of concept 5 for Languages.', '2026-03-03T07:19:07.296Z');
INSERT INTO decks (id, user_id, category_id, name, description, created_at) VALUES ('0693d62b-1876-4ed4-be32-06aa72c98edf', NULL, 'eec335ed-f914-44dc-a1df-556a45ffbb2a', 'Languages Mastery Vol 5', 'An essential study guide covering the core concepts of Languages.', '2026-03-03T07:19:07.296Z');
INSERT INTO cards (id, deck_id, front, back, created_at) VALUES ('05db5d58-9596-4623-8afb-42a5f6c607e3', '0693d62b-1876-4ed4-be32-06aa72c98edf', 'Concept 1 from Languages?', 'This is the definition and explanation of concept 1 for Languages.', '2026-03-03T07:19:07.296Z');
INSERT INTO cards (id, deck_id, front, back, created_at) VALUES ('4b416804-99ec-4a06-b1e6-0627ea3af7a0', '0693d62b-1876-4ed4-be32-06aa72c98edf', 'Concept 2 from Languages?', 'This is the definition and explanation of concept 2 for Languages.', '2026-03-03T07:19:07.296Z');
INSERT INTO cards (id, deck_id, front, back, created_at) VALUES ('4a33011a-8601-4d96-ae53-4089d19a7a16', '0693d62b-1876-4ed4-be32-06aa72c98edf', 'Concept 3 from Languages?', 'This is the definition and explanation of concept 3 for Languages.', '2026-03-03T07:19:07.296Z');
INSERT INTO cards (id, deck_id, front, back, created_at) VALUES ('d09afb11-3fa7-4ac4-bf49-f610b29d17e8', '0693d62b-1876-4ed4-be32-06aa72c98edf', 'Concept 4 from Languages?', 'This is the definition and explanation of concept 4 for Languages.', '2026-03-03T07:19:07.296Z');
INSERT INTO cards (id, deck_id, front, back, created_at) VALUES ('3aaae9fd-2fd7-4b5d-bff6-39fe104d32da', '0693d62b-1876-4ed4-be32-06aa72c98edf', 'Concept 5 from Languages?', 'This is the definition and explanation of concept 5 for Languages.', '2026-03-03T07:19:07.296Z');
INSERT INTO decks (id, user_id, category_id, name, description, created_at) VALUES ('24fc93f9-6e4a-4826-acc0-9c7163edb2c8', NULL, 'eec335ed-f914-44dc-a1df-556a45ffbb2a', 'Languages Mastery Vol 6', 'An essential study guide covering the core concepts of Languages.', '2026-03-03T07:19:07.296Z');
INSERT INTO cards (id, deck_id, front, back, created_at) VALUES ('2137dc5e-4335-40e1-908b-633b97525fdc', '24fc93f9-6e4a-4826-acc0-9c7163edb2c8', 'Concept 1 from Languages?', 'This is the definition and explanation of concept 1 for Languages.', '2026-03-03T07:19:07.296Z');
INSERT INTO cards (id, deck_id, front, back, created_at) VALUES ('6e7aaa34-3386-4ee1-bfdc-67847ebb6995', '24fc93f9-6e4a-4826-acc0-9c7163edb2c8', 'Concept 2 from Languages?', 'This is the definition and explanation of concept 2 for Languages.', '2026-03-03T07:19:07.296Z');
INSERT INTO cards (id, deck_id, front, back, created_at) VALUES ('7d892a3b-fd17-436a-a512-7de28f95814a', '24fc93f9-6e4a-4826-acc0-9c7163edb2c8', 'Concept 3 from Languages?', 'This is the definition and explanation of concept 3 for Languages.', '2026-03-03T07:19:07.296Z');
INSERT INTO cards (id, deck_id, front, back, created_at) VALUES ('3bddf691-011c-463c-a929-1b251d375737', '24fc93f9-6e4a-4826-acc0-9c7163edb2c8', 'Concept 4 from Languages?', 'This is the definition and explanation of concept 4 for Languages.', '2026-03-03T07:19:07.296Z');
INSERT INTO cards (id, deck_id, front, back, created_at) VALUES ('02d56b73-c521-4a4a-a27c-a3eebe84331e', '24fc93f9-6e4a-4826-acc0-9c7163edb2c8', 'Concept 5 from Languages?', 'This is the definition and explanation of concept 5 for Languages.', '2026-03-03T07:19:07.296Z');
INSERT INTO decks (id, user_id, category_id, name, description, created_at) VALUES ('4923471e-5c26-4b4c-bde8-6fe515f5a04e', NULL, 'eec335ed-f914-44dc-a1df-556a45ffbb2a', 'Languages Mastery Vol 7', 'An essential study guide covering the core concepts of Languages.', '2026-03-03T07:19:07.296Z');
INSERT INTO cards (id, deck_id, front, back, created_at) VALUES ('cc27d6c1-6670-4907-8b78-b80885faaccb', '4923471e-5c26-4b4c-bde8-6fe515f5a04e', 'Concept 1 from Languages?', 'This is the definition and explanation of concept 1 for Languages.', '2026-03-03T07:19:07.296Z');
INSERT INTO cards (id, deck_id, front, back, created_at) VALUES ('8f629b98-dc12-41e0-b6ab-e3dcfc522480', '4923471e-5c26-4b4c-bde8-6fe515f5a04e', 'Concept 2 from Languages?', 'This is the definition and explanation of concept 2 for Languages.', '2026-03-03T07:19:07.296Z');
INSERT INTO cards (id, deck_id, front, back, created_at) VALUES ('93d60750-13ea-44ab-a263-ce77c4e2ea07', '4923471e-5c26-4b4c-bde8-6fe515f5a04e', 'Concept 3 from Languages?', 'This is the definition and explanation of concept 3 for Languages.', '2026-03-03T07:19:07.296Z');
INSERT INTO cards (id, deck_id, front, back, created_at) VALUES ('9bd1d964-fcf2-43ee-a6c4-a189547a55b9', '4923471e-5c26-4b4c-bde8-6fe515f5a04e', 'Concept 4 from Languages?', 'This is the definition and explanation of concept 4 for Languages.', '2026-03-03T07:19:07.296Z');
INSERT INTO cards (id, deck_id, front, back, created_at) VALUES ('24269494-0e37-4e45-89f6-de8f232c5591', '4923471e-5c26-4b4c-bde8-6fe515f5a04e', 'Concept 5 from Languages?', 'This is the definition and explanation of concept 5 for Languages.', '2026-03-03T07:19:07.296Z');
INSERT INTO decks (id, user_id, category_id, name, description, created_at) VALUES ('87ca8b31-66a8-4b87-82f4-35af90cc851e', NULL, 'eec335ed-f914-44dc-a1df-556a45ffbb2a', 'Languages Mastery Vol 8', 'An essential study guide covering the core concepts of Languages.', '2026-03-03T07:19:07.296Z');
INSERT INTO cards (id, deck_id, front, back, created_at) VALUES ('96ddf7f8-771b-4618-9bb0-76232ae1bfc6', '87ca8b31-66a8-4b87-82f4-35af90cc851e', 'Concept 1 from Languages?', 'This is the definition and explanation of concept 1 for Languages.', '2026-03-03T07:19:07.296Z');
INSERT INTO cards (id, deck_id, front, back, created_at) VALUES ('97743bac-3880-4603-8d52-43d259c13dbe', '87ca8b31-66a8-4b87-82f4-35af90cc851e', 'Concept 2 from Languages?', 'This is the definition and explanation of concept 2 for Languages.', '2026-03-03T07:19:07.296Z');
INSERT INTO cards (id, deck_id, front, back, created_at) VALUES ('34a22afd-b4ca-4be8-a10d-95fe0176af58', '87ca8b31-66a8-4b87-82f4-35af90cc851e', 'Concept 3 from Languages?', 'This is the definition and explanation of concept 3 for Languages.', '2026-03-03T07:19:07.296Z');
INSERT INTO cards (id, deck_id, front, back, created_at) VALUES ('eff70ae0-e753-4cd6-a658-8f01b53af2bd', '87ca8b31-66a8-4b87-82f4-35af90cc851e', 'Concept 4 from Languages?', 'This is the definition and explanation of concept 4 for Languages.', '2026-03-03T07:19:07.296Z');
INSERT INTO cards (id, deck_id, front, back, created_at) VALUES ('08b61154-5f98-4a65-abac-4b2b31371d63', '87ca8b31-66a8-4b87-82f4-35af90cc851e', 'Concept 5 from Languages?', 'This is the definition and explanation of concept 5 for Languages.', '2026-03-03T07:19:07.296Z');
INSERT INTO decks (id, user_id, category_id, name, description, created_at) VALUES ('e6504bf7-fcba-460b-b778-30af291f857b', NULL, 'eec335ed-f914-44dc-a1df-556a45ffbb2a', 'Languages Mastery Vol 9', 'An essential study guide covering the core concepts of Languages.', '2026-03-03T07:19:07.296Z');
INSERT INTO cards (id, deck_id, front, back, created_at) VALUES ('14ede55d-965f-4110-aba5-403cb0dcd0f6', 'e6504bf7-fcba-460b-b778-30af291f857b', 'Concept 1 from Languages?', 'This is the definition and explanation of concept 1 for Languages.', '2026-03-03T07:19:07.296Z');
INSERT INTO cards (id, deck_id, front, back, created_at) VALUES ('53231fec-499c-4d03-a814-a263595244fc', 'e6504bf7-fcba-460b-b778-30af291f857b', 'Concept 2 from Languages?', 'This is the definition and explanation of concept 2 for Languages.', '2026-03-03T07:19:07.296Z');
INSERT INTO cards (id, deck_id, front, back, created_at) VALUES ('a743cb9a-8ff4-477f-9eaa-6af41d213931', 'e6504bf7-fcba-460b-b778-30af291f857b', 'Concept 3 from Languages?', 'This is the definition and explanation of concept 3 for Languages.', '2026-03-03T07:19:07.296Z');
INSERT INTO cards (id, deck_id, front, back, created_at) VALUES ('446678cd-c353-4b08-ae16-ff77489170fc', 'e6504bf7-fcba-460b-b778-30af291f857b', 'Concept 4 from Languages?', 'This is the definition and explanation of concept 4 for Languages.', '2026-03-03T07:19:07.296Z');
INSERT INTO cards (id, deck_id, front, back, created_at) VALUES ('2e5ff7db-4451-4a44-90d7-86cc62d6f9c9', 'e6504bf7-fcba-460b-b778-30af291f857b', 'Concept 5 from Languages?', 'This is the definition and explanation of concept 5 for Languages.', '2026-03-03T07:19:07.296Z');
INSERT INTO decks (id, user_id, category_id, name, description, created_at) VALUES ('19d2da0e-c365-4a34-ba48-b23802cbdbf3', NULL, 'eec335ed-f914-44dc-a1df-556a45ffbb2a', 'Languages Mastery Vol 10', 'An essential study guide covering the core concepts of Languages.', '2026-03-03T07:19:07.296Z');
INSERT INTO cards (id, deck_id, front, back, created_at) VALUES ('4a3131e7-8b14-463e-b0a8-902a7531fce7', '19d2da0e-c365-4a34-ba48-b23802cbdbf3', 'Concept 1 from Languages?', 'This is the definition and explanation of concept 1 for Languages.', '2026-03-03T07:19:07.296Z');
INSERT INTO cards (id, deck_id, front, back, created_at) VALUES ('37c64cfc-25f0-4f1d-8b6c-27ba0527bb86', '19d2da0e-c365-4a34-ba48-b23802cbdbf3', 'Concept 2 from Languages?', 'This is the definition and explanation of concept 2 for Languages.', '2026-03-03T07:19:07.296Z');
INSERT INTO cards (id, deck_id, front, back, created_at) VALUES ('98422dcd-2722-43f5-9d72-acdbf19d2a52', '19d2da0e-c365-4a34-ba48-b23802cbdbf3', 'Concept 3 from Languages?', 'This is the definition and explanation of concept 3 for Languages.', '2026-03-03T07:19:07.296Z');
INSERT INTO cards (id, deck_id, front, back, created_at) VALUES ('73790aac-98ca-4129-bb04-60ca40bc4be1', '19d2da0e-c365-4a34-ba48-b23802cbdbf3', 'Concept 4 from Languages?', 'This is the definition and explanation of concept 4 for Languages.', '2026-03-03T07:19:07.296Z');
INSERT INTO cards (id, deck_id, front, back, created_at) VALUES ('43ef1503-a208-4003-9885-bdba7639a7f3', '19d2da0e-c365-4a34-ba48-b23802cbdbf3', 'Concept 5 from Languages?', 'This is the definition and explanation of concept 5 for Languages.', '2026-03-03T07:19:07.296Z');
INSERT INTO categories (id, name, slug, icon, description, created_at) VALUES ('d34050f9-c29f-4be2-bc07-457127c10373', 'Linguistics', 'linguistics', 'i-lucide-message-square', 'The study of language and its structure.', '2026-03-03T07:19:07.296Z');
INSERT INTO decks (id, user_id, category_id, name, description, created_at) VALUES ('c7db457d-a292-4543-9a50-43d458b3d8b1', NULL, 'd34050f9-c29f-4be2-bc07-457127c10373', 'Linguistics Mastery Vol 1', 'An essential study guide covering the core concepts of Linguistics.', '2026-03-03T07:19:07.296Z');
INSERT INTO cards (id, deck_id, front, back, created_at) VALUES ('3e1dedf4-9346-424d-9bbf-2e25f7c5e1b0', 'c7db457d-a292-4543-9a50-43d458b3d8b1', 'Concept 1 from Linguistics?', 'This is the definition and explanation of concept 1 for Linguistics.', '2026-03-03T07:19:07.296Z');
INSERT INTO cards (id, deck_id, front, back, created_at) VALUES ('1d1facdf-a84b-49df-995c-c5e05661b1af', 'c7db457d-a292-4543-9a50-43d458b3d8b1', 'Concept 2 from Linguistics?', 'This is the definition and explanation of concept 2 for Linguistics.', '2026-03-03T07:19:07.296Z');
INSERT INTO cards (id, deck_id, front, back, created_at) VALUES ('ed5bb3bb-c8fd-49e9-a2a3-30c6ea8ad85e', 'c7db457d-a292-4543-9a50-43d458b3d8b1', 'Concept 3 from Linguistics?', 'This is the definition and explanation of concept 3 for Linguistics.', '2026-03-03T07:19:07.296Z');
INSERT INTO cards (id, deck_id, front, back, created_at) VALUES ('6fb09b38-8b34-4410-a6c4-0fef66dc0253', 'c7db457d-a292-4543-9a50-43d458b3d8b1', 'Concept 4 from Linguistics?', 'This is the definition and explanation of concept 4 for Linguistics.', '2026-03-03T07:19:07.296Z');
INSERT INTO cards (id, deck_id, front, back, created_at) VALUES ('bc240e80-ee82-425e-8acc-0334c76910f2', 'c7db457d-a292-4543-9a50-43d458b3d8b1', 'Concept 5 from Linguistics?', 'This is the definition and explanation of concept 5 for Linguistics.', '2026-03-03T07:19:07.296Z');
INSERT INTO decks (id, user_id, category_id, name, description, created_at) VALUES ('fb6e55a1-e1cc-4a1c-8697-19379218c076', NULL, 'd34050f9-c29f-4be2-bc07-457127c10373', 'Linguistics Mastery Vol 2', 'An essential study guide covering the core concepts of Linguistics.', '2026-03-03T07:19:07.296Z');
INSERT INTO cards (id, deck_id, front, back, created_at) VALUES ('4df15a36-15f1-455e-978d-0117c13b52f8', 'fb6e55a1-e1cc-4a1c-8697-19379218c076', 'Concept 1 from Linguistics?', 'This is the definition and explanation of concept 1 for Linguistics.', '2026-03-03T07:19:07.296Z');
INSERT INTO cards (id, deck_id, front, back, created_at) VALUES ('bf7c78c3-3a8a-4b1c-85ac-89da18a8e77f', 'fb6e55a1-e1cc-4a1c-8697-19379218c076', 'Concept 2 from Linguistics?', 'This is the definition and explanation of concept 2 for Linguistics.', '2026-03-03T07:19:07.296Z');
INSERT INTO cards (id, deck_id, front, back, created_at) VALUES ('c4ddab19-4499-4c69-a648-165bd4403dec', 'fb6e55a1-e1cc-4a1c-8697-19379218c076', 'Concept 3 from Linguistics?', 'This is the definition and explanation of concept 3 for Linguistics.', '2026-03-03T07:19:07.296Z');
INSERT INTO cards (id, deck_id, front, back, created_at) VALUES ('b7c23617-8dd1-44f1-82d1-2d655fa84e38', 'fb6e55a1-e1cc-4a1c-8697-19379218c076', 'Concept 4 from Linguistics?', 'This is the definition and explanation of concept 4 for Linguistics.', '2026-03-03T07:19:07.296Z');
INSERT INTO cards (id, deck_id, front, back, created_at) VALUES ('f59113ed-4b09-445d-a76c-5a01f469eacc', 'fb6e55a1-e1cc-4a1c-8697-19379218c076', 'Concept 5 from Linguistics?', 'This is the definition and explanation of concept 5 for Linguistics.', '2026-03-03T07:19:07.296Z');
INSERT INTO decks (id, user_id, category_id, name, description, created_at) VALUES ('08f04a40-cfb6-422b-92a9-2c75c15e2714', NULL, 'd34050f9-c29f-4be2-bc07-457127c10373', 'Linguistics Mastery Vol 3', 'An essential study guide covering the core concepts of Linguistics.', '2026-03-03T07:19:07.296Z');
INSERT INTO cards (id, deck_id, front, back, created_at) VALUES ('68f48979-e766-49f8-8ef1-9f837c3effa0', '08f04a40-cfb6-422b-92a9-2c75c15e2714', 'Concept 1 from Linguistics?', 'This is the definition and explanation of concept 1 for Linguistics.', '2026-03-03T07:19:07.296Z');
INSERT INTO cards (id, deck_id, front, back, created_at) VALUES ('537e119c-97f6-452a-b200-d93a051f4898', '08f04a40-cfb6-422b-92a9-2c75c15e2714', 'Concept 2 from Linguistics?', 'This is the definition and explanation of concept 2 for Linguistics.', '2026-03-03T07:19:07.296Z');
INSERT INTO cards (id, deck_id, front, back, created_at) VALUES ('3dd57c9f-3592-4e0d-a12d-c48c68ee51cf', '08f04a40-cfb6-422b-92a9-2c75c15e2714', 'Concept 3 from Linguistics?', 'This is the definition and explanation of concept 3 for Linguistics.', '2026-03-03T07:19:07.296Z');
INSERT INTO cards (id, deck_id, front, back, created_at) VALUES ('b28efcf9-38e1-4d73-b850-833f1efa8ca4', '08f04a40-cfb6-422b-92a9-2c75c15e2714', 'Concept 4 from Linguistics?', 'This is the definition and explanation of concept 4 for Linguistics.', '2026-03-03T07:19:07.296Z');
INSERT INTO cards (id, deck_id, front, back, created_at) VALUES ('35575c11-1c2a-4138-97ac-cd716b8c4789', '08f04a40-cfb6-422b-92a9-2c75c15e2714', 'Concept 5 from Linguistics?', 'This is the definition and explanation of concept 5 for Linguistics.', '2026-03-03T07:19:07.296Z');
INSERT INTO decks (id, user_id, category_id, name, description, created_at) VALUES ('fa510531-432e-4320-a348-6dc4f853b6fc', NULL, 'd34050f9-c29f-4be2-bc07-457127c10373', 'Linguistics Mastery Vol 4', 'An essential study guide covering the core concepts of Linguistics.', '2026-03-03T07:19:07.296Z');
INSERT INTO cards (id, deck_id, front, back, created_at) VALUES ('0b4e3e8a-2ad9-4752-a804-1e69af43a9f2', 'fa510531-432e-4320-a348-6dc4f853b6fc', 'Concept 1 from Linguistics?', 'This is the definition and explanation of concept 1 for Linguistics.', '2026-03-03T07:19:07.296Z');
INSERT INTO cards (id, deck_id, front, back, created_at) VALUES ('5cbda66f-6b77-41cf-89bc-c945369da4d8', 'fa510531-432e-4320-a348-6dc4f853b6fc', 'Concept 2 from Linguistics?', 'This is the definition and explanation of concept 2 for Linguistics.', '2026-03-03T07:19:07.296Z');
INSERT INTO cards (id, deck_id, front, back, created_at) VALUES ('82c54aae-140b-4fa0-8557-020808b6c504', 'fa510531-432e-4320-a348-6dc4f853b6fc', 'Concept 3 from Linguistics?', 'This is the definition and explanation of concept 3 for Linguistics.', '2026-03-03T07:19:07.296Z');
INSERT INTO cards (id, deck_id, front, back, created_at) VALUES ('e6f73af6-9da1-42b7-b22b-39b01add79ee', 'fa510531-432e-4320-a348-6dc4f853b6fc', 'Concept 4 from Linguistics?', 'This is the definition and explanation of concept 4 for Linguistics.', '2026-03-03T07:19:07.296Z');
INSERT INTO cards (id, deck_id, front, back, created_at) VALUES ('25061ea9-22d4-4f45-9aab-a585a3b93095', 'fa510531-432e-4320-a348-6dc4f853b6fc', 'Concept 5 from Linguistics?', 'This is the definition and explanation of concept 5 for Linguistics.', '2026-03-03T07:19:07.296Z');
INSERT INTO decks (id, user_id, category_id, name, description, created_at) VALUES ('1ff5d4e2-6728-4994-bcea-762cd2361863', NULL, 'd34050f9-c29f-4be2-bc07-457127c10373', 'Linguistics Mastery Vol 5', 'An essential study guide covering the core concepts of Linguistics.', '2026-03-03T07:19:07.296Z');
INSERT INTO cards (id, deck_id, front, back, created_at) VALUES ('b95fec1c-d97c-4caa-abe7-4df446f18058', '1ff5d4e2-6728-4994-bcea-762cd2361863', 'Concept 1 from Linguistics?', 'This is the definition and explanation of concept 1 for Linguistics.', '2026-03-03T07:19:07.296Z');
INSERT INTO cards (id, deck_id, front, back, created_at) VALUES ('01ce9a92-03fc-4428-bfa9-ff398c1c8547', '1ff5d4e2-6728-4994-bcea-762cd2361863', 'Concept 2 from Linguistics?', 'This is the definition and explanation of concept 2 for Linguistics.', '2026-03-03T07:19:07.296Z');
INSERT INTO cards (id, deck_id, front, back, created_at) VALUES ('8fa958c1-a717-4fc2-a3e8-6458686a2926', '1ff5d4e2-6728-4994-bcea-762cd2361863', 'Concept 3 from Linguistics?', 'This is the definition and explanation of concept 3 for Linguistics.', '2026-03-03T07:19:07.296Z');
INSERT INTO cards (id, deck_id, front, back, created_at) VALUES ('289a75e6-ea42-4535-9751-3e17606a6b7f', '1ff5d4e2-6728-4994-bcea-762cd2361863', 'Concept 4 from Linguistics?', 'This is the definition and explanation of concept 4 for Linguistics.', '2026-03-03T07:19:07.296Z');
INSERT INTO cards (id, deck_id, front, back, created_at) VALUES ('81dca669-0080-40e7-a85e-b6dd0abdef78', '1ff5d4e2-6728-4994-bcea-762cd2361863', 'Concept 5 from Linguistics?', 'This is the definition and explanation of concept 5 for Linguistics.', '2026-03-03T07:19:07.296Z');
INSERT INTO decks (id, user_id, category_id, name, description, created_at) VALUES ('ea4e2e17-ef2d-46c5-8c71-6e33bff27985', NULL, 'd34050f9-c29f-4be2-bc07-457127c10373', 'Linguistics Mastery Vol 6', 'An essential study guide covering the core concepts of Linguistics.', '2026-03-03T07:19:07.296Z');
INSERT INTO cards (id, deck_id, front, back, created_at) VALUES ('3b2d1ff1-3620-4a76-90d8-445c4a27701e', 'ea4e2e17-ef2d-46c5-8c71-6e33bff27985', 'Concept 1 from Linguistics?', 'This is the definition and explanation of concept 1 for Linguistics.', '2026-03-03T07:19:07.296Z');
INSERT INTO cards (id, deck_id, front, back, created_at) VALUES ('9fb79a61-f797-4780-8cc1-eb007913c440', 'ea4e2e17-ef2d-46c5-8c71-6e33bff27985', 'Concept 2 from Linguistics?', 'This is the definition and explanation of concept 2 for Linguistics.', '2026-03-03T07:19:07.296Z');
INSERT INTO cards (id, deck_id, front, back, created_at) VALUES ('254fe748-393c-4614-a7e2-25ff6f3ef88d', 'ea4e2e17-ef2d-46c5-8c71-6e33bff27985', 'Concept 3 from Linguistics?', 'This is the definition and explanation of concept 3 for Linguistics.', '2026-03-03T07:19:07.296Z');
INSERT INTO cards (id, deck_id, front, back, created_at) VALUES ('298c5e8d-cbdd-46e4-9d8c-18792a78b713', 'ea4e2e17-ef2d-46c5-8c71-6e33bff27985', 'Concept 4 from Linguistics?', 'This is the definition and explanation of concept 4 for Linguistics.', '2026-03-03T07:19:07.296Z');
INSERT INTO cards (id, deck_id, front, back, created_at) VALUES ('9f28a395-6a2b-4a62-bad8-d55cc7c9b05e', 'ea4e2e17-ef2d-46c5-8c71-6e33bff27985', 'Concept 5 from Linguistics?', 'This is the definition and explanation of concept 5 for Linguistics.', '2026-03-03T07:19:07.296Z');
INSERT INTO decks (id, user_id, category_id, name, description, created_at) VALUES ('37647db4-585d-4381-8638-f1d87ae21c41', NULL, 'd34050f9-c29f-4be2-bc07-457127c10373', 'Linguistics Mastery Vol 7', 'An essential study guide covering the core concepts of Linguistics.', '2026-03-03T07:19:07.296Z');
INSERT INTO cards (id, deck_id, front, back, created_at) VALUES ('a1dd07ee-bc7c-450c-addc-22d0c85857f0', '37647db4-585d-4381-8638-f1d87ae21c41', 'Concept 1 from Linguistics?', 'This is the definition and explanation of concept 1 for Linguistics.', '2026-03-03T07:19:07.296Z');
INSERT INTO cards (id, deck_id, front, back, created_at) VALUES ('6d55f756-c173-4e7f-9a11-a0f36f5ccdd1', '37647db4-585d-4381-8638-f1d87ae21c41', 'Concept 2 from Linguistics?', 'This is the definition and explanation of concept 2 for Linguistics.', '2026-03-03T07:19:07.296Z');
INSERT INTO cards (id, deck_id, front, back, created_at) VALUES ('1d6f5b2b-7944-42f5-8ecb-07abcbd55758', '37647db4-585d-4381-8638-f1d87ae21c41', 'Concept 3 from Linguistics?', 'This is the definition and explanation of concept 3 for Linguistics.', '2026-03-03T07:19:07.296Z');
INSERT INTO cards (id, deck_id, front, back, created_at) VALUES ('9ac8e46f-f3f6-4745-bf90-4901dec60335', '37647db4-585d-4381-8638-f1d87ae21c41', 'Concept 4 from Linguistics?', 'This is the definition and explanation of concept 4 for Linguistics.', '2026-03-03T07:19:07.296Z');
INSERT INTO cards (id, deck_id, front, back, created_at) VALUES ('7d730465-fad3-4b6d-a372-eee99a351300', '37647db4-585d-4381-8638-f1d87ae21c41', 'Concept 5 from Linguistics?', 'This is the definition and explanation of concept 5 for Linguistics.', '2026-03-03T07:19:07.296Z');
INSERT INTO decks (id, user_id, category_id, name, description, created_at) VALUES ('695db444-2359-4269-b003-0b6cdc3ed1d0', NULL, 'd34050f9-c29f-4be2-bc07-457127c10373', 'Linguistics Mastery Vol 8', 'An essential study guide covering the core concepts of Linguistics.', '2026-03-03T07:19:07.296Z');
INSERT INTO cards (id, deck_id, front, back, created_at) VALUES ('e37c2fb0-028d-4201-a428-7297f76e7ee4', '695db444-2359-4269-b003-0b6cdc3ed1d0', 'Concept 1 from Linguistics?', 'This is the definition and explanation of concept 1 for Linguistics.', '2026-03-03T07:19:07.296Z');
INSERT INTO cards (id, deck_id, front, back, created_at) VALUES ('10f6dbda-eec5-4fec-b00d-78bca854f210', '695db444-2359-4269-b003-0b6cdc3ed1d0', 'Concept 2 from Linguistics?', 'This is the definition and explanation of concept 2 for Linguistics.', '2026-03-03T07:19:07.296Z');
INSERT INTO cards (id, deck_id, front, back, created_at) VALUES ('a6627b48-4675-4639-ab67-73d622bff280', '695db444-2359-4269-b003-0b6cdc3ed1d0', 'Concept 3 from Linguistics?', 'This is the definition and explanation of concept 3 for Linguistics.', '2026-03-03T07:19:07.296Z');
INSERT INTO cards (id, deck_id, front, back, created_at) VALUES ('b102babc-869b-4e24-9f60-69ffba717156', '695db444-2359-4269-b003-0b6cdc3ed1d0', 'Concept 4 from Linguistics?', 'This is the definition and explanation of concept 4 for Linguistics.', '2026-03-03T07:19:07.296Z');
INSERT INTO cards (id, deck_id, front, back, created_at) VALUES ('f0867ff4-0787-4242-8d95-a0ac46985c71', '695db444-2359-4269-b003-0b6cdc3ed1d0', 'Concept 5 from Linguistics?', 'This is the definition and explanation of concept 5 for Linguistics.', '2026-03-03T07:19:07.296Z');
INSERT INTO decks (id, user_id, category_id, name, description, created_at) VALUES ('421e78e2-9530-4ebd-b75c-f6e22ca1ed79', NULL, 'd34050f9-c29f-4be2-bc07-457127c10373', 'Linguistics Mastery Vol 9', 'An essential study guide covering the core concepts of Linguistics.', '2026-03-03T07:19:07.296Z');
INSERT INTO cards (id, deck_id, front, back, created_at) VALUES ('f1772633-1a4b-400e-973a-467258d102ec', '421e78e2-9530-4ebd-b75c-f6e22ca1ed79', 'Concept 1 from Linguistics?', 'This is the definition and explanation of concept 1 for Linguistics.', '2026-03-03T07:19:07.296Z');
INSERT INTO cards (id, deck_id, front, back, created_at) VALUES ('f56eec93-110d-405d-ba32-ca891b88f7a3', '421e78e2-9530-4ebd-b75c-f6e22ca1ed79', 'Concept 2 from Linguistics?', 'This is the definition and explanation of concept 2 for Linguistics.', '2026-03-03T07:19:07.296Z');
INSERT INTO cards (id, deck_id, front, back, created_at) VALUES ('8e84a5cd-6a41-4444-89e5-32511061f71a', '421e78e2-9530-4ebd-b75c-f6e22ca1ed79', 'Concept 3 from Linguistics?', 'This is the definition and explanation of concept 3 for Linguistics.', '2026-03-03T07:19:07.296Z');
INSERT INTO cards (id, deck_id, front, back, created_at) VALUES ('e99f5ea4-452a-4537-ada1-c055ca2c8ea0', '421e78e2-9530-4ebd-b75c-f6e22ca1ed79', 'Concept 4 from Linguistics?', 'This is the definition and explanation of concept 4 for Linguistics.', '2026-03-03T07:19:07.296Z');
INSERT INTO cards (id, deck_id, front, back, created_at) VALUES ('ddac8fb0-7dd5-4289-b4b9-fd6b74a872eb', '421e78e2-9530-4ebd-b75c-f6e22ca1ed79', 'Concept 5 from Linguistics?', 'This is the definition and explanation of concept 5 for Linguistics.', '2026-03-03T07:19:07.296Z');
INSERT INTO decks (id, user_id, category_id, name, description, created_at) VALUES ('08255a58-3928-45e1-8241-d5a97efa917e', NULL, 'd34050f9-c29f-4be2-bc07-457127c10373', 'Linguistics Mastery Vol 10', 'An essential study guide covering the core concepts of Linguistics.', '2026-03-03T07:19:07.296Z');
INSERT INTO cards (id, deck_id, front, back, created_at) VALUES ('de578f75-2121-4a57-8cab-5e13973b41ac', '08255a58-3928-45e1-8241-d5a97efa917e', 'Concept 1 from Linguistics?', 'This is the definition and explanation of concept 1 for Linguistics.', '2026-03-03T07:19:07.296Z');
INSERT INTO cards (id, deck_id, front, back, created_at) VALUES ('32c249cb-dbe7-4dbb-a675-61c6fb6dedc0', '08255a58-3928-45e1-8241-d5a97efa917e', 'Concept 2 from Linguistics?', 'This is the definition and explanation of concept 2 for Linguistics.', '2026-03-03T07:19:07.296Z');
INSERT INTO cards (id, deck_id, front, back, created_at) VALUES ('d6a74206-f116-4f18-80eb-cfafca522291', '08255a58-3928-45e1-8241-d5a97efa917e', 'Concept 3 from Linguistics?', 'This is the definition and explanation of concept 3 for Linguistics.', '2026-03-03T07:19:07.296Z');
INSERT INTO cards (id, deck_id, front, back, created_at) VALUES ('810bf8c4-a3ec-4638-8c7f-2d66865d2b78', '08255a58-3928-45e1-8241-d5a97efa917e', 'Concept 4 from Linguistics?', 'This is the definition and explanation of concept 4 for Linguistics.', '2026-03-03T07:19:07.296Z');
INSERT INTO cards (id, deck_id, front, back, created_at) VALUES ('6611a25b-87a4-4d43-8db3-31f32b57aab6', '08255a58-3928-45e1-8241-d5a97efa917e', 'Concept 5 from Linguistics?', 'This is the definition and explanation of concept 5 for Linguistics.', '2026-03-03T07:19:07.296Z');
INSERT INTO categories (id, name, slug, icon, description, created_at) VALUES ('9e8742ca-0773-4cea-9f4d-80912450fc58', 'Literature', 'literature', 'i-lucide-book-open', 'Classic books, authors, and poetry.', '2026-03-03T07:19:07.296Z');
INSERT INTO decks (id, user_id, category_id, name, description, created_at) VALUES ('f119d6d7-caa2-4620-95d7-0d8fd391b9aa', NULL, '9e8742ca-0773-4cea-9f4d-80912450fc58', 'Literature Mastery Vol 1', 'An essential study guide covering the core concepts of Literature.', '2026-03-03T07:19:07.296Z');
INSERT INTO cards (id, deck_id, front, back, created_at) VALUES ('665c642e-2fff-4fd3-ba4c-52df1ee67529', 'f119d6d7-caa2-4620-95d7-0d8fd391b9aa', 'Concept 1 from Literature?', 'This is the definition and explanation of concept 1 for Literature.', '2026-03-03T07:19:07.296Z');
INSERT INTO cards (id, deck_id, front, back, created_at) VALUES ('555a7fb5-01c4-489f-8b16-0c3a398ca645', 'f119d6d7-caa2-4620-95d7-0d8fd391b9aa', 'Concept 2 from Literature?', 'This is the definition and explanation of concept 2 for Literature.', '2026-03-03T07:19:07.296Z');
INSERT INTO cards (id, deck_id, front, back, created_at) VALUES ('96a9599a-994c-4790-a21f-48e86eb18bd9', 'f119d6d7-caa2-4620-95d7-0d8fd391b9aa', 'Concept 3 from Literature?', 'This is the definition and explanation of concept 3 for Literature.', '2026-03-03T07:19:07.296Z');
INSERT INTO cards (id, deck_id, front, back, created_at) VALUES ('681cd228-e647-4e3c-85d6-4e36e4e89023', 'f119d6d7-caa2-4620-95d7-0d8fd391b9aa', 'Concept 4 from Literature?', 'This is the definition and explanation of concept 4 for Literature.', '2026-03-03T07:19:07.296Z');
INSERT INTO cards (id, deck_id, front, back, created_at) VALUES ('6cbb05ab-a348-45d4-b0cc-0a6dd218c1be', 'f119d6d7-caa2-4620-95d7-0d8fd391b9aa', 'Concept 5 from Literature?', 'This is the definition and explanation of concept 5 for Literature.', '2026-03-03T07:19:07.296Z');
INSERT INTO decks (id, user_id, category_id, name, description, created_at) VALUES ('b376685a-6aa3-45dd-98ea-647cf03591f5', NULL, '9e8742ca-0773-4cea-9f4d-80912450fc58', 'Literature Mastery Vol 2', 'An essential study guide covering the core concepts of Literature.', '2026-03-03T07:19:07.296Z');
INSERT INTO cards (id, deck_id, front, back, created_at) VALUES ('c1447e8d-d502-4602-8ce2-3e9882beadbe', 'b376685a-6aa3-45dd-98ea-647cf03591f5', 'Concept 1 from Literature?', 'This is the definition and explanation of concept 1 for Literature.', '2026-03-03T07:19:07.296Z');
INSERT INTO cards (id, deck_id, front, back, created_at) VALUES ('44298a73-80df-4182-8c48-437f58747715', 'b376685a-6aa3-45dd-98ea-647cf03591f5', 'Concept 2 from Literature?', 'This is the definition and explanation of concept 2 for Literature.', '2026-03-03T07:19:07.296Z');
INSERT INTO cards (id, deck_id, front, back, created_at) VALUES ('adc245d3-e844-4f90-b7d2-0d685c6bbcb5', 'b376685a-6aa3-45dd-98ea-647cf03591f5', 'Concept 3 from Literature?', 'This is the definition and explanation of concept 3 for Literature.', '2026-03-03T07:19:07.296Z');
INSERT INTO cards (id, deck_id, front, back, created_at) VALUES ('cb0662d8-1f31-4f8d-b310-444bc04f57f6', 'b376685a-6aa3-45dd-98ea-647cf03591f5', 'Concept 4 from Literature?', 'This is the definition and explanation of concept 4 for Literature.', '2026-03-03T07:19:07.296Z');
INSERT INTO cards (id, deck_id, front, back, created_at) VALUES ('5a5f6d36-2f8e-4f6f-b8ae-5e21679a7eb9', 'b376685a-6aa3-45dd-98ea-647cf03591f5', 'Concept 5 from Literature?', 'This is the definition and explanation of concept 5 for Literature.', '2026-03-03T07:19:07.296Z');
INSERT INTO decks (id, user_id, category_id, name, description, created_at) VALUES ('2ec68827-5e10-406e-9e87-5a386ce25458', NULL, '9e8742ca-0773-4cea-9f4d-80912450fc58', 'Literature Mastery Vol 3', 'An essential study guide covering the core concepts of Literature.', '2026-03-03T07:19:07.296Z');
INSERT INTO cards (id, deck_id, front, back, created_at) VALUES ('6200c810-0f2c-409e-94b8-e347036c79a8', '2ec68827-5e10-406e-9e87-5a386ce25458', 'Concept 1 from Literature?', 'This is the definition and explanation of concept 1 for Literature.', '2026-03-03T07:19:07.296Z');
INSERT INTO cards (id, deck_id, front, back, created_at) VALUES ('3283d455-6aa2-46c6-a58d-13dcc7889501', '2ec68827-5e10-406e-9e87-5a386ce25458', 'Concept 2 from Literature?', 'This is the definition and explanation of concept 2 for Literature.', '2026-03-03T07:19:07.296Z');
INSERT INTO cards (id, deck_id, front, back, created_at) VALUES ('af31cc74-b798-4d55-97d5-bbec5ac9d189', '2ec68827-5e10-406e-9e87-5a386ce25458', 'Concept 3 from Literature?', 'This is the definition and explanation of concept 3 for Literature.', '2026-03-03T07:19:07.296Z');
INSERT INTO cards (id, deck_id, front, back, created_at) VALUES ('a3e41045-a5fa-4a22-b27e-b5ea5ddb3ef6', '2ec68827-5e10-406e-9e87-5a386ce25458', 'Concept 4 from Literature?', 'This is the definition and explanation of concept 4 for Literature.', '2026-03-03T07:19:07.296Z');
INSERT INTO cards (id, deck_id, front, back, created_at) VALUES ('2e1045d8-c071-471d-9832-8a01bd3edb31', '2ec68827-5e10-406e-9e87-5a386ce25458', 'Concept 5 from Literature?', 'This is the definition and explanation of concept 5 for Literature.', '2026-03-03T07:19:07.296Z');
INSERT INTO decks (id, user_id, category_id, name, description, created_at) VALUES ('840519fd-17ff-49b1-91ea-e5b1b21bc18f', NULL, '9e8742ca-0773-4cea-9f4d-80912450fc58', 'Literature Mastery Vol 4', 'An essential study guide covering the core concepts of Literature.', '2026-03-03T07:19:07.296Z');
INSERT INTO cards (id, deck_id, front, back, created_at) VALUES ('f0e21f75-d020-4d1a-9648-b735bf007938', '840519fd-17ff-49b1-91ea-e5b1b21bc18f', 'Concept 1 from Literature?', 'This is the definition and explanation of concept 1 for Literature.', '2026-03-03T07:19:07.296Z');
INSERT INTO cards (id, deck_id, front, back, created_at) VALUES ('5186f12e-dd77-43e8-bd65-dcb9ef32a23b', '840519fd-17ff-49b1-91ea-e5b1b21bc18f', 'Concept 2 from Literature?', 'This is the definition and explanation of concept 2 for Literature.', '2026-03-03T07:19:07.296Z');
INSERT INTO cards (id, deck_id, front, back, created_at) VALUES ('8169244d-6de4-49c8-b514-c982f994089e', '840519fd-17ff-49b1-91ea-e5b1b21bc18f', 'Concept 3 from Literature?', 'This is the definition and explanation of concept 3 for Literature.', '2026-03-03T07:19:07.296Z');
INSERT INTO cards (id, deck_id, front, back, created_at) VALUES ('9e348fc0-7ea3-4e4c-8be9-5d059c9223e4', '840519fd-17ff-49b1-91ea-e5b1b21bc18f', 'Concept 4 from Literature?', 'This is the definition and explanation of concept 4 for Literature.', '2026-03-03T07:19:07.296Z');
INSERT INTO cards (id, deck_id, front, back, created_at) VALUES ('592180ce-ebc6-48e2-b309-4d9b11990257', '840519fd-17ff-49b1-91ea-e5b1b21bc18f', 'Concept 5 from Literature?', 'This is the definition and explanation of concept 5 for Literature.', '2026-03-03T07:19:07.296Z');
INSERT INTO decks (id, user_id, category_id, name, description, created_at) VALUES ('b8371ba1-428b-416c-9a75-0256b696fa2f', NULL, '9e8742ca-0773-4cea-9f4d-80912450fc58', 'Literature Mastery Vol 5', 'An essential study guide covering the core concepts of Literature.', '2026-03-03T07:19:07.296Z');
INSERT INTO cards (id, deck_id, front, back, created_at) VALUES ('26d1b06a-e7da-4113-b498-b3a0212c9d47', 'b8371ba1-428b-416c-9a75-0256b696fa2f', 'Concept 1 from Literature?', 'This is the definition and explanation of concept 1 for Literature.', '2026-03-03T07:19:07.296Z');
INSERT INTO cards (id, deck_id, front, back, created_at) VALUES ('b163484f-c99a-42cc-b66f-28611c2dfc3a', 'b8371ba1-428b-416c-9a75-0256b696fa2f', 'Concept 2 from Literature?', 'This is the definition and explanation of concept 2 for Literature.', '2026-03-03T07:19:07.296Z');
INSERT INTO cards (id, deck_id, front, back, created_at) VALUES ('b95a2a09-1528-45e9-bfec-49c93acbc37a', 'b8371ba1-428b-416c-9a75-0256b696fa2f', 'Concept 3 from Literature?', 'This is the definition and explanation of concept 3 for Literature.', '2026-03-03T07:19:07.296Z');
INSERT INTO cards (id, deck_id, front, back, created_at) VALUES ('b331dda9-9f5e-48af-92d3-268b2a1f0c86', 'b8371ba1-428b-416c-9a75-0256b696fa2f', 'Concept 4 from Literature?', 'This is the definition and explanation of concept 4 for Literature.', '2026-03-03T07:19:07.296Z');
INSERT INTO cards (id, deck_id, front, back, created_at) VALUES ('c2de5d26-bb81-43ca-aad3-05c6606f0432', 'b8371ba1-428b-416c-9a75-0256b696fa2f', 'Concept 5 from Literature?', 'This is the definition and explanation of concept 5 for Literature.', '2026-03-03T07:19:07.296Z');
INSERT INTO decks (id, user_id, category_id, name, description, created_at) VALUES ('3789a835-af4c-4437-9b10-20a73ed13f89', NULL, '9e8742ca-0773-4cea-9f4d-80912450fc58', 'Literature Mastery Vol 6', 'An essential study guide covering the core concepts of Literature.', '2026-03-03T07:19:07.296Z');
INSERT INTO cards (id, deck_id, front, back, created_at) VALUES ('45574ab6-a77f-463d-8ef4-6fa639b7ada5', '3789a835-af4c-4437-9b10-20a73ed13f89', 'Concept 1 from Literature?', 'This is the definition and explanation of concept 1 for Literature.', '2026-03-03T07:19:07.296Z');
INSERT INTO cards (id, deck_id, front, back, created_at) VALUES ('3f3ae118-4b80-4936-ad3d-62cdd70fc281', '3789a835-af4c-4437-9b10-20a73ed13f89', 'Concept 2 from Literature?', 'This is the definition and explanation of concept 2 for Literature.', '2026-03-03T07:19:07.296Z');
INSERT INTO cards (id, deck_id, front, back, created_at) VALUES ('ec825efd-ac08-4960-9ab8-3fdddd6d940e', '3789a835-af4c-4437-9b10-20a73ed13f89', 'Concept 3 from Literature?', 'This is the definition and explanation of concept 3 for Literature.', '2026-03-03T07:19:07.296Z');
INSERT INTO cards (id, deck_id, front, back, created_at) VALUES ('7de65f01-baa3-46a4-9ba0-1af4bfa59b5e', '3789a835-af4c-4437-9b10-20a73ed13f89', 'Concept 4 from Literature?', 'This is the definition and explanation of concept 4 for Literature.', '2026-03-03T07:19:07.296Z');
INSERT INTO cards (id, deck_id, front, back, created_at) VALUES ('28e5468f-03a3-4243-b8ff-0252ecc7f7d9', '3789a835-af4c-4437-9b10-20a73ed13f89', 'Concept 5 from Literature?', 'This is the definition and explanation of concept 5 for Literature.', '2026-03-03T07:19:07.296Z');
INSERT INTO decks (id, user_id, category_id, name, description, created_at) VALUES ('7fd03e09-b885-487f-a0a3-e2fa416387aa', NULL, '9e8742ca-0773-4cea-9f4d-80912450fc58', 'Literature Mastery Vol 7', 'An essential study guide covering the core concepts of Literature.', '2026-03-03T07:19:07.296Z');
INSERT INTO cards (id, deck_id, front, back, created_at) VALUES ('5f119e35-030a-4b53-b9c6-93802f14565a', '7fd03e09-b885-487f-a0a3-e2fa416387aa', 'Concept 1 from Literature?', 'This is the definition and explanation of concept 1 for Literature.', '2026-03-03T07:19:07.296Z');
INSERT INTO cards (id, deck_id, front, back, created_at) VALUES ('0be3cf68-6d82-46f9-89b3-858d7a34dbd1', '7fd03e09-b885-487f-a0a3-e2fa416387aa', 'Concept 2 from Literature?', 'This is the definition and explanation of concept 2 for Literature.', '2026-03-03T07:19:07.296Z');
INSERT INTO cards (id, deck_id, front, back, created_at) VALUES ('651c62a0-73b2-4efe-a1d3-3b4b5fd5848a', '7fd03e09-b885-487f-a0a3-e2fa416387aa', 'Concept 3 from Literature?', 'This is the definition and explanation of concept 3 for Literature.', '2026-03-03T07:19:07.296Z');
INSERT INTO cards (id, deck_id, front, back, created_at) VALUES ('d734ac63-f45d-4e45-b8a5-f798e0d4fd8d', '7fd03e09-b885-487f-a0a3-e2fa416387aa', 'Concept 4 from Literature?', 'This is the definition and explanation of concept 4 for Literature.', '2026-03-03T07:19:07.296Z');
INSERT INTO cards (id, deck_id, front, back, created_at) VALUES ('40fa4bdf-9f6f-4937-a9a6-8b521311d12d', '7fd03e09-b885-487f-a0a3-e2fa416387aa', 'Concept 5 from Literature?', 'This is the definition and explanation of concept 5 for Literature.', '2026-03-03T07:19:07.296Z');
INSERT INTO decks (id, user_id, category_id, name, description, created_at) VALUES ('aed7a0e7-54f6-416a-8030-a65374e0c880', NULL, '9e8742ca-0773-4cea-9f4d-80912450fc58', 'Literature Mastery Vol 8', 'An essential study guide covering the core concepts of Literature.', '2026-03-03T07:19:07.296Z');
INSERT INTO cards (id, deck_id, front, back, created_at) VALUES ('e2babc8d-c5d2-4e3d-8150-f8ab36cee3e2', 'aed7a0e7-54f6-416a-8030-a65374e0c880', 'Concept 1 from Literature?', 'This is the definition and explanation of concept 1 for Literature.', '2026-03-03T07:19:07.296Z');
INSERT INTO cards (id, deck_id, front, back, created_at) VALUES ('e055ca9e-56c7-414a-b0ca-c11ce839a47a', 'aed7a0e7-54f6-416a-8030-a65374e0c880', 'Concept 2 from Literature?', 'This is the definition and explanation of concept 2 for Literature.', '2026-03-03T07:19:07.296Z');
INSERT INTO cards (id, deck_id, front, back, created_at) VALUES ('9cf8aa61-2552-4b1e-9ae6-78688a21116d', 'aed7a0e7-54f6-416a-8030-a65374e0c880', 'Concept 3 from Literature?', 'This is the definition and explanation of concept 3 for Literature.', '2026-03-03T07:19:07.296Z');
INSERT INTO cards (id, deck_id, front, back, created_at) VALUES ('dcd6936e-fbf0-42e5-a8b5-446c4d0d0ee6', 'aed7a0e7-54f6-416a-8030-a65374e0c880', 'Concept 4 from Literature?', 'This is the definition and explanation of concept 4 for Literature.', '2026-03-03T07:19:07.296Z');
INSERT INTO cards (id, deck_id, front, back, created_at) VALUES ('42c98791-603b-43ec-bc56-21133fc7420e', 'aed7a0e7-54f6-416a-8030-a65374e0c880', 'Concept 5 from Literature?', 'This is the definition and explanation of concept 5 for Literature.', '2026-03-03T07:19:07.296Z');
INSERT INTO decks (id, user_id, category_id, name, description, created_at) VALUES ('57ed6e77-77b5-417a-9de6-f8a9e71614e3', NULL, '9e8742ca-0773-4cea-9f4d-80912450fc58', 'Literature Mastery Vol 9', 'An essential study guide covering the core concepts of Literature.', '2026-03-03T07:19:07.296Z');
INSERT INTO cards (id, deck_id, front, back, created_at) VALUES ('280e1707-2d6a-4b3f-89f8-afa4550c663e', '57ed6e77-77b5-417a-9de6-f8a9e71614e3', 'Concept 1 from Literature?', 'This is the definition and explanation of concept 1 for Literature.', '2026-03-03T07:19:07.296Z');
INSERT INTO cards (id, deck_id, front, back, created_at) VALUES ('638a9f0c-d128-4b8a-a7ba-5cc652f83ecf', '57ed6e77-77b5-417a-9de6-f8a9e71614e3', 'Concept 2 from Literature?', 'This is the definition and explanation of concept 2 for Literature.', '2026-03-03T07:19:07.296Z');
INSERT INTO cards (id, deck_id, front, back, created_at) VALUES ('9894a8a8-7cb8-4e24-93a5-b24cd713b864', '57ed6e77-77b5-417a-9de6-f8a9e71614e3', 'Concept 3 from Literature?', 'This is the definition and explanation of concept 3 for Literature.', '2026-03-03T07:19:07.296Z');
INSERT INTO cards (id, deck_id, front, back, created_at) VALUES ('1c3d2483-7516-4b4d-af60-c7de5a4c7711', '57ed6e77-77b5-417a-9de6-f8a9e71614e3', 'Concept 4 from Literature?', 'This is the definition and explanation of concept 4 for Literature.', '2026-03-03T07:19:07.296Z');
INSERT INTO cards (id, deck_id, front, back, created_at) VALUES ('363f4e54-43c8-4b6f-8165-bd9e795f4f06', '57ed6e77-77b5-417a-9de6-f8a9e71614e3', 'Concept 5 from Literature?', 'This is the definition and explanation of concept 5 for Literature.', '2026-03-03T07:19:07.296Z');
INSERT INTO decks (id, user_id, category_id, name, description, created_at) VALUES ('efb795cb-f551-4ed1-aa1a-a70900dd3c69', NULL, '9e8742ca-0773-4cea-9f4d-80912450fc58', 'Literature Mastery Vol 10', 'An essential study guide covering the core concepts of Literature.', '2026-03-03T07:19:07.296Z');
INSERT INTO cards (id, deck_id, front, back, created_at) VALUES ('f8ca86bd-7bb7-4217-a650-3912e36e4b4b', 'efb795cb-f551-4ed1-aa1a-a70900dd3c69', 'Concept 1 from Literature?', 'This is the definition and explanation of concept 1 for Literature.', '2026-03-03T07:19:07.296Z');
INSERT INTO cards (id, deck_id, front, back, created_at) VALUES ('02988559-d76d-45ad-a3f1-d57ff270012c', 'efb795cb-f551-4ed1-aa1a-a70900dd3c69', 'Concept 2 from Literature?', 'This is the definition and explanation of concept 2 for Literature.', '2026-03-03T07:19:07.296Z');
INSERT INTO cards (id, deck_id, front, back, created_at) VALUES ('4393ca16-f8e0-46f0-8cfc-0ab42650934a', 'efb795cb-f551-4ed1-aa1a-a70900dd3c69', 'Concept 3 from Literature?', 'This is the definition and explanation of concept 3 for Literature.', '2026-03-03T07:19:07.296Z');
INSERT INTO cards (id, deck_id, front, back, created_at) VALUES ('dde6a9e5-6f51-40c3-89e0-03359d497a33', 'efb795cb-f551-4ed1-aa1a-a70900dd3c69', 'Concept 4 from Literature?', 'This is the definition and explanation of concept 4 for Literature.', '2026-03-03T07:19:07.296Z');
INSERT INTO cards (id, deck_id, front, back, created_at) VALUES ('d130a127-e737-4d86-b93a-06fbca2976f0', 'efb795cb-f551-4ed1-aa1a-a70900dd3c69', 'Concept 5 from Literature?', 'This is the definition and explanation of concept 5 for Literature.', '2026-03-03T07:19:07.296Z');
INSERT INTO categories (id, name, slug, icon, description, created_at) VALUES ('19dcaaa5-220e-4c77-8786-61caac7ada11', 'Philosophy', 'philosophy', 'i-lucide-brain', 'Ethics, logic, and existentialism.', '2026-03-03T07:19:07.296Z');
INSERT INTO decks (id, user_id, category_id, name, description, created_at) VALUES ('d45bcc4e-83f6-4e41-a442-671c627d6457', NULL, '19dcaaa5-220e-4c77-8786-61caac7ada11', 'Philosophy Mastery Vol 1', 'An essential study guide covering the core concepts of Philosophy.', '2026-03-03T07:19:07.296Z');
INSERT INTO cards (id, deck_id, front, back, created_at) VALUES ('50a365c5-1b6c-4617-b6a1-ed1f95a82d87', 'd45bcc4e-83f6-4e41-a442-671c627d6457', 'Concept 1 from Philosophy?', 'This is the definition and explanation of concept 1 for Philosophy.', '2026-03-03T07:19:07.296Z');
INSERT INTO cards (id, deck_id, front, back, created_at) VALUES ('ccf1fcbb-f3ab-4b35-8064-53054b22bec8', 'd45bcc4e-83f6-4e41-a442-671c627d6457', 'Concept 2 from Philosophy?', 'This is the definition and explanation of concept 2 for Philosophy.', '2026-03-03T07:19:07.296Z');
INSERT INTO cards (id, deck_id, front, back, created_at) VALUES ('557a1da8-04a8-4d2a-a030-0a9afe04ae97', 'd45bcc4e-83f6-4e41-a442-671c627d6457', 'Concept 3 from Philosophy?', 'This is the definition and explanation of concept 3 for Philosophy.', '2026-03-03T07:19:07.296Z');
INSERT INTO cards (id, deck_id, front, back, created_at) VALUES ('b291709b-3e64-4cf5-b7b5-7cecd83489f6', 'd45bcc4e-83f6-4e41-a442-671c627d6457', 'Concept 4 from Philosophy?', 'This is the definition and explanation of concept 4 for Philosophy.', '2026-03-03T07:19:07.296Z');
INSERT INTO cards (id, deck_id, front, back, created_at) VALUES ('4b8226f2-4e9c-4ba1-a3ca-4406e59727ce', 'd45bcc4e-83f6-4e41-a442-671c627d6457', 'Concept 5 from Philosophy?', 'This is the definition and explanation of concept 5 for Philosophy.', '2026-03-03T07:19:07.296Z');
INSERT INTO decks (id, user_id, category_id, name, description, created_at) VALUES ('1a243444-2284-4cf2-a7fe-823d5b2ac807', NULL, '19dcaaa5-220e-4c77-8786-61caac7ada11', 'Philosophy Mastery Vol 2', 'An essential study guide covering the core concepts of Philosophy.', '2026-03-03T07:19:07.296Z');
INSERT INTO cards (id, deck_id, front, back, created_at) VALUES ('bed6dbe3-7056-48c5-be4f-fa8e1851d20d', '1a243444-2284-4cf2-a7fe-823d5b2ac807', 'Concept 1 from Philosophy?', 'This is the definition and explanation of concept 1 for Philosophy.', '2026-03-03T07:19:07.296Z');
INSERT INTO cards (id, deck_id, front, back, created_at) VALUES ('ab771997-5f90-44f6-84a9-b142e7341b9c', '1a243444-2284-4cf2-a7fe-823d5b2ac807', 'Concept 2 from Philosophy?', 'This is the definition and explanation of concept 2 for Philosophy.', '2026-03-03T07:19:07.296Z');
INSERT INTO cards (id, deck_id, front, back, created_at) VALUES ('3e778f53-419e-48fe-9f75-15987a587156', '1a243444-2284-4cf2-a7fe-823d5b2ac807', 'Concept 3 from Philosophy?', 'This is the definition and explanation of concept 3 for Philosophy.', '2026-03-03T07:19:07.296Z');
INSERT INTO cards (id, deck_id, front, back, created_at) VALUES ('099c7de3-5d49-4f89-b6e1-9d65737bc1bc', '1a243444-2284-4cf2-a7fe-823d5b2ac807', 'Concept 4 from Philosophy?', 'This is the definition and explanation of concept 4 for Philosophy.', '2026-03-03T07:19:07.296Z');
INSERT INTO cards (id, deck_id, front, back, created_at) VALUES ('34be1030-4981-40b3-bd3a-8a794813b42a', '1a243444-2284-4cf2-a7fe-823d5b2ac807', 'Concept 5 from Philosophy?', 'This is the definition and explanation of concept 5 for Philosophy.', '2026-03-03T07:19:07.296Z');
INSERT INTO decks (id, user_id, category_id, name, description, created_at) VALUES ('8e2bfc87-e08f-4d6d-bc30-7139532299a5', NULL, '19dcaaa5-220e-4c77-8786-61caac7ada11', 'Philosophy Mastery Vol 3', 'An essential study guide covering the core concepts of Philosophy.', '2026-03-03T07:19:07.296Z');
INSERT INTO cards (id, deck_id, front, back, created_at) VALUES ('126ba53d-8a21-43aa-b886-9cfefc9ed870', '8e2bfc87-e08f-4d6d-bc30-7139532299a5', 'Concept 1 from Philosophy?', 'This is the definition and explanation of concept 1 for Philosophy.', '2026-03-03T07:19:07.296Z');
INSERT INTO cards (id, deck_id, front, back, created_at) VALUES ('aacf2d7b-14e4-4646-a681-6e0bc7f94832', '8e2bfc87-e08f-4d6d-bc30-7139532299a5', 'Concept 2 from Philosophy?', 'This is the definition and explanation of concept 2 for Philosophy.', '2026-03-03T07:19:07.296Z');
INSERT INTO cards (id, deck_id, front, back, created_at) VALUES ('d84256f2-5ae4-45de-8640-a02ce969db74', '8e2bfc87-e08f-4d6d-bc30-7139532299a5', 'Concept 3 from Philosophy?', 'This is the definition and explanation of concept 3 for Philosophy.', '2026-03-03T07:19:07.296Z');
INSERT INTO cards (id, deck_id, front, back, created_at) VALUES ('e0d81b49-d3bb-4ea7-9f56-19b8d5a24d9f', '8e2bfc87-e08f-4d6d-bc30-7139532299a5', 'Concept 4 from Philosophy?', 'This is the definition and explanation of concept 4 for Philosophy.', '2026-03-03T07:19:07.296Z');
INSERT INTO cards (id, deck_id, front, back, created_at) VALUES ('644cf3b6-b1c4-401c-8cf2-c756005ca65d', '8e2bfc87-e08f-4d6d-bc30-7139532299a5', 'Concept 5 from Philosophy?', 'This is the definition and explanation of concept 5 for Philosophy.', '2026-03-03T07:19:07.296Z');
INSERT INTO decks (id, user_id, category_id, name, description, created_at) VALUES ('5c3f7412-9f38-47c1-8ecf-2f76365b17ef', NULL, '19dcaaa5-220e-4c77-8786-61caac7ada11', 'Philosophy Mastery Vol 4', 'An essential study guide covering the core concepts of Philosophy.', '2026-03-03T07:19:07.296Z');
INSERT INTO cards (id, deck_id, front, back, created_at) VALUES ('ee78083e-a2ef-40bb-a998-751225401834', '5c3f7412-9f38-47c1-8ecf-2f76365b17ef', 'Concept 1 from Philosophy?', 'This is the definition and explanation of concept 1 for Philosophy.', '2026-03-03T07:19:07.296Z');
INSERT INTO cards (id, deck_id, front, back, created_at) VALUES ('cc6eb781-9f77-4fa1-847b-63e16610f9c7', '5c3f7412-9f38-47c1-8ecf-2f76365b17ef', 'Concept 2 from Philosophy?', 'This is the definition and explanation of concept 2 for Philosophy.', '2026-03-03T07:19:07.296Z');
INSERT INTO cards (id, deck_id, front, back, created_at) VALUES ('4c8f3b97-d3fd-4edd-9b9f-e1cb3ea3bcb2', '5c3f7412-9f38-47c1-8ecf-2f76365b17ef', 'Concept 3 from Philosophy?', 'This is the definition and explanation of concept 3 for Philosophy.', '2026-03-03T07:19:07.296Z');
INSERT INTO cards (id, deck_id, front, back, created_at) VALUES ('07fe62e3-6a1a-4b11-a699-de3baa7261ac', '5c3f7412-9f38-47c1-8ecf-2f76365b17ef', 'Concept 4 from Philosophy?', 'This is the definition and explanation of concept 4 for Philosophy.', '2026-03-03T07:19:07.296Z');
INSERT INTO cards (id, deck_id, front, back, created_at) VALUES ('483539cf-262a-4a01-82c0-4d659ec351e1', '5c3f7412-9f38-47c1-8ecf-2f76365b17ef', 'Concept 5 from Philosophy?', 'This is the definition and explanation of concept 5 for Philosophy.', '2026-03-03T07:19:07.296Z');
INSERT INTO decks (id, user_id, category_id, name, description, created_at) VALUES ('6da3eae3-1647-4dde-ac04-d0e3d899ffbe', NULL, '19dcaaa5-220e-4c77-8786-61caac7ada11', 'Philosophy Mastery Vol 5', 'An essential study guide covering the core concepts of Philosophy.', '2026-03-03T07:19:07.296Z');
INSERT INTO cards (id, deck_id, front, back, created_at) VALUES ('444755e7-40b5-45d3-b890-4007b78be1df', '6da3eae3-1647-4dde-ac04-d0e3d899ffbe', 'Concept 1 from Philosophy?', 'This is the definition and explanation of concept 1 for Philosophy.', '2026-03-03T07:19:07.296Z');
INSERT INTO cards (id, deck_id, front, back, created_at) VALUES ('9d6b9494-d5cd-43f6-b608-b77ae9433808', '6da3eae3-1647-4dde-ac04-d0e3d899ffbe', 'Concept 2 from Philosophy?', 'This is the definition and explanation of concept 2 for Philosophy.', '2026-03-03T07:19:07.296Z');
INSERT INTO cards (id, deck_id, front, back, created_at) VALUES ('1ccf00e7-bb75-40ec-b92a-3f68d352f39d', '6da3eae3-1647-4dde-ac04-d0e3d899ffbe', 'Concept 3 from Philosophy?', 'This is the definition and explanation of concept 3 for Philosophy.', '2026-03-03T07:19:07.296Z');
INSERT INTO cards (id, deck_id, front, back, created_at) VALUES ('9ff275bb-c7a1-4db6-914d-d5d1f0ad759b', '6da3eae3-1647-4dde-ac04-d0e3d899ffbe', 'Concept 4 from Philosophy?', 'This is the definition and explanation of concept 4 for Philosophy.', '2026-03-03T07:19:07.296Z');
INSERT INTO cards (id, deck_id, front, back, created_at) VALUES ('517c9fc9-7d36-4632-b598-01f814e1af69', '6da3eae3-1647-4dde-ac04-d0e3d899ffbe', 'Concept 5 from Philosophy?', 'This is the definition and explanation of concept 5 for Philosophy.', '2026-03-03T07:19:07.296Z');
INSERT INTO decks (id, user_id, category_id, name, description, created_at) VALUES ('a1ecf37f-7e3c-4030-91b6-1a95589df135', NULL, '19dcaaa5-220e-4c77-8786-61caac7ada11', 'Philosophy Mastery Vol 6', 'An essential study guide covering the core concepts of Philosophy.', '2026-03-03T07:19:07.296Z');
INSERT INTO cards (id, deck_id, front, back, created_at) VALUES ('0adef447-b4aa-4c8d-b068-deb116be6705', 'a1ecf37f-7e3c-4030-91b6-1a95589df135', 'Concept 1 from Philosophy?', 'This is the definition and explanation of concept 1 for Philosophy.', '2026-03-03T07:19:07.296Z');
INSERT INTO cards (id, deck_id, front, back, created_at) VALUES ('d986b179-383d-420a-ac21-892cbc59b069', 'a1ecf37f-7e3c-4030-91b6-1a95589df135', 'Concept 2 from Philosophy?', 'This is the definition and explanation of concept 2 for Philosophy.', '2026-03-03T07:19:07.296Z');
INSERT INTO cards (id, deck_id, front, back, created_at) VALUES ('8f42f8a4-ca85-4c2d-b18d-8ce275dc9c0f', 'a1ecf37f-7e3c-4030-91b6-1a95589df135', 'Concept 3 from Philosophy?', 'This is the definition and explanation of concept 3 for Philosophy.', '2026-03-03T07:19:07.296Z');
INSERT INTO cards (id, deck_id, front, back, created_at) VALUES ('eeb5196d-20a1-405b-8208-446f371d2ade', 'a1ecf37f-7e3c-4030-91b6-1a95589df135', 'Concept 4 from Philosophy?', 'This is the definition and explanation of concept 4 for Philosophy.', '2026-03-03T07:19:07.296Z');
INSERT INTO cards (id, deck_id, front, back, created_at) VALUES ('4f2fa4a7-3e2f-4a4c-8b0e-10d3875f00f3', 'a1ecf37f-7e3c-4030-91b6-1a95589df135', 'Concept 5 from Philosophy?', 'This is the definition and explanation of concept 5 for Philosophy.', '2026-03-03T07:19:07.296Z');
INSERT INTO decks (id, user_id, category_id, name, description, created_at) VALUES ('5f485d5f-4ea0-4c95-ab29-75d24c5112d2', NULL, '19dcaaa5-220e-4c77-8786-61caac7ada11', 'Philosophy Mastery Vol 7', 'An essential study guide covering the core concepts of Philosophy.', '2026-03-03T07:19:07.296Z');
INSERT INTO cards (id, deck_id, front, back, created_at) VALUES ('9b3fd12e-e27d-4270-a2ee-c60ed5687bcd', '5f485d5f-4ea0-4c95-ab29-75d24c5112d2', 'Concept 1 from Philosophy?', 'This is the definition and explanation of concept 1 for Philosophy.', '2026-03-03T07:19:07.296Z');
INSERT INTO cards (id, deck_id, front, back, created_at) VALUES ('acf74461-ad18-4d7d-81a4-2278fc0e7e4b', '5f485d5f-4ea0-4c95-ab29-75d24c5112d2', 'Concept 2 from Philosophy?', 'This is the definition and explanation of concept 2 for Philosophy.', '2026-03-03T07:19:07.296Z');
INSERT INTO cards (id, deck_id, front, back, created_at) VALUES ('92c98533-483d-446b-8e65-52b1720edc97', '5f485d5f-4ea0-4c95-ab29-75d24c5112d2', 'Concept 3 from Philosophy?', 'This is the definition and explanation of concept 3 for Philosophy.', '2026-03-03T07:19:07.296Z');
INSERT INTO cards (id, deck_id, front, back, created_at) VALUES ('60be9eac-1ed1-46d4-94ce-57b1e11daad6', '5f485d5f-4ea0-4c95-ab29-75d24c5112d2', 'Concept 4 from Philosophy?', 'This is the definition and explanation of concept 4 for Philosophy.', '2026-03-03T07:19:07.296Z');
INSERT INTO cards (id, deck_id, front, back, created_at) VALUES ('c348ba63-bbce-4646-9d23-c35134d66993', '5f485d5f-4ea0-4c95-ab29-75d24c5112d2', 'Concept 5 from Philosophy?', 'This is the definition and explanation of concept 5 for Philosophy.', '2026-03-03T07:19:07.296Z');
INSERT INTO decks (id, user_id, category_id, name, description, created_at) VALUES ('7e3fb87a-9f06-4033-ac0c-07b247205561', NULL, '19dcaaa5-220e-4c77-8786-61caac7ada11', 'Philosophy Mastery Vol 8', 'An essential study guide covering the core concepts of Philosophy.', '2026-03-03T07:19:07.296Z');
INSERT INTO cards (id, deck_id, front, back, created_at) VALUES ('7824c2d1-3d09-47bd-90d2-3fcbe0bd5531', '7e3fb87a-9f06-4033-ac0c-07b247205561', 'Concept 1 from Philosophy?', 'This is the definition and explanation of concept 1 for Philosophy.', '2026-03-03T07:19:07.296Z');
INSERT INTO cards (id, deck_id, front, back, created_at) VALUES ('56a83da6-7c6c-4464-9359-72574beda91b', '7e3fb87a-9f06-4033-ac0c-07b247205561', 'Concept 2 from Philosophy?', 'This is the definition and explanation of concept 2 for Philosophy.', '2026-03-03T07:19:07.296Z');
INSERT INTO cards (id, deck_id, front, back, created_at) VALUES ('c273962f-97a9-43af-a33a-1a4bb5d9e73f', '7e3fb87a-9f06-4033-ac0c-07b247205561', 'Concept 3 from Philosophy?', 'This is the definition and explanation of concept 3 for Philosophy.', '2026-03-03T07:19:07.296Z');
INSERT INTO cards (id, deck_id, front, back, created_at) VALUES ('b9a75b41-5791-4d4c-b18c-a6c8d35016f7', '7e3fb87a-9f06-4033-ac0c-07b247205561', 'Concept 4 from Philosophy?', 'This is the definition and explanation of concept 4 for Philosophy.', '2026-03-03T07:19:07.296Z');
INSERT INTO cards (id, deck_id, front, back, created_at) VALUES ('331c2833-f1c5-4fec-8282-b39aa0999516', '7e3fb87a-9f06-4033-ac0c-07b247205561', 'Concept 5 from Philosophy?', 'This is the definition and explanation of concept 5 for Philosophy.', '2026-03-03T07:19:07.296Z');
INSERT INTO decks (id, user_id, category_id, name, description, created_at) VALUES ('d75722d5-a992-4ea4-8276-41eb97420956', NULL, '19dcaaa5-220e-4c77-8786-61caac7ada11', 'Philosophy Mastery Vol 9', 'An essential study guide covering the core concepts of Philosophy.', '2026-03-03T07:19:07.296Z');
INSERT INTO cards (id, deck_id, front, back, created_at) VALUES ('83e88c1a-e3aa-4351-8bf7-d0ba01a4bd35', 'd75722d5-a992-4ea4-8276-41eb97420956', 'Concept 1 from Philosophy?', 'This is the definition and explanation of concept 1 for Philosophy.', '2026-03-03T07:19:07.296Z');
INSERT INTO cards (id, deck_id, front, back, created_at) VALUES ('84fd93ce-105b-4172-ac99-9cad45d29ef9', 'd75722d5-a992-4ea4-8276-41eb97420956', 'Concept 2 from Philosophy?', 'This is the definition and explanation of concept 2 for Philosophy.', '2026-03-03T07:19:07.296Z');
INSERT INTO cards (id, deck_id, front, back, created_at) VALUES ('0d355560-25ee-4045-a510-bff725cb1710', 'd75722d5-a992-4ea4-8276-41eb97420956', 'Concept 3 from Philosophy?', 'This is the definition and explanation of concept 3 for Philosophy.', '2026-03-03T07:19:07.296Z');
INSERT INTO cards (id, deck_id, front, back, created_at) VALUES ('20e280a0-c2c5-431a-b8db-a5eab7fdded2', 'd75722d5-a992-4ea4-8276-41eb97420956', 'Concept 4 from Philosophy?', 'This is the definition and explanation of concept 4 for Philosophy.', '2026-03-03T07:19:07.296Z');
INSERT INTO cards (id, deck_id, front, back, created_at) VALUES ('70a395c9-07c6-43b5-9627-f1be01d3907a', 'd75722d5-a992-4ea4-8276-41eb97420956', 'Concept 5 from Philosophy?', 'This is the definition and explanation of concept 5 for Philosophy.', '2026-03-03T07:19:07.296Z');
INSERT INTO decks (id, user_id, category_id, name, description, created_at) VALUES ('675c3e4c-dc0a-4e8c-9d1b-48b985f25bbd', NULL, '19dcaaa5-220e-4c77-8786-61caac7ada11', 'Philosophy Mastery Vol 10', 'An essential study guide covering the core concepts of Philosophy.', '2026-03-03T07:19:07.296Z');
INSERT INTO cards (id, deck_id, front, back, created_at) VALUES ('7d7df25a-c406-43d3-b620-b8848668812d', '675c3e4c-dc0a-4e8c-9d1b-48b985f25bbd', 'Concept 1 from Philosophy?', 'This is the definition and explanation of concept 1 for Philosophy.', '2026-03-03T07:19:07.296Z');
INSERT INTO cards (id, deck_id, front, back, created_at) VALUES ('278327d6-8277-4742-96b1-3f8dffb860ec', '675c3e4c-dc0a-4e8c-9d1b-48b985f25bbd', 'Concept 2 from Philosophy?', 'This is the definition and explanation of concept 2 for Philosophy.', '2026-03-03T07:19:07.296Z');
INSERT INTO cards (id, deck_id, front, back, created_at) VALUES ('afc4e5fd-946d-45c3-b32b-34fb661bcab1', '675c3e4c-dc0a-4e8c-9d1b-48b985f25bbd', 'Concept 3 from Philosophy?', 'This is the definition and explanation of concept 3 for Philosophy.', '2026-03-03T07:19:07.296Z');
INSERT INTO cards (id, deck_id, front, back, created_at) VALUES ('ce80d442-02bf-4b9d-bf0b-c9be841882c9', '675c3e4c-dc0a-4e8c-9d1b-48b985f25bbd', 'Concept 4 from Philosophy?', 'This is the definition and explanation of concept 4 for Philosophy.', '2026-03-03T07:19:07.296Z');
INSERT INTO cards (id, deck_id, front, back, created_at) VALUES ('910da634-94f0-4c8e-8011-a3ee84fc2cd0', '675c3e4c-dc0a-4e8c-9d1b-48b985f25bbd', 'Concept 5 from Philosophy?', 'This is the definition and explanation of concept 5 for Philosophy.', '2026-03-03T07:19:07.296Z');
INSERT INTO categories (id, name, slug, icon, description, created_at) VALUES ('16a46e9e-5f49-4336-ade3-a866a26aaa5f', 'Psychology', 'psychology', 'i-lucide-user', 'Mind, behavior, and cognitive processes.', '2026-03-03T07:19:07.296Z');
INSERT INTO decks (id, user_id, category_id, name, description, created_at) VALUES ('5f864cd6-a6fd-4503-b041-7614a006be13', NULL, '16a46e9e-5f49-4336-ade3-a866a26aaa5f', 'Psychology Mastery Vol 1', 'An essential study guide covering the core concepts of Psychology.', '2026-03-03T07:19:07.296Z');
INSERT INTO cards (id, deck_id, front, back, created_at) VALUES ('93f81881-fda9-43e7-b5df-f68dafb4bbe5', '5f864cd6-a6fd-4503-b041-7614a006be13', 'Concept 1 from Psychology?', 'This is the definition and explanation of concept 1 for Psychology.', '2026-03-03T07:19:07.296Z');
INSERT INTO cards (id, deck_id, front, back, created_at) VALUES ('b02fae04-a2db-4d54-ad7c-dcbf26a51a47', '5f864cd6-a6fd-4503-b041-7614a006be13', 'Concept 2 from Psychology?', 'This is the definition and explanation of concept 2 for Psychology.', '2026-03-03T07:19:07.296Z');
INSERT INTO cards (id, deck_id, front, back, created_at) VALUES ('5473487a-7725-4859-9721-cb28f96067fb', '5f864cd6-a6fd-4503-b041-7614a006be13', 'Concept 3 from Psychology?', 'This is the definition and explanation of concept 3 for Psychology.', '2026-03-03T07:19:07.296Z');
INSERT INTO cards (id, deck_id, front, back, created_at) VALUES ('c3ddacba-1faf-46dd-9ee8-f1e63aa27562', '5f864cd6-a6fd-4503-b041-7614a006be13', 'Concept 4 from Psychology?', 'This is the definition and explanation of concept 4 for Psychology.', '2026-03-03T07:19:07.296Z');
INSERT INTO cards (id, deck_id, front, back, created_at) VALUES ('d346ded6-b02c-45b1-8088-e16dbf3130b7', '5f864cd6-a6fd-4503-b041-7614a006be13', 'Concept 5 from Psychology?', 'This is the definition and explanation of concept 5 for Psychology.', '2026-03-03T07:19:07.296Z');
INSERT INTO decks (id, user_id, category_id, name, description, created_at) VALUES ('17dc4b5e-ac5b-4f80-a557-ec04bf034012', NULL, '16a46e9e-5f49-4336-ade3-a866a26aaa5f', 'Psychology Mastery Vol 2', 'An essential study guide covering the core concepts of Psychology.', '2026-03-03T07:19:07.296Z');
INSERT INTO cards (id, deck_id, front, back, created_at) VALUES ('37161f32-c4cf-4034-8435-9b76a6cadbd7', '17dc4b5e-ac5b-4f80-a557-ec04bf034012', 'Concept 1 from Psychology?', 'This is the definition and explanation of concept 1 for Psychology.', '2026-03-03T07:19:07.296Z');
INSERT INTO cards (id, deck_id, front, back, created_at) VALUES ('d1c217f4-4992-473e-b5fd-389de1adaba6', '17dc4b5e-ac5b-4f80-a557-ec04bf034012', 'Concept 2 from Psychology?', 'This is the definition and explanation of concept 2 for Psychology.', '2026-03-03T07:19:07.296Z');
INSERT INTO cards (id, deck_id, front, back, created_at) VALUES ('dc41cbdb-75fe-4352-b513-b5d5489b0a10', '17dc4b5e-ac5b-4f80-a557-ec04bf034012', 'Concept 3 from Psychology?', 'This is the definition and explanation of concept 3 for Psychology.', '2026-03-03T07:19:07.296Z');
INSERT INTO cards (id, deck_id, front, back, created_at) VALUES ('dd4f574e-27ad-4c80-8366-24dac5e22640', '17dc4b5e-ac5b-4f80-a557-ec04bf034012', 'Concept 4 from Psychology?', 'This is the definition and explanation of concept 4 for Psychology.', '2026-03-03T07:19:07.296Z');
INSERT INTO cards (id, deck_id, front, back, created_at) VALUES ('5deede6a-299e-47d6-8d30-e9f730efe25b', '17dc4b5e-ac5b-4f80-a557-ec04bf034012', 'Concept 5 from Psychology?', 'This is the definition and explanation of concept 5 for Psychology.', '2026-03-03T07:19:07.296Z');
INSERT INTO decks (id, user_id, category_id, name, description, created_at) VALUES ('d88ce88c-d122-493d-8c54-11aeeb944742', NULL, '16a46e9e-5f49-4336-ade3-a866a26aaa5f', 'Psychology Mastery Vol 3', 'An essential study guide covering the core concepts of Psychology.', '2026-03-03T07:19:07.296Z');
INSERT INTO cards (id, deck_id, front, back, created_at) VALUES ('3abc635e-799b-4e1f-b8cf-30309812c4d2', 'd88ce88c-d122-493d-8c54-11aeeb944742', 'Concept 1 from Psychology?', 'This is the definition and explanation of concept 1 for Psychology.', '2026-03-03T07:19:07.296Z');
INSERT INTO cards (id, deck_id, front, back, created_at) VALUES ('c605751f-7572-4f53-80b9-ee2e5c8ec508', 'd88ce88c-d122-493d-8c54-11aeeb944742', 'Concept 2 from Psychology?', 'This is the definition and explanation of concept 2 for Psychology.', '2026-03-03T07:19:07.296Z');
INSERT INTO cards (id, deck_id, front, back, created_at) VALUES ('32a6b0c0-e4be-4e9e-8c18-f0ff10b871f8', 'd88ce88c-d122-493d-8c54-11aeeb944742', 'Concept 3 from Psychology?', 'This is the definition and explanation of concept 3 for Psychology.', '2026-03-03T07:19:07.296Z');
INSERT INTO cards (id, deck_id, front, back, created_at) VALUES ('6aa68587-3677-4ed2-819e-d8ac2048d73d', 'd88ce88c-d122-493d-8c54-11aeeb944742', 'Concept 4 from Psychology?', 'This is the definition and explanation of concept 4 for Psychology.', '2026-03-03T07:19:07.296Z');
INSERT INTO cards (id, deck_id, front, back, created_at) VALUES ('4b7ae8b3-7d86-4bb9-b6bf-cbe8559b5258', 'd88ce88c-d122-493d-8c54-11aeeb944742', 'Concept 5 from Psychology?', 'This is the definition and explanation of concept 5 for Psychology.', '2026-03-03T07:19:07.296Z');
INSERT INTO decks (id, user_id, category_id, name, description, created_at) VALUES ('3590da14-108b-41f4-9977-ac1c252c88e9', NULL, '16a46e9e-5f49-4336-ade3-a866a26aaa5f', 'Psychology Mastery Vol 4', 'An essential study guide covering the core concepts of Psychology.', '2026-03-03T07:19:07.296Z');
INSERT INTO cards (id, deck_id, front, back, created_at) VALUES ('5547410d-8dac-4ee6-afd6-22934cc284f1', '3590da14-108b-41f4-9977-ac1c252c88e9', 'Concept 1 from Psychology?', 'This is the definition and explanation of concept 1 for Psychology.', '2026-03-03T07:19:07.296Z');
INSERT INTO cards (id, deck_id, front, back, created_at) VALUES ('11b1ebd9-f670-434e-b674-5f02012d4748', '3590da14-108b-41f4-9977-ac1c252c88e9', 'Concept 2 from Psychology?', 'This is the definition and explanation of concept 2 for Psychology.', '2026-03-03T07:19:07.296Z');
INSERT INTO cards (id, deck_id, front, back, created_at) VALUES ('339510f6-6dc4-412c-a417-88645bfc1b8a', '3590da14-108b-41f4-9977-ac1c252c88e9', 'Concept 3 from Psychology?', 'This is the definition and explanation of concept 3 for Psychology.', '2026-03-03T07:19:07.296Z');
INSERT INTO cards (id, deck_id, front, back, created_at) VALUES ('0daf39e2-4619-42f4-baac-d33402bda2e8', '3590da14-108b-41f4-9977-ac1c252c88e9', 'Concept 4 from Psychology?', 'This is the definition and explanation of concept 4 for Psychology.', '2026-03-03T07:19:07.296Z');
INSERT INTO cards (id, deck_id, front, back, created_at) VALUES ('a124faa7-c8a4-4644-86e9-3972d80c0c86', '3590da14-108b-41f4-9977-ac1c252c88e9', 'Concept 5 from Psychology?', 'This is the definition and explanation of concept 5 for Psychology.', '2026-03-03T07:19:07.296Z');
INSERT INTO decks (id, user_id, category_id, name, description, created_at) VALUES ('e791389b-ab3b-4229-afdf-db38779f03e6', NULL, '16a46e9e-5f49-4336-ade3-a866a26aaa5f', 'Psychology Mastery Vol 5', 'An essential study guide covering the core concepts of Psychology.', '2026-03-03T07:19:07.296Z');
INSERT INTO cards (id, deck_id, front, back, created_at) VALUES ('d773c1a8-bfe1-4141-a742-e22d4081987c', 'e791389b-ab3b-4229-afdf-db38779f03e6', 'Concept 1 from Psychology?', 'This is the definition and explanation of concept 1 for Psychology.', '2026-03-03T07:19:07.296Z');
INSERT INTO cards (id, deck_id, front, back, created_at) VALUES ('c2c75f12-e77a-44ff-b022-a07c81033236', 'e791389b-ab3b-4229-afdf-db38779f03e6', 'Concept 2 from Psychology?', 'This is the definition and explanation of concept 2 for Psychology.', '2026-03-03T07:19:07.296Z');
INSERT INTO cards (id, deck_id, front, back, created_at) VALUES ('9f91759d-6eff-4bda-ad6f-ccc925e6acdc', 'e791389b-ab3b-4229-afdf-db38779f03e6', 'Concept 3 from Psychology?', 'This is the definition and explanation of concept 3 for Psychology.', '2026-03-03T07:19:07.296Z');
INSERT INTO cards (id, deck_id, front, back, created_at) VALUES ('83291728-e30c-4617-a6bd-eb1c1dc049fa', 'e791389b-ab3b-4229-afdf-db38779f03e6', 'Concept 4 from Psychology?', 'This is the definition and explanation of concept 4 for Psychology.', '2026-03-03T07:19:07.296Z');
INSERT INTO cards (id, deck_id, front, back, created_at) VALUES ('678dd689-246d-4417-9ce3-69e6999d7adb', 'e791389b-ab3b-4229-afdf-db38779f03e6', 'Concept 5 from Psychology?', 'This is the definition and explanation of concept 5 for Psychology.', '2026-03-03T07:19:07.296Z');
INSERT INTO decks (id, user_id, category_id, name, description, created_at) VALUES ('cf47ea7c-c7a1-44a3-93e8-7cd42b3f2490', NULL, '16a46e9e-5f49-4336-ade3-a866a26aaa5f', 'Psychology Mastery Vol 6', 'An essential study guide covering the core concepts of Psychology.', '2026-03-03T07:19:07.296Z');
INSERT INTO cards (id, deck_id, front, back, created_at) VALUES ('bd32101c-43fc-4673-8352-4ceda8dd1651', 'cf47ea7c-c7a1-44a3-93e8-7cd42b3f2490', 'Concept 1 from Psychology?', 'This is the definition and explanation of concept 1 for Psychology.', '2026-03-03T07:19:07.296Z');
INSERT INTO cards (id, deck_id, front, back, created_at) VALUES ('c4709964-c9ff-4fc5-b5f3-58662c1ea01d', 'cf47ea7c-c7a1-44a3-93e8-7cd42b3f2490', 'Concept 2 from Psychology?', 'This is the definition and explanation of concept 2 for Psychology.', '2026-03-03T07:19:07.296Z');
INSERT INTO cards (id, deck_id, front, back, created_at) VALUES ('80e8169b-2091-4aa0-99dc-9a306b7e7f76', 'cf47ea7c-c7a1-44a3-93e8-7cd42b3f2490', 'Concept 3 from Psychology?', 'This is the definition and explanation of concept 3 for Psychology.', '2026-03-03T07:19:07.296Z');
INSERT INTO cards (id, deck_id, front, back, created_at) VALUES ('9d95e8a6-eaea-409f-b23a-270b7ebc7174', 'cf47ea7c-c7a1-44a3-93e8-7cd42b3f2490', 'Concept 4 from Psychology?', 'This is the definition and explanation of concept 4 for Psychology.', '2026-03-03T07:19:07.296Z');
INSERT INTO cards (id, deck_id, front, back, created_at) VALUES ('f2b4b4ea-4e3a-4425-a01d-8687714b1214', 'cf47ea7c-c7a1-44a3-93e8-7cd42b3f2490', 'Concept 5 from Psychology?', 'This is the definition and explanation of concept 5 for Psychology.', '2026-03-03T07:19:07.296Z');
INSERT INTO decks (id, user_id, category_id, name, description, created_at) VALUES ('a75e7bf1-cf14-4423-906c-d33fc0526929', NULL, '16a46e9e-5f49-4336-ade3-a866a26aaa5f', 'Psychology Mastery Vol 7', 'An essential study guide covering the core concepts of Psychology.', '2026-03-03T07:19:07.296Z');
INSERT INTO cards (id, deck_id, front, back, created_at) VALUES ('ae3bf8f2-cf0e-484d-93b4-042a501adc9d', 'a75e7bf1-cf14-4423-906c-d33fc0526929', 'Concept 1 from Psychology?', 'This is the definition and explanation of concept 1 for Psychology.', '2026-03-03T07:19:07.296Z');
INSERT INTO cards (id, deck_id, front, back, created_at) VALUES ('f916f4e1-6a60-4b00-b8da-086b73706777', 'a75e7bf1-cf14-4423-906c-d33fc0526929', 'Concept 2 from Psychology?', 'This is the definition and explanation of concept 2 for Psychology.', '2026-03-03T07:19:07.296Z');
INSERT INTO cards (id, deck_id, front, back, created_at) VALUES ('6727fbe2-accd-43db-8a90-0d9d86081a34', 'a75e7bf1-cf14-4423-906c-d33fc0526929', 'Concept 3 from Psychology?', 'This is the definition and explanation of concept 3 for Psychology.', '2026-03-03T07:19:07.296Z');
INSERT INTO cards (id, deck_id, front, back, created_at) VALUES ('c6140700-a7c5-414a-b928-3deb2b82ee3c', 'a75e7bf1-cf14-4423-906c-d33fc0526929', 'Concept 4 from Psychology?', 'This is the definition and explanation of concept 4 for Psychology.', '2026-03-03T07:19:07.296Z');
INSERT INTO cards (id, deck_id, front, back, created_at) VALUES ('5dac6cb1-83d8-405b-9f2e-02cc0bcc4fe5', 'a75e7bf1-cf14-4423-906c-d33fc0526929', 'Concept 5 from Psychology?', 'This is the definition and explanation of concept 5 for Psychology.', '2026-03-03T07:19:07.296Z');
INSERT INTO decks (id, user_id, category_id, name, description, created_at) VALUES ('c503ebcb-499f-4e19-94e3-f3b1324505c9', NULL, '16a46e9e-5f49-4336-ade3-a866a26aaa5f', 'Psychology Mastery Vol 8', 'An essential study guide covering the core concepts of Psychology.', '2026-03-03T07:19:07.296Z');
INSERT INTO cards (id, deck_id, front, back, created_at) VALUES ('5aa9abbe-4095-4816-b16c-d9e19b7d60d0', 'c503ebcb-499f-4e19-94e3-f3b1324505c9', 'Concept 1 from Psychology?', 'This is the definition and explanation of concept 1 for Psychology.', '2026-03-03T07:19:07.296Z');
INSERT INTO cards (id, deck_id, front, back, created_at) VALUES ('7026199d-2caf-4701-a586-1da2d8a2d52a', 'c503ebcb-499f-4e19-94e3-f3b1324505c9', 'Concept 2 from Psychology?', 'This is the definition and explanation of concept 2 for Psychology.', '2026-03-03T07:19:07.296Z');
INSERT INTO cards (id, deck_id, front, back, created_at) VALUES ('0d57e8e6-a282-4793-ae0f-0e2250bae4e3', 'c503ebcb-499f-4e19-94e3-f3b1324505c9', 'Concept 3 from Psychology?', 'This is the definition and explanation of concept 3 for Psychology.', '2026-03-03T07:19:07.296Z');
INSERT INTO cards (id, deck_id, front, back, created_at) VALUES ('7cf0d890-8785-4f31-9370-94ce5be67249', 'c503ebcb-499f-4e19-94e3-f3b1324505c9', 'Concept 4 from Psychology?', 'This is the definition and explanation of concept 4 for Psychology.', '2026-03-03T07:19:07.296Z');
INSERT INTO cards (id, deck_id, front, back, created_at) VALUES ('9e1cead3-8398-49f6-80bd-a6059b8d396f', 'c503ebcb-499f-4e19-94e3-f3b1324505c9', 'Concept 5 from Psychology?', 'This is the definition and explanation of concept 5 for Psychology.', '2026-03-03T07:19:07.296Z');
INSERT INTO decks (id, user_id, category_id, name, description, created_at) VALUES ('97d5686b-b57e-4bc5-94a3-7cfeecd48b0d', NULL, '16a46e9e-5f49-4336-ade3-a866a26aaa5f', 'Psychology Mastery Vol 9', 'An essential study guide covering the core concepts of Psychology.', '2026-03-03T07:19:07.296Z');
INSERT INTO cards (id, deck_id, front, back, created_at) VALUES ('5cf3c61b-0048-436d-b7bf-129ac3090cac', '97d5686b-b57e-4bc5-94a3-7cfeecd48b0d', 'Concept 1 from Psychology?', 'This is the definition and explanation of concept 1 for Psychology.', '2026-03-03T07:19:07.296Z');
INSERT INTO cards (id, deck_id, front, back, created_at) VALUES ('e2377821-f97b-4646-a3ef-15cce7133469', '97d5686b-b57e-4bc5-94a3-7cfeecd48b0d', 'Concept 2 from Psychology?', 'This is the definition and explanation of concept 2 for Psychology.', '2026-03-03T07:19:07.296Z');
INSERT INTO cards (id, deck_id, front, back, created_at) VALUES ('a344de48-2ec4-4706-8030-a694acee9bbb', '97d5686b-b57e-4bc5-94a3-7cfeecd48b0d', 'Concept 3 from Psychology?', 'This is the definition and explanation of concept 3 for Psychology.', '2026-03-03T07:19:07.296Z');
INSERT INTO cards (id, deck_id, front, back, created_at) VALUES ('787f6396-d100-49ed-90ae-5cd11f279b6a', '97d5686b-b57e-4bc5-94a3-7cfeecd48b0d', 'Concept 4 from Psychology?', 'This is the definition and explanation of concept 4 for Psychology.', '2026-03-03T07:19:07.296Z');
INSERT INTO cards (id, deck_id, front, back, created_at) VALUES ('99a609fd-ce7c-4ee0-b4ae-eaa2c5dc8499', '97d5686b-b57e-4bc5-94a3-7cfeecd48b0d', 'Concept 5 from Psychology?', 'This is the definition and explanation of concept 5 for Psychology.', '2026-03-03T07:19:07.296Z');
INSERT INTO decks (id, user_id, category_id, name, description, created_at) VALUES ('148dc081-daf2-4347-9cb7-a3fc2f464438', NULL, '16a46e9e-5f49-4336-ade3-a866a26aaa5f', 'Psychology Mastery Vol 10', 'An essential study guide covering the core concepts of Psychology.', '2026-03-03T07:19:07.296Z');
INSERT INTO cards (id, deck_id, front, back, created_at) VALUES ('330e73c2-6214-489b-8a78-17cd56e55edb', '148dc081-daf2-4347-9cb7-a3fc2f464438', 'Concept 1 from Psychology?', 'This is the definition and explanation of concept 1 for Psychology.', '2026-03-03T07:19:07.296Z');
INSERT INTO cards (id, deck_id, front, back, created_at) VALUES ('30406dff-661a-4c93-a937-e5d9872c5c72', '148dc081-daf2-4347-9cb7-a3fc2f464438', 'Concept 2 from Psychology?', 'This is the definition and explanation of concept 2 for Psychology.', '2026-03-03T07:19:07.296Z');
INSERT INTO cards (id, deck_id, front, back, created_at) VALUES ('08ab4fbb-a460-478b-8505-3d3d163b8131', '148dc081-daf2-4347-9cb7-a3fc2f464438', 'Concept 3 from Psychology?', 'This is the definition and explanation of concept 3 for Psychology.', '2026-03-03T07:19:07.296Z');
INSERT INTO cards (id, deck_id, front, back, created_at) VALUES ('dbfa95a0-2cbf-4429-a5c1-8ffea897aed5', '148dc081-daf2-4347-9cb7-a3fc2f464438', 'Concept 4 from Psychology?', 'This is the definition and explanation of concept 4 for Psychology.', '2026-03-03T07:19:07.296Z');
INSERT INTO cards (id, deck_id, front, back, created_at) VALUES ('95917413-3e05-4641-9bcb-ecbdf17cd7e2', '148dc081-daf2-4347-9cb7-a3fc2f464438', 'Concept 5 from Psychology?', 'This is the definition and explanation of concept 5 for Psychology.', '2026-03-03T07:19:07.296Z');
INSERT INTO categories (id, name, slug, icon, description, created_at) VALUES ('55ec6320-06f4-4a00-b532-2fe3b08a930e', 'Sociology', 'sociology', 'i-lucide-users', 'Society, social behavior, and culture.', '2026-03-03T07:19:07.296Z');
INSERT INTO decks (id, user_id, category_id, name, description, created_at) VALUES ('5b9dacc1-0396-4eca-b329-fdd8c042dd48', NULL, '55ec6320-06f4-4a00-b532-2fe3b08a930e', 'Sociology Mastery Vol 1', 'An essential study guide covering the core concepts of Sociology.', '2026-03-03T07:19:07.296Z');
INSERT INTO cards (id, deck_id, front, back, created_at) VALUES ('5f33a80f-489f-43b1-9c36-034edd9cf6cc', '5b9dacc1-0396-4eca-b329-fdd8c042dd48', 'Concept 1 from Sociology?', 'This is the definition and explanation of concept 1 for Sociology.', '2026-03-03T07:19:07.296Z');
INSERT INTO cards (id, deck_id, front, back, created_at) VALUES ('58c651fe-42b3-410f-b84c-614701ecf926', '5b9dacc1-0396-4eca-b329-fdd8c042dd48', 'Concept 2 from Sociology?', 'This is the definition and explanation of concept 2 for Sociology.', '2026-03-03T07:19:07.296Z');
INSERT INTO cards (id, deck_id, front, back, created_at) VALUES ('f90cd98d-7c6f-4800-8fed-720b94185788', '5b9dacc1-0396-4eca-b329-fdd8c042dd48', 'Concept 3 from Sociology?', 'This is the definition and explanation of concept 3 for Sociology.', '2026-03-03T07:19:07.296Z');
INSERT INTO cards (id, deck_id, front, back, created_at) VALUES ('1d69c733-789a-499b-9e55-621f14b9d0e1', '5b9dacc1-0396-4eca-b329-fdd8c042dd48', 'Concept 4 from Sociology?', 'This is the definition and explanation of concept 4 for Sociology.', '2026-03-03T07:19:07.296Z');
INSERT INTO cards (id, deck_id, front, back, created_at) VALUES ('b0189d8d-7f39-487f-8add-918229600e2d', '5b9dacc1-0396-4eca-b329-fdd8c042dd48', 'Concept 5 from Sociology?', 'This is the definition and explanation of concept 5 for Sociology.', '2026-03-03T07:19:07.296Z');
INSERT INTO decks (id, user_id, category_id, name, description, created_at) VALUES ('d657026a-6b13-4e39-93de-1b9e821bfe07', NULL, '55ec6320-06f4-4a00-b532-2fe3b08a930e', 'Sociology Mastery Vol 2', 'An essential study guide covering the core concepts of Sociology.', '2026-03-03T07:19:07.296Z');
INSERT INTO cards (id, deck_id, front, back, created_at) VALUES ('6314b2bb-9bf3-4586-b76f-13e95b03306e', 'd657026a-6b13-4e39-93de-1b9e821bfe07', 'Concept 1 from Sociology?', 'This is the definition and explanation of concept 1 for Sociology.', '2026-03-03T07:19:07.296Z');
INSERT INTO cards (id, deck_id, front, back, created_at) VALUES ('5b8beea7-2310-4633-b386-7df2e0e6c180', 'd657026a-6b13-4e39-93de-1b9e821bfe07', 'Concept 2 from Sociology?', 'This is the definition and explanation of concept 2 for Sociology.', '2026-03-03T07:19:07.296Z');
INSERT INTO cards (id, deck_id, front, back, created_at) VALUES ('ba9ef9bb-966c-4e6a-b0dd-0c1df77f6e7f', 'd657026a-6b13-4e39-93de-1b9e821bfe07', 'Concept 3 from Sociology?', 'This is the definition and explanation of concept 3 for Sociology.', '2026-03-03T07:19:07.296Z');
INSERT INTO cards (id, deck_id, front, back, created_at) VALUES ('53f080c8-ccf5-406e-94b1-3c7b854686f0', 'd657026a-6b13-4e39-93de-1b9e821bfe07', 'Concept 4 from Sociology?', 'This is the definition and explanation of concept 4 for Sociology.', '2026-03-03T07:19:07.296Z');
INSERT INTO cards (id, deck_id, front, back, created_at) VALUES ('986bb8ee-184b-4bc7-8bf2-c32f67f63b14', 'd657026a-6b13-4e39-93de-1b9e821bfe07', 'Concept 5 from Sociology?', 'This is the definition and explanation of concept 5 for Sociology.', '2026-03-03T07:19:07.296Z');
INSERT INTO decks (id, user_id, category_id, name, description, created_at) VALUES ('ba956110-679b-4dbd-bb5b-c8975d32b5a3', NULL, '55ec6320-06f4-4a00-b532-2fe3b08a930e', 'Sociology Mastery Vol 3', 'An essential study guide covering the core concepts of Sociology.', '2026-03-03T07:19:07.296Z');
INSERT INTO cards (id, deck_id, front, back, created_at) VALUES ('44409af2-c3e3-4f3b-be0a-06cb3b3d44eb', 'ba956110-679b-4dbd-bb5b-c8975d32b5a3', 'Concept 1 from Sociology?', 'This is the definition and explanation of concept 1 for Sociology.', '2026-03-03T07:19:07.296Z');
INSERT INTO cards (id, deck_id, front, back, created_at) VALUES ('e7b2ae5f-2020-4d11-a699-88001206e82f', 'ba956110-679b-4dbd-bb5b-c8975d32b5a3', 'Concept 2 from Sociology?', 'This is the definition and explanation of concept 2 for Sociology.', '2026-03-03T07:19:07.296Z');
INSERT INTO cards (id, deck_id, front, back, created_at) VALUES ('07796d83-611a-401d-9e70-e494f634fab6', 'ba956110-679b-4dbd-bb5b-c8975d32b5a3', 'Concept 3 from Sociology?', 'This is the definition and explanation of concept 3 for Sociology.', '2026-03-03T07:19:07.296Z');
INSERT INTO cards (id, deck_id, front, back, created_at) VALUES ('f5c2184f-9b46-4424-a816-b6aabdfb21a8', 'ba956110-679b-4dbd-bb5b-c8975d32b5a3', 'Concept 4 from Sociology?', 'This is the definition and explanation of concept 4 for Sociology.', '2026-03-03T07:19:07.296Z');
INSERT INTO cards (id, deck_id, front, back, created_at) VALUES ('2a7e8f73-aa19-4250-8ae6-a6743df4637c', 'ba956110-679b-4dbd-bb5b-c8975d32b5a3', 'Concept 5 from Sociology?', 'This is the definition and explanation of concept 5 for Sociology.', '2026-03-03T07:19:07.296Z');
INSERT INTO decks (id, user_id, category_id, name, description, created_at) VALUES ('e51e3dda-eb30-4a4b-9182-5e2b54ffd0b2', NULL, '55ec6320-06f4-4a00-b532-2fe3b08a930e', 'Sociology Mastery Vol 4', 'An essential study guide covering the core concepts of Sociology.', '2026-03-03T07:19:07.296Z');
INSERT INTO cards (id, deck_id, front, back, created_at) VALUES ('45c07a83-114e-49a7-a887-f2f034ef994c', 'e51e3dda-eb30-4a4b-9182-5e2b54ffd0b2', 'Concept 1 from Sociology?', 'This is the definition and explanation of concept 1 for Sociology.', '2026-03-03T07:19:07.296Z');
INSERT INTO cards (id, deck_id, front, back, created_at) VALUES ('9d5de2cb-ecea-445e-9279-95d872e8e21d', 'e51e3dda-eb30-4a4b-9182-5e2b54ffd0b2', 'Concept 2 from Sociology?', 'This is the definition and explanation of concept 2 for Sociology.', '2026-03-03T07:19:07.296Z');
INSERT INTO cards (id, deck_id, front, back, created_at) VALUES ('8b276160-ac64-4a4a-b3dc-f7c2813dc9bd', 'e51e3dda-eb30-4a4b-9182-5e2b54ffd0b2', 'Concept 3 from Sociology?', 'This is the definition and explanation of concept 3 for Sociology.', '2026-03-03T07:19:07.296Z');
INSERT INTO cards (id, deck_id, front, back, created_at) VALUES ('1c7db889-136f-4491-bf34-12d90aec6123', 'e51e3dda-eb30-4a4b-9182-5e2b54ffd0b2', 'Concept 4 from Sociology?', 'This is the definition and explanation of concept 4 for Sociology.', '2026-03-03T07:19:07.296Z');
INSERT INTO cards (id, deck_id, front, back, created_at) VALUES ('91c94f72-def1-4ffe-8917-badd4f15d163', 'e51e3dda-eb30-4a4b-9182-5e2b54ffd0b2', 'Concept 5 from Sociology?', 'This is the definition and explanation of concept 5 for Sociology.', '2026-03-03T07:19:07.296Z');
INSERT INTO decks (id, user_id, category_id, name, description, created_at) VALUES ('50b3af1d-3c79-4fb1-a3b7-2a2c40ead4d3', NULL, '55ec6320-06f4-4a00-b532-2fe3b08a930e', 'Sociology Mastery Vol 5', 'An essential study guide covering the core concepts of Sociology.', '2026-03-03T07:19:07.296Z');
INSERT INTO cards (id, deck_id, front, back, created_at) VALUES ('322fd923-f302-471e-8a05-1d6282b66774', '50b3af1d-3c79-4fb1-a3b7-2a2c40ead4d3', 'Concept 1 from Sociology?', 'This is the definition and explanation of concept 1 for Sociology.', '2026-03-03T07:19:07.296Z');
INSERT INTO cards (id, deck_id, front, back, created_at) VALUES ('5123af90-399b-4f31-bbec-59a605af42e7', '50b3af1d-3c79-4fb1-a3b7-2a2c40ead4d3', 'Concept 2 from Sociology?', 'This is the definition and explanation of concept 2 for Sociology.', '2026-03-03T07:19:07.296Z');
INSERT INTO cards (id, deck_id, front, back, created_at) VALUES ('9c3eb7a0-6952-4a70-91bc-bfbb5a95a9fc', '50b3af1d-3c79-4fb1-a3b7-2a2c40ead4d3', 'Concept 3 from Sociology?', 'This is the definition and explanation of concept 3 for Sociology.', '2026-03-03T07:19:07.296Z');
INSERT INTO cards (id, deck_id, front, back, created_at) VALUES ('2d45e601-3120-4239-8040-caba2ab7a12a', '50b3af1d-3c79-4fb1-a3b7-2a2c40ead4d3', 'Concept 4 from Sociology?', 'This is the definition and explanation of concept 4 for Sociology.', '2026-03-03T07:19:07.296Z');
INSERT INTO cards (id, deck_id, front, back, created_at) VALUES ('2adc9fbc-0e9b-49b3-befe-1de27a14c056', '50b3af1d-3c79-4fb1-a3b7-2a2c40ead4d3', 'Concept 5 from Sociology?', 'This is the definition and explanation of concept 5 for Sociology.', '2026-03-03T07:19:07.296Z');
INSERT INTO decks (id, user_id, category_id, name, description, created_at) VALUES ('6f3ddc72-3762-47bc-b05b-08291c13c835', NULL, '55ec6320-06f4-4a00-b532-2fe3b08a930e', 'Sociology Mastery Vol 6', 'An essential study guide covering the core concepts of Sociology.', '2026-03-03T07:19:07.296Z');
INSERT INTO cards (id, deck_id, front, back, created_at) VALUES ('5eaf3ac4-9a08-4373-9d2b-d3e04ba9b6ab', '6f3ddc72-3762-47bc-b05b-08291c13c835', 'Concept 1 from Sociology?', 'This is the definition and explanation of concept 1 for Sociology.', '2026-03-03T07:19:07.296Z');
INSERT INTO cards (id, deck_id, front, back, created_at) VALUES ('77b5c64f-28d5-4830-9996-6576dc705048', '6f3ddc72-3762-47bc-b05b-08291c13c835', 'Concept 2 from Sociology?', 'This is the definition and explanation of concept 2 for Sociology.', '2026-03-03T07:19:07.296Z');
INSERT INTO cards (id, deck_id, front, back, created_at) VALUES ('d710a5bf-e159-4573-9951-97bf2d4ed7f4', '6f3ddc72-3762-47bc-b05b-08291c13c835', 'Concept 3 from Sociology?', 'This is the definition and explanation of concept 3 for Sociology.', '2026-03-03T07:19:07.296Z');
INSERT INTO cards (id, deck_id, front, back, created_at) VALUES ('d66dbc09-145b-45c0-8210-b80a125d2748', '6f3ddc72-3762-47bc-b05b-08291c13c835', 'Concept 4 from Sociology?', 'This is the definition and explanation of concept 4 for Sociology.', '2026-03-03T07:19:07.296Z');
INSERT INTO cards (id, deck_id, front, back, created_at) VALUES ('b8a718b0-8891-4c49-adad-96b9666a026c', '6f3ddc72-3762-47bc-b05b-08291c13c835', 'Concept 5 from Sociology?', 'This is the definition and explanation of concept 5 for Sociology.', '2026-03-03T07:19:07.296Z');
INSERT INTO decks (id, user_id, category_id, name, description, created_at) VALUES ('2066c542-a686-4df5-8610-a1e081e9c61d', NULL, '55ec6320-06f4-4a00-b532-2fe3b08a930e', 'Sociology Mastery Vol 7', 'An essential study guide covering the core concepts of Sociology.', '2026-03-03T07:19:07.296Z');
INSERT INTO cards (id, deck_id, front, back, created_at) VALUES ('6b4ed52a-1a72-4495-9a6a-7c7eeacffae8', '2066c542-a686-4df5-8610-a1e081e9c61d', 'Concept 1 from Sociology?', 'This is the definition and explanation of concept 1 for Sociology.', '2026-03-03T07:19:07.296Z');
INSERT INTO cards (id, deck_id, front, back, created_at) VALUES ('f24f7c1d-6655-4c48-9597-128859d204fc', '2066c542-a686-4df5-8610-a1e081e9c61d', 'Concept 2 from Sociology?', 'This is the definition and explanation of concept 2 for Sociology.', '2026-03-03T07:19:07.296Z');
INSERT INTO cards (id, deck_id, front, back, created_at) VALUES ('027e5cee-f417-46cc-9818-93eaa19d6b27', '2066c542-a686-4df5-8610-a1e081e9c61d', 'Concept 3 from Sociology?', 'This is the definition and explanation of concept 3 for Sociology.', '2026-03-03T07:19:07.296Z');
INSERT INTO cards (id, deck_id, front, back, created_at) VALUES ('0bd3c33a-d7e1-44a3-9a9b-9a31997facdf', '2066c542-a686-4df5-8610-a1e081e9c61d', 'Concept 4 from Sociology?', 'This is the definition and explanation of concept 4 for Sociology.', '2026-03-03T07:19:07.296Z');
INSERT INTO cards (id, deck_id, front, back, created_at) VALUES ('494b8303-6203-469c-ab79-18b1d6913409', '2066c542-a686-4df5-8610-a1e081e9c61d', 'Concept 5 from Sociology?', 'This is the definition and explanation of concept 5 for Sociology.', '2026-03-03T07:19:07.296Z');
INSERT INTO decks (id, user_id, category_id, name, description, created_at) VALUES ('8433f8d2-f8b9-4383-b3d8-3b50dc975db2', NULL, '55ec6320-06f4-4a00-b532-2fe3b08a930e', 'Sociology Mastery Vol 8', 'An essential study guide covering the core concepts of Sociology.', '2026-03-03T07:19:07.296Z');
INSERT INTO cards (id, deck_id, front, back, created_at) VALUES ('d6afc2e3-ea3c-4e46-8e76-c4e5a3b253e5', '8433f8d2-f8b9-4383-b3d8-3b50dc975db2', 'Concept 1 from Sociology?', 'This is the definition and explanation of concept 1 for Sociology.', '2026-03-03T07:19:07.296Z');
INSERT INTO cards (id, deck_id, front, back, created_at) VALUES ('5cbe8b7d-0dc3-4680-ae4f-93eb82cb8f47', '8433f8d2-f8b9-4383-b3d8-3b50dc975db2', 'Concept 2 from Sociology?', 'This is the definition and explanation of concept 2 for Sociology.', '2026-03-03T07:19:07.296Z');
INSERT INTO cards (id, deck_id, front, back, created_at) VALUES ('6aaeb159-f739-4fb4-826c-f7d3a212322b', '8433f8d2-f8b9-4383-b3d8-3b50dc975db2', 'Concept 3 from Sociology?', 'This is the definition and explanation of concept 3 for Sociology.', '2026-03-03T07:19:07.296Z');
INSERT INTO cards (id, deck_id, front, back, created_at) VALUES ('ca5fc3d6-d3ba-41a1-8c1c-580b7953de4d', '8433f8d2-f8b9-4383-b3d8-3b50dc975db2', 'Concept 4 from Sociology?', 'This is the definition and explanation of concept 4 for Sociology.', '2026-03-03T07:19:07.296Z');
INSERT INTO cards (id, deck_id, front, back, created_at) VALUES ('15b7470a-d782-43d4-8d93-a178e7195eae', '8433f8d2-f8b9-4383-b3d8-3b50dc975db2', 'Concept 5 from Sociology?', 'This is the definition and explanation of concept 5 for Sociology.', '2026-03-03T07:19:07.296Z');
INSERT INTO decks (id, user_id, category_id, name, description, created_at) VALUES ('6a75f755-9297-4986-a8f0-155cf73f7186', NULL, '55ec6320-06f4-4a00-b532-2fe3b08a930e', 'Sociology Mastery Vol 9', 'An essential study guide covering the core concepts of Sociology.', '2026-03-03T07:19:07.296Z');
INSERT INTO cards (id, deck_id, front, back, created_at) VALUES ('c40ff6c3-9c4c-4549-8429-66d972936620', '6a75f755-9297-4986-a8f0-155cf73f7186', 'Concept 1 from Sociology?', 'This is the definition and explanation of concept 1 for Sociology.', '2026-03-03T07:19:07.296Z');
INSERT INTO cards (id, deck_id, front, back, created_at) VALUES ('9da52842-fc75-421d-85e7-8dc353803c24', '6a75f755-9297-4986-a8f0-155cf73f7186', 'Concept 2 from Sociology?', 'This is the definition and explanation of concept 2 for Sociology.', '2026-03-03T07:19:07.296Z');
INSERT INTO cards (id, deck_id, front, back, created_at) VALUES ('a46672b6-a4e6-454f-a901-87186bb9f06e', '6a75f755-9297-4986-a8f0-155cf73f7186', 'Concept 3 from Sociology?', 'This is the definition and explanation of concept 3 for Sociology.', '2026-03-03T07:19:07.296Z');
INSERT INTO cards (id, deck_id, front, back, created_at) VALUES ('eac855fa-b4c3-4a9a-8bc0-91b1ddd0524e', '6a75f755-9297-4986-a8f0-155cf73f7186', 'Concept 4 from Sociology?', 'This is the definition and explanation of concept 4 for Sociology.', '2026-03-03T07:19:07.296Z');
INSERT INTO cards (id, deck_id, front, back, created_at) VALUES ('a05a7536-e80e-4d9a-bf9f-bcd01bf17c61', '6a75f755-9297-4986-a8f0-155cf73f7186', 'Concept 5 from Sociology?', 'This is the definition and explanation of concept 5 for Sociology.', '2026-03-03T07:19:07.296Z');
INSERT INTO decks (id, user_id, category_id, name, description, created_at) VALUES ('8a13ab4c-e63d-4b49-9cd2-e1fb5e1be9cf', NULL, '55ec6320-06f4-4a00-b532-2fe3b08a930e', 'Sociology Mastery Vol 10', 'An essential study guide covering the core concepts of Sociology.', '2026-03-03T07:19:07.296Z');
INSERT INTO cards (id, deck_id, front, back, created_at) VALUES ('a97c6fed-3c74-4843-b212-bc9c4ff5ae1a', '8a13ab4c-e63d-4b49-9cd2-e1fb5e1be9cf', 'Concept 1 from Sociology?', 'This is the definition and explanation of concept 1 for Sociology.', '2026-03-03T07:19:07.296Z');
INSERT INTO cards (id, deck_id, front, back, created_at) VALUES ('6622f565-3f72-409d-8a9f-c4c23079ba4d', '8a13ab4c-e63d-4b49-9cd2-e1fb5e1be9cf', 'Concept 2 from Sociology?', 'This is the definition and explanation of concept 2 for Sociology.', '2026-03-03T07:19:07.296Z');
INSERT INTO cards (id, deck_id, front, back, created_at) VALUES ('46765626-098b-49fd-bd04-bf66e1e3afe7', '8a13ab4c-e63d-4b49-9cd2-e1fb5e1be9cf', 'Concept 3 from Sociology?', 'This is the definition and explanation of concept 3 for Sociology.', '2026-03-03T07:19:07.296Z');
INSERT INTO cards (id, deck_id, front, back, created_at) VALUES ('5683dc06-b6a4-4323-a76c-e24171a3c7e7', '8a13ab4c-e63d-4b49-9cd2-e1fb5e1be9cf', 'Concept 4 from Sociology?', 'This is the definition and explanation of concept 4 for Sociology.', '2026-03-03T07:19:07.296Z');
INSERT INTO cards (id, deck_id, front, back, created_at) VALUES ('9d2f7598-2285-4592-88e5-30196a301485', '8a13ab4c-e63d-4b49-9cd2-e1fb5e1be9cf', 'Concept 5 from Sociology?', 'This is the definition and explanation of concept 5 for Sociology.', '2026-03-03T07:19:07.296Z');
INSERT INTO categories (id, name, slug, icon, description, created_at) VALUES ('88d34177-1550-4b44-b9b2-a9e4963f7fd9', 'Economics', 'economics', 'i-lucide-trending-up', 'Micro/macro economics and finance.', '2026-03-03T07:19:07.296Z');
INSERT INTO decks (id, user_id, category_id, name, description, created_at) VALUES ('2243a07a-6482-4f68-bd2e-e0f38dd2c3e4', NULL, '88d34177-1550-4b44-b9b2-a9e4963f7fd9', 'Economics Mastery Vol 1', 'An essential study guide covering the core concepts of Economics.', '2026-03-03T07:19:07.296Z');
INSERT INTO cards (id, deck_id, front, back, created_at) VALUES ('1a83e399-3cf6-46c2-bc2a-49ea69d3a3dd', '2243a07a-6482-4f68-bd2e-e0f38dd2c3e4', 'Concept 1 from Economics?', 'This is the definition and explanation of concept 1 for Economics.', '2026-03-03T07:19:07.296Z');
INSERT INTO cards (id, deck_id, front, back, created_at) VALUES ('8eb04817-4ee7-4ff1-b679-dbc8e4e8a200', '2243a07a-6482-4f68-bd2e-e0f38dd2c3e4', 'Concept 2 from Economics?', 'This is the definition and explanation of concept 2 for Economics.', '2026-03-03T07:19:07.296Z');
INSERT INTO cards (id, deck_id, front, back, created_at) VALUES ('308f878a-2631-4202-838b-4f28b0fef2a5', '2243a07a-6482-4f68-bd2e-e0f38dd2c3e4', 'Concept 3 from Economics?', 'This is the definition and explanation of concept 3 for Economics.', '2026-03-03T07:19:07.296Z');
INSERT INTO cards (id, deck_id, front, back, created_at) VALUES ('54876e1e-9039-4c93-9fe7-52b6d97fa5c3', '2243a07a-6482-4f68-bd2e-e0f38dd2c3e4', 'Concept 4 from Economics?', 'This is the definition and explanation of concept 4 for Economics.', '2026-03-03T07:19:07.296Z');
INSERT INTO cards (id, deck_id, front, back, created_at) VALUES ('3429780a-88f4-47f8-a66c-9b4716f2f6ad', '2243a07a-6482-4f68-bd2e-e0f38dd2c3e4', 'Concept 5 from Economics?', 'This is the definition and explanation of concept 5 for Economics.', '2026-03-03T07:19:07.296Z');
INSERT INTO decks (id, user_id, category_id, name, description, created_at) VALUES ('c713a7ac-e309-4bad-848a-3b7e1f617efe', NULL, '88d34177-1550-4b44-b9b2-a9e4963f7fd9', 'Economics Mastery Vol 2', 'An essential study guide covering the core concepts of Economics.', '2026-03-03T07:19:07.296Z');
INSERT INTO cards (id, deck_id, front, back, created_at) VALUES ('238a4688-aa38-4d6a-99f4-edee11e6266e', 'c713a7ac-e309-4bad-848a-3b7e1f617efe', 'Concept 1 from Economics?', 'This is the definition and explanation of concept 1 for Economics.', '2026-03-03T07:19:07.296Z');
INSERT INTO cards (id, deck_id, front, back, created_at) VALUES ('ad98aa9d-80a5-49cf-b05d-821c233f5030', 'c713a7ac-e309-4bad-848a-3b7e1f617efe', 'Concept 2 from Economics?', 'This is the definition and explanation of concept 2 for Economics.', '2026-03-03T07:19:07.296Z');
INSERT INTO cards (id, deck_id, front, back, created_at) VALUES ('c032bf54-8a92-4c52-8530-cd19c339e22e', 'c713a7ac-e309-4bad-848a-3b7e1f617efe', 'Concept 3 from Economics?', 'This is the definition and explanation of concept 3 for Economics.', '2026-03-03T07:19:07.296Z');
INSERT INTO cards (id, deck_id, front, back, created_at) VALUES ('dc2c8b33-bbe8-4c94-baef-4422f5ca4c93', 'c713a7ac-e309-4bad-848a-3b7e1f617efe', 'Concept 4 from Economics?', 'This is the definition and explanation of concept 4 for Economics.', '2026-03-03T07:19:07.296Z');
INSERT INTO cards (id, deck_id, front, back, created_at) VALUES ('ede6cb93-3600-48d6-88ea-5f3552198341', 'c713a7ac-e309-4bad-848a-3b7e1f617efe', 'Concept 5 from Economics?', 'This is the definition and explanation of concept 5 for Economics.', '2026-03-03T07:19:07.296Z');
INSERT INTO decks (id, user_id, category_id, name, description, created_at) VALUES ('f2ee2b9a-6abe-4c18-a4c0-d9c99bd3157b', NULL, '88d34177-1550-4b44-b9b2-a9e4963f7fd9', 'Economics Mastery Vol 3', 'An essential study guide covering the core concepts of Economics.', '2026-03-03T07:19:07.296Z');
INSERT INTO cards (id, deck_id, front, back, created_at) VALUES ('8fc3b6c7-a54b-42e1-b248-389c3d35a729', 'f2ee2b9a-6abe-4c18-a4c0-d9c99bd3157b', 'Concept 1 from Economics?', 'This is the definition and explanation of concept 1 for Economics.', '2026-03-03T07:19:07.296Z');
INSERT INTO cards (id, deck_id, front, back, created_at) VALUES ('cd233b3b-54b9-470c-abe2-fe6e725d3785', 'f2ee2b9a-6abe-4c18-a4c0-d9c99bd3157b', 'Concept 2 from Economics?', 'This is the definition and explanation of concept 2 for Economics.', '2026-03-03T07:19:07.296Z');
INSERT INTO cards (id, deck_id, front, back, created_at) VALUES ('8742be4d-2f26-4988-8a6e-17eb590a0b9f', 'f2ee2b9a-6abe-4c18-a4c0-d9c99bd3157b', 'Concept 3 from Economics?', 'This is the definition and explanation of concept 3 for Economics.', '2026-03-03T07:19:07.296Z');
INSERT INTO cards (id, deck_id, front, back, created_at) VALUES ('12dd11b7-5cca-44a5-8766-ebb05d526be8', 'f2ee2b9a-6abe-4c18-a4c0-d9c99bd3157b', 'Concept 4 from Economics?', 'This is the definition and explanation of concept 4 for Economics.', '2026-03-03T07:19:07.296Z');
INSERT INTO cards (id, deck_id, front, back, created_at) VALUES ('828c2419-d04f-4f7d-9a95-f2ca3062c7a1', 'f2ee2b9a-6abe-4c18-a4c0-d9c99bd3157b', 'Concept 5 from Economics?', 'This is the definition and explanation of concept 5 for Economics.', '2026-03-03T07:19:07.296Z');
INSERT INTO decks (id, user_id, category_id, name, description, created_at) VALUES ('a3bec0d7-c8d7-4566-92e6-21ce74b61a97', NULL, '88d34177-1550-4b44-b9b2-a9e4963f7fd9', 'Economics Mastery Vol 4', 'An essential study guide covering the core concepts of Economics.', '2026-03-03T07:19:07.296Z');
INSERT INTO cards (id, deck_id, front, back, created_at) VALUES ('23346556-a590-4a4a-ac00-88229443a8aa', 'a3bec0d7-c8d7-4566-92e6-21ce74b61a97', 'Concept 1 from Economics?', 'This is the definition and explanation of concept 1 for Economics.', '2026-03-03T07:19:07.296Z');
INSERT INTO cards (id, deck_id, front, back, created_at) VALUES ('8b28aae6-bc5c-4c19-b999-cef3551142ce', 'a3bec0d7-c8d7-4566-92e6-21ce74b61a97', 'Concept 2 from Economics?', 'This is the definition and explanation of concept 2 for Economics.', '2026-03-03T07:19:07.296Z');
INSERT INTO cards (id, deck_id, front, back, created_at) VALUES ('ca677de3-106b-426f-a491-f889733fe9ab', 'a3bec0d7-c8d7-4566-92e6-21ce74b61a97', 'Concept 3 from Economics?', 'This is the definition and explanation of concept 3 for Economics.', '2026-03-03T07:19:07.296Z');
INSERT INTO cards (id, deck_id, front, back, created_at) VALUES ('b8da065d-fb5e-41c0-a31c-fde588a9ad43', 'a3bec0d7-c8d7-4566-92e6-21ce74b61a97', 'Concept 4 from Economics?', 'This is the definition and explanation of concept 4 for Economics.', '2026-03-03T07:19:07.296Z');
INSERT INTO cards (id, deck_id, front, back, created_at) VALUES ('45ded8cc-ff4c-4ed3-8e4c-08f7bb2e80b8', 'a3bec0d7-c8d7-4566-92e6-21ce74b61a97', 'Concept 5 from Economics?', 'This is the definition and explanation of concept 5 for Economics.', '2026-03-03T07:19:07.296Z');
INSERT INTO decks (id, user_id, category_id, name, description, created_at) VALUES ('1f52dced-f09a-4dbb-a80a-ce19794e2da3', NULL, '88d34177-1550-4b44-b9b2-a9e4963f7fd9', 'Economics Mastery Vol 5', 'An essential study guide covering the core concepts of Economics.', '2026-03-03T07:19:07.296Z');
INSERT INTO cards (id, deck_id, front, back, created_at) VALUES ('59573773-94d7-4215-b7b4-096f4bf40ef1', '1f52dced-f09a-4dbb-a80a-ce19794e2da3', 'Concept 1 from Economics?', 'This is the definition and explanation of concept 1 for Economics.', '2026-03-03T07:19:07.296Z');
INSERT INTO cards (id, deck_id, front, back, created_at) VALUES ('9b585fa1-99b5-4790-be05-c7573a21bb98', '1f52dced-f09a-4dbb-a80a-ce19794e2da3', 'Concept 2 from Economics?', 'This is the definition and explanation of concept 2 for Economics.', '2026-03-03T07:19:07.296Z');
INSERT INTO cards (id, deck_id, front, back, created_at) VALUES ('cd3a0259-4afb-4844-8aa3-f3d04b39cb65', '1f52dced-f09a-4dbb-a80a-ce19794e2da3', 'Concept 3 from Economics?', 'This is the definition and explanation of concept 3 for Economics.', '2026-03-03T07:19:07.296Z');
INSERT INTO cards (id, deck_id, front, back, created_at) VALUES ('e3758b65-657a-4c1c-96f3-c99cd8cec699', '1f52dced-f09a-4dbb-a80a-ce19794e2da3', 'Concept 4 from Economics?', 'This is the definition and explanation of concept 4 for Economics.', '2026-03-03T07:19:07.296Z');
INSERT INTO cards (id, deck_id, front, back, created_at) VALUES ('9ecbbb54-b2b2-406e-a147-396e757a0d20', '1f52dced-f09a-4dbb-a80a-ce19794e2da3', 'Concept 5 from Economics?', 'This is the definition and explanation of concept 5 for Economics.', '2026-03-03T07:19:07.296Z');
INSERT INTO decks (id, user_id, category_id, name, description, created_at) VALUES ('18a63a87-ffb0-4223-907b-bad7900c8291', NULL, '88d34177-1550-4b44-b9b2-a9e4963f7fd9', 'Economics Mastery Vol 6', 'An essential study guide covering the core concepts of Economics.', '2026-03-03T07:19:07.296Z');
INSERT INTO cards (id, deck_id, front, back, created_at) VALUES ('de38d8c0-98b3-421e-90b6-0d62b750b988', '18a63a87-ffb0-4223-907b-bad7900c8291', 'Concept 1 from Economics?', 'This is the definition and explanation of concept 1 for Economics.', '2026-03-03T07:19:07.296Z');
INSERT INTO cards (id, deck_id, front, back, created_at) VALUES ('95e6a839-3689-48a8-8584-a17de420d6fe', '18a63a87-ffb0-4223-907b-bad7900c8291', 'Concept 2 from Economics?', 'This is the definition and explanation of concept 2 for Economics.', '2026-03-03T07:19:07.296Z');
INSERT INTO cards (id, deck_id, front, back, created_at) VALUES ('c2ffb095-11fb-4bdf-84a6-1ce070608db7', '18a63a87-ffb0-4223-907b-bad7900c8291', 'Concept 3 from Economics?', 'This is the definition and explanation of concept 3 for Economics.', '2026-03-03T07:19:07.296Z');
INSERT INTO cards (id, deck_id, front, back, created_at) VALUES ('8ae9d02c-3ca8-4781-b958-729ab5bc2fe2', '18a63a87-ffb0-4223-907b-bad7900c8291', 'Concept 4 from Economics?', 'This is the definition and explanation of concept 4 for Economics.', '2026-03-03T07:19:07.296Z');
INSERT INTO cards (id, deck_id, front, back, created_at) VALUES ('fdc62446-8ff1-4a6d-a95d-080a2fd6c67a', '18a63a87-ffb0-4223-907b-bad7900c8291', 'Concept 5 from Economics?', 'This is the definition and explanation of concept 5 for Economics.', '2026-03-03T07:19:07.296Z');
INSERT INTO decks (id, user_id, category_id, name, description, created_at) VALUES ('f7218f48-fe0a-4503-a6d8-b1a5e4f1d6bd', NULL, '88d34177-1550-4b44-b9b2-a9e4963f7fd9', 'Economics Mastery Vol 7', 'An essential study guide covering the core concepts of Economics.', '2026-03-03T07:19:07.296Z');
INSERT INTO cards (id, deck_id, front, back, created_at) VALUES ('2ccf1ed9-44ac-4975-867c-80276a1e2fa4', 'f7218f48-fe0a-4503-a6d8-b1a5e4f1d6bd', 'Concept 1 from Economics?', 'This is the definition and explanation of concept 1 for Economics.', '2026-03-03T07:19:07.296Z');
INSERT INTO cards (id, deck_id, front, back, created_at) VALUES ('20b90b31-e6ea-4483-8d1b-f7d6d3f0a786', 'f7218f48-fe0a-4503-a6d8-b1a5e4f1d6bd', 'Concept 2 from Economics?', 'This is the definition and explanation of concept 2 for Economics.', '2026-03-03T07:19:07.296Z');
INSERT INTO cards (id, deck_id, front, back, created_at) VALUES ('a42a1fa0-ea84-4493-bc46-e0c4e5b15efd', 'f7218f48-fe0a-4503-a6d8-b1a5e4f1d6bd', 'Concept 3 from Economics?', 'This is the definition and explanation of concept 3 for Economics.', '2026-03-03T07:19:07.296Z');
INSERT INTO cards (id, deck_id, front, back, created_at) VALUES ('805d60fd-04c6-4138-b222-394b7fa8e84d', 'f7218f48-fe0a-4503-a6d8-b1a5e4f1d6bd', 'Concept 4 from Economics?', 'This is the definition and explanation of concept 4 for Economics.', '2026-03-03T07:19:07.296Z');
INSERT INTO cards (id, deck_id, front, back, created_at) VALUES ('1c237e09-685b-4997-822d-75346db7cc84', 'f7218f48-fe0a-4503-a6d8-b1a5e4f1d6bd', 'Concept 5 from Economics?', 'This is the definition and explanation of concept 5 for Economics.', '2026-03-03T07:19:07.296Z');
INSERT INTO decks (id, user_id, category_id, name, description, created_at) VALUES ('27de2280-96f0-42b5-b24b-423a48b463a5', NULL, '88d34177-1550-4b44-b9b2-a9e4963f7fd9', 'Economics Mastery Vol 8', 'An essential study guide covering the core concepts of Economics.', '2026-03-03T07:19:07.296Z');
INSERT INTO cards (id, deck_id, front, back, created_at) VALUES ('dfe7d47e-03d3-4bbf-a57f-9ca38bb5834c', '27de2280-96f0-42b5-b24b-423a48b463a5', 'Concept 1 from Economics?', 'This is the definition and explanation of concept 1 for Economics.', '2026-03-03T07:19:07.296Z');
INSERT INTO cards (id, deck_id, front, back, created_at) VALUES ('d907c051-c3dd-4f69-a09c-4a17afd16492', '27de2280-96f0-42b5-b24b-423a48b463a5', 'Concept 2 from Economics?', 'This is the definition and explanation of concept 2 for Economics.', '2026-03-03T07:19:07.296Z');
INSERT INTO cards (id, deck_id, front, back, created_at) VALUES ('aab83596-420c-405d-a173-ac45c54a186c', '27de2280-96f0-42b5-b24b-423a48b463a5', 'Concept 3 from Economics?', 'This is the definition and explanation of concept 3 for Economics.', '2026-03-03T07:19:07.296Z');
INSERT INTO cards (id, deck_id, front, back, created_at) VALUES ('efe3126d-0932-42d5-9596-3d49012e7798', '27de2280-96f0-42b5-b24b-423a48b463a5', 'Concept 4 from Economics?', 'This is the definition and explanation of concept 4 for Economics.', '2026-03-03T07:19:07.296Z');
INSERT INTO cards (id, deck_id, front, back, created_at) VALUES ('e9f200d0-cc55-4c12-ac9e-3b9e1d9bf253', '27de2280-96f0-42b5-b24b-423a48b463a5', 'Concept 5 from Economics?', 'This is the definition and explanation of concept 5 for Economics.', '2026-03-03T07:19:07.296Z');
INSERT INTO decks (id, user_id, category_id, name, description, created_at) VALUES ('c1b7cff4-7492-45b1-828e-25e5269c4f79', NULL, '88d34177-1550-4b44-b9b2-a9e4963f7fd9', 'Economics Mastery Vol 9', 'An essential study guide covering the core concepts of Economics.', '2026-03-03T07:19:07.296Z');
INSERT INTO cards (id, deck_id, front, back, created_at) VALUES ('39d47fd5-189e-40b2-aed9-df3bcb308e6d', 'c1b7cff4-7492-45b1-828e-25e5269c4f79', 'Concept 1 from Economics?', 'This is the definition and explanation of concept 1 for Economics.', '2026-03-03T07:19:07.296Z');
INSERT INTO cards (id, deck_id, front, back, created_at) VALUES ('7e100243-b26c-4890-b6c1-dc32b2e2bf12', 'c1b7cff4-7492-45b1-828e-25e5269c4f79', 'Concept 2 from Economics?', 'This is the definition and explanation of concept 2 for Economics.', '2026-03-03T07:19:07.296Z');
INSERT INTO cards (id, deck_id, front, back, created_at) VALUES ('2793705d-9e22-40d4-bd00-d3ec358ebce3', 'c1b7cff4-7492-45b1-828e-25e5269c4f79', 'Concept 3 from Economics?', 'This is the definition and explanation of concept 3 for Economics.', '2026-03-03T07:19:07.296Z');
INSERT INTO cards (id, deck_id, front, back, created_at) VALUES ('98f78993-8f1c-41e0-bc91-ff4cc4d86082', 'c1b7cff4-7492-45b1-828e-25e5269c4f79', 'Concept 4 from Economics?', 'This is the definition and explanation of concept 4 for Economics.', '2026-03-03T07:19:07.296Z');
INSERT INTO cards (id, deck_id, front, back, created_at) VALUES ('0f22130e-61ba-4baa-b807-85c775145b1d', 'c1b7cff4-7492-45b1-828e-25e5269c4f79', 'Concept 5 from Economics?', 'This is the definition and explanation of concept 5 for Economics.', '2026-03-03T07:19:07.296Z');
INSERT INTO decks (id, user_id, category_id, name, description, created_at) VALUES ('aba2915c-a66c-4934-b19d-b21f905c11c4', NULL, '88d34177-1550-4b44-b9b2-a9e4963f7fd9', 'Economics Mastery Vol 10', 'An essential study guide covering the core concepts of Economics.', '2026-03-03T07:19:07.296Z');
INSERT INTO cards (id, deck_id, front, back, created_at) VALUES ('fb9069b1-a4dc-4b9d-9bf9-fa8552cd358a', 'aba2915c-a66c-4934-b19d-b21f905c11c4', 'Concept 1 from Economics?', 'This is the definition and explanation of concept 1 for Economics.', '2026-03-03T07:19:07.296Z');
INSERT INTO cards (id, deck_id, front, back, created_at) VALUES ('7db650cd-00ef-461f-9a36-ae54c0bca35d', 'aba2915c-a66c-4934-b19d-b21f905c11c4', 'Concept 2 from Economics?', 'This is the definition and explanation of concept 2 for Economics.', '2026-03-03T07:19:07.296Z');
INSERT INTO cards (id, deck_id, front, back, created_at) VALUES ('2a496e79-7a96-4b97-9661-1b5d622b48cc', 'aba2915c-a66c-4934-b19d-b21f905c11c4', 'Concept 3 from Economics?', 'This is the definition and explanation of concept 3 for Economics.', '2026-03-03T07:19:07.296Z');
INSERT INTO cards (id, deck_id, front, back, created_at) VALUES ('dd109408-7fda-4bc0-94ba-f9d10abd5244', 'aba2915c-a66c-4934-b19d-b21f905c11c4', 'Concept 4 from Economics?', 'This is the definition and explanation of concept 4 for Economics.', '2026-03-03T07:19:07.296Z');
INSERT INTO cards (id, deck_id, front, back, created_at) VALUES ('f857b082-ec34-4e9e-897e-8ff4b4aeb04d', 'aba2915c-a66c-4934-b19d-b21f905c11c4', 'Concept 5 from Economics?', 'This is the definition and explanation of concept 5 for Economics.', '2026-03-03T07:19:07.296Z');
INSERT INTO categories (id, name, slug, icon, description, created_at) VALUES ('9c1054d0-f0da-42b7-bbe3-c4c59fe39a7c', 'Business', 'business', 'i-lucide-briefcase', 'Management, marketing, and entrepreneurship.', '2026-03-03T07:19:07.296Z');
INSERT INTO decks (id, user_id, category_id, name, description, created_at) VALUES ('e1f7b068-6292-4677-9bd1-ef6f4fe1ef45', NULL, '9c1054d0-f0da-42b7-bbe3-c4c59fe39a7c', 'Business Mastery Vol 1', 'An essential study guide covering the core concepts of Business.', '2026-03-03T07:19:07.296Z');
INSERT INTO cards (id, deck_id, front, back, created_at) VALUES ('9b040b70-8a56-4a5a-aafc-723e2eb61be1', 'e1f7b068-6292-4677-9bd1-ef6f4fe1ef45', 'Concept 1 from Business?', 'This is the definition and explanation of concept 1 for Business.', '2026-03-03T07:19:07.296Z');
INSERT INTO cards (id, deck_id, front, back, created_at) VALUES ('b5ab6e5a-9129-4382-9123-eb56566473b6', 'e1f7b068-6292-4677-9bd1-ef6f4fe1ef45', 'Concept 2 from Business?', 'This is the definition and explanation of concept 2 for Business.', '2026-03-03T07:19:07.296Z');
INSERT INTO cards (id, deck_id, front, back, created_at) VALUES ('83491cbb-326e-424b-a1ef-c7f196462a64', 'e1f7b068-6292-4677-9bd1-ef6f4fe1ef45', 'Concept 3 from Business?', 'This is the definition and explanation of concept 3 for Business.', '2026-03-03T07:19:07.296Z');
INSERT INTO cards (id, deck_id, front, back, created_at) VALUES ('acb6832a-dcca-4373-a29f-4b8f490da48d', 'e1f7b068-6292-4677-9bd1-ef6f4fe1ef45', 'Concept 4 from Business?', 'This is the definition and explanation of concept 4 for Business.', '2026-03-03T07:19:07.296Z');
INSERT INTO cards (id, deck_id, front, back, created_at) VALUES ('2bff21dd-4922-41a2-9efb-23a70d507e27', 'e1f7b068-6292-4677-9bd1-ef6f4fe1ef45', 'Concept 5 from Business?', 'This is the definition and explanation of concept 5 for Business.', '2026-03-03T07:19:07.296Z');
INSERT INTO decks (id, user_id, category_id, name, description, created_at) VALUES ('544722be-bf61-480b-b204-0d863088e72c', NULL, '9c1054d0-f0da-42b7-bbe3-c4c59fe39a7c', 'Business Mastery Vol 2', 'An essential study guide covering the core concepts of Business.', '2026-03-03T07:19:07.296Z');
INSERT INTO cards (id, deck_id, front, back, created_at) VALUES ('b7128d40-7db0-4607-aa13-5e5058c44d19', '544722be-bf61-480b-b204-0d863088e72c', 'Concept 1 from Business?', 'This is the definition and explanation of concept 1 for Business.', '2026-03-03T07:19:07.296Z');
INSERT INTO cards (id, deck_id, front, back, created_at) VALUES ('b29ef5c1-e1ed-4854-94d5-7281df70c8d3', '544722be-bf61-480b-b204-0d863088e72c', 'Concept 2 from Business?', 'This is the definition and explanation of concept 2 for Business.', '2026-03-03T07:19:07.296Z');
INSERT INTO cards (id, deck_id, front, back, created_at) VALUES ('6dc0cb98-a1ad-459a-b458-13dfb9d4c206', '544722be-bf61-480b-b204-0d863088e72c', 'Concept 3 from Business?', 'This is the definition and explanation of concept 3 for Business.', '2026-03-03T07:19:07.296Z');
INSERT INTO cards (id, deck_id, front, back, created_at) VALUES ('41b4b397-e189-4f23-88c2-446310921757', '544722be-bf61-480b-b204-0d863088e72c', 'Concept 4 from Business?', 'This is the definition and explanation of concept 4 for Business.', '2026-03-03T07:19:07.296Z');
INSERT INTO cards (id, deck_id, front, back, created_at) VALUES ('754dfda4-a08f-4e00-b584-f0d782e648c4', '544722be-bf61-480b-b204-0d863088e72c', 'Concept 5 from Business?', 'This is the definition and explanation of concept 5 for Business.', '2026-03-03T07:19:07.296Z');
INSERT INTO decks (id, user_id, category_id, name, description, created_at) VALUES ('7b58872e-d59d-4fba-b26a-633c48093cc7', NULL, '9c1054d0-f0da-42b7-bbe3-c4c59fe39a7c', 'Business Mastery Vol 3', 'An essential study guide covering the core concepts of Business.', '2026-03-03T07:19:07.296Z');
INSERT INTO cards (id, deck_id, front, back, created_at) VALUES ('e1beb88f-fa0f-473f-966a-fef12c1e41a1', '7b58872e-d59d-4fba-b26a-633c48093cc7', 'Concept 1 from Business?', 'This is the definition and explanation of concept 1 for Business.', '2026-03-03T07:19:07.296Z');
INSERT INTO cards (id, deck_id, front, back, created_at) VALUES ('ea47978a-2df0-4d7a-9106-3bfd5c306472', '7b58872e-d59d-4fba-b26a-633c48093cc7', 'Concept 2 from Business?', 'This is the definition and explanation of concept 2 for Business.', '2026-03-03T07:19:07.296Z');
INSERT INTO cards (id, deck_id, front, back, created_at) VALUES ('1490d642-ae29-4952-a90d-295e431d6311', '7b58872e-d59d-4fba-b26a-633c48093cc7', 'Concept 3 from Business?', 'This is the definition and explanation of concept 3 for Business.', '2026-03-03T07:19:07.296Z');
INSERT INTO cards (id, deck_id, front, back, created_at) VALUES ('23065150-3aa7-4c85-a185-7fba0636c07d', '7b58872e-d59d-4fba-b26a-633c48093cc7', 'Concept 4 from Business?', 'This is the definition and explanation of concept 4 for Business.', '2026-03-03T07:19:07.296Z');
INSERT INTO cards (id, deck_id, front, back, created_at) VALUES ('44463dec-614d-4b80-8d69-25072c62a304', '7b58872e-d59d-4fba-b26a-633c48093cc7', 'Concept 5 from Business?', 'This is the definition and explanation of concept 5 for Business.', '2026-03-03T07:19:07.296Z');
INSERT INTO decks (id, user_id, category_id, name, description, created_at) VALUES ('c38cb090-3b9b-42d3-81ea-773ba13d625a', NULL, '9c1054d0-f0da-42b7-bbe3-c4c59fe39a7c', 'Business Mastery Vol 4', 'An essential study guide covering the core concepts of Business.', '2026-03-03T07:19:07.296Z');
INSERT INTO cards (id, deck_id, front, back, created_at) VALUES ('c3e59876-ea42-47f6-89a7-d2815a53b309', 'c38cb090-3b9b-42d3-81ea-773ba13d625a', 'Concept 1 from Business?', 'This is the definition and explanation of concept 1 for Business.', '2026-03-03T07:19:07.296Z');
INSERT INTO cards (id, deck_id, front, back, created_at) VALUES ('1e3655b5-972c-41c8-b86c-0b492e086d2c', 'c38cb090-3b9b-42d3-81ea-773ba13d625a', 'Concept 2 from Business?', 'This is the definition and explanation of concept 2 for Business.', '2026-03-03T07:19:07.296Z');
INSERT INTO cards (id, deck_id, front, back, created_at) VALUES ('b5add60d-8b8c-431c-8c7c-84db0c331655', 'c38cb090-3b9b-42d3-81ea-773ba13d625a', 'Concept 3 from Business?', 'This is the definition and explanation of concept 3 for Business.', '2026-03-03T07:19:07.296Z');
INSERT INTO cards (id, deck_id, front, back, created_at) VALUES ('1b5257b2-a5ea-4f66-82d3-526abe38a2cf', 'c38cb090-3b9b-42d3-81ea-773ba13d625a', 'Concept 4 from Business?', 'This is the definition and explanation of concept 4 for Business.', '2026-03-03T07:19:07.296Z');
INSERT INTO cards (id, deck_id, front, back, created_at) VALUES ('decc7248-5dcc-4058-a8ff-2c0b10ceebda', 'c38cb090-3b9b-42d3-81ea-773ba13d625a', 'Concept 5 from Business?', 'This is the definition and explanation of concept 5 for Business.', '2026-03-03T07:19:07.296Z');
INSERT INTO decks (id, user_id, category_id, name, description, created_at) VALUES ('e07378e6-0d00-4bf1-a58e-2d381c676260', NULL, '9c1054d0-f0da-42b7-bbe3-c4c59fe39a7c', 'Business Mastery Vol 5', 'An essential study guide covering the core concepts of Business.', '2026-03-03T07:19:07.296Z');
INSERT INTO cards (id, deck_id, front, back, created_at) VALUES ('f39bd636-8e1c-4250-ad40-d7bd62b197d8', 'e07378e6-0d00-4bf1-a58e-2d381c676260', 'Concept 1 from Business?', 'This is the definition and explanation of concept 1 for Business.', '2026-03-03T07:19:07.296Z');
INSERT INTO cards (id, deck_id, front, back, created_at) VALUES ('2f8a882a-9636-41e6-b31f-65d77bddaccc', 'e07378e6-0d00-4bf1-a58e-2d381c676260', 'Concept 2 from Business?', 'This is the definition and explanation of concept 2 for Business.', '2026-03-03T07:19:07.296Z');
INSERT INTO cards (id, deck_id, front, back, created_at) VALUES ('09835808-fec3-4203-afca-79738fc09469', 'e07378e6-0d00-4bf1-a58e-2d381c676260', 'Concept 3 from Business?', 'This is the definition and explanation of concept 3 for Business.', '2026-03-03T07:19:07.296Z');
INSERT INTO cards (id, deck_id, front, back, created_at) VALUES ('1a63e4ea-13e4-454e-89bf-33e78a9fcd52', 'e07378e6-0d00-4bf1-a58e-2d381c676260', 'Concept 4 from Business?', 'This is the definition and explanation of concept 4 for Business.', '2026-03-03T07:19:07.296Z');
INSERT INTO cards (id, deck_id, front, back, created_at) VALUES ('248a3cb4-809e-4df5-a947-9b5b21e482dc', 'e07378e6-0d00-4bf1-a58e-2d381c676260', 'Concept 5 from Business?', 'This is the definition and explanation of concept 5 for Business.', '2026-03-03T07:19:07.296Z');
INSERT INTO decks (id, user_id, category_id, name, description, created_at) VALUES ('59cbbffd-23cd-48d1-9c8d-af0af70955fb', NULL, '9c1054d0-f0da-42b7-bbe3-c4c59fe39a7c', 'Business Mastery Vol 6', 'An essential study guide covering the core concepts of Business.', '2026-03-03T07:19:07.296Z');
INSERT INTO cards (id, deck_id, front, back, created_at) VALUES ('12850cc7-eab2-4a82-aa93-ca02079a8ef3', '59cbbffd-23cd-48d1-9c8d-af0af70955fb', 'Concept 1 from Business?', 'This is the definition and explanation of concept 1 for Business.', '2026-03-03T07:19:07.296Z');
INSERT INTO cards (id, deck_id, front, back, created_at) VALUES ('2cd41d00-9184-4503-b1e3-24284d620435', '59cbbffd-23cd-48d1-9c8d-af0af70955fb', 'Concept 2 from Business?', 'This is the definition and explanation of concept 2 for Business.', '2026-03-03T07:19:07.296Z');
INSERT INTO cards (id, deck_id, front, back, created_at) VALUES ('f8efbd8a-a231-436c-8ce2-c6725d57fbf5', '59cbbffd-23cd-48d1-9c8d-af0af70955fb', 'Concept 3 from Business?', 'This is the definition and explanation of concept 3 for Business.', '2026-03-03T07:19:07.296Z');
INSERT INTO cards (id, deck_id, front, back, created_at) VALUES ('31f0a318-6563-45f4-ac57-ba2df967c461', '59cbbffd-23cd-48d1-9c8d-af0af70955fb', 'Concept 4 from Business?', 'This is the definition and explanation of concept 4 for Business.', '2026-03-03T07:19:07.296Z');
INSERT INTO cards (id, deck_id, front, back, created_at) VALUES ('599c8e0a-8bd7-4a14-b6c1-5caf559f1cd8', '59cbbffd-23cd-48d1-9c8d-af0af70955fb', 'Concept 5 from Business?', 'This is the definition and explanation of concept 5 for Business.', '2026-03-03T07:19:07.296Z');
INSERT INTO decks (id, user_id, category_id, name, description, created_at) VALUES ('914a07d6-2cd3-4419-a52b-2d83ba7098b4', NULL, '9c1054d0-f0da-42b7-bbe3-c4c59fe39a7c', 'Business Mastery Vol 7', 'An essential study guide covering the core concepts of Business.', '2026-03-03T07:19:07.296Z');
INSERT INTO cards (id, deck_id, front, back, created_at) VALUES ('9f4d3d35-c0bd-4c46-8ff7-9f5eddd915db', '914a07d6-2cd3-4419-a52b-2d83ba7098b4', 'Concept 1 from Business?', 'This is the definition and explanation of concept 1 for Business.', '2026-03-03T07:19:07.296Z');
INSERT INTO cards (id, deck_id, front, back, created_at) VALUES ('da1c359b-54b6-4b98-82af-792e68722ec1', '914a07d6-2cd3-4419-a52b-2d83ba7098b4', 'Concept 2 from Business?', 'This is the definition and explanation of concept 2 for Business.', '2026-03-03T07:19:07.296Z');
INSERT INTO cards (id, deck_id, front, back, created_at) VALUES ('c1ab7c2f-43df-4251-9a14-f914e9f0863e', '914a07d6-2cd3-4419-a52b-2d83ba7098b4', 'Concept 3 from Business?', 'This is the definition and explanation of concept 3 for Business.', '2026-03-03T07:19:07.296Z');
INSERT INTO cards (id, deck_id, front, back, created_at) VALUES ('813faba9-2d01-4be9-b805-1746508d1af9', '914a07d6-2cd3-4419-a52b-2d83ba7098b4', 'Concept 4 from Business?', 'This is the definition and explanation of concept 4 for Business.', '2026-03-03T07:19:07.296Z');
INSERT INTO cards (id, deck_id, front, back, created_at) VALUES ('6d3895c7-3806-4e8e-9df1-253c39d26f2b', '914a07d6-2cd3-4419-a52b-2d83ba7098b4', 'Concept 5 from Business?', 'This is the definition and explanation of concept 5 for Business.', '2026-03-03T07:19:07.296Z');
INSERT INTO decks (id, user_id, category_id, name, description, created_at) VALUES ('11a0ede9-9ca5-434a-a830-b89a7856adad', NULL, '9c1054d0-f0da-42b7-bbe3-c4c59fe39a7c', 'Business Mastery Vol 8', 'An essential study guide covering the core concepts of Business.', '2026-03-03T07:19:07.296Z');
INSERT INTO cards (id, deck_id, front, back, created_at) VALUES ('7e872cf4-756b-411d-88b3-1d84b87ca872', '11a0ede9-9ca5-434a-a830-b89a7856adad', 'Concept 1 from Business?', 'This is the definition and explanation of concept 1 for Business.', '2026-03-03T07:19:07.296Z');
INSERT INTO cards (id, deck_id, front, back, created_at) VALUES ('4522f55d-2d11-4618-9351-fc60d21a6479', '11a0ede9-9ca5-434a-a830-b89a7856adad', 'Concept 2 from Business?', 'This is the definition and explanation of concept 2 for Business.', '2026-03-03T07:19:07.296Z');
INSERT INTO cards (id, deck_id, front, back, created_at) VALUES ('a6942c22-5305-4d48-b90a-73d45251025d', '11a0ede9-9ca5-434a-a830-b89a7856adad', 'Concept 3 from Business?', 'This is the definition and explanation of concept 3 for Business.', '2026-03-03T07:19:07.296Z');
INSERT INTO cards (id, deck_id, front, back, created_at) VALUES ('9464294a-5842-4fba-8ad7-47d7104368fa', '11a0ede9-9ca5-434a-a830-b89a7856adad', 'Concept 4 from Business?', 'This is the definition and explanation of concept 4 for Business.', '2026-03-03T07:19:07.296Z');
INSERT INTO cards (id, deck_id, front, back, created_at) VALUES ('3c344405-c818-45e3-a8bd-0979328ce031', '11a0ede9-9ca5-434a-a830-b89a7856adad', 'Concept 5 from Business?', 'This is the definition and explanation of concept 5 for Business.', '2026-03-03T07:19:07.296Z');
INSERT INTO decks (id, user_id, category_id, name, description, created_at) VALUES ('d0fa6c73-ba8a-40bd-b669-48d73ac71b77', NULL, '9c1054d0-f0da-42b7-bbe3-c4c59fe39a7c', 'Business Mastery Vol 9', 'An essential study guide covering the core concepts of Business.', '2026-03-03T07:19:07.296Z');
INSERT INTO cards (id, deck_id, front, back, created_at) VALUES ('bddb1ef2-215f-4505-b470-aeb4aa2bb91b', 'd0fa6c73-ba8a-40bd-b669-48d73ac71b77', 'Concept 1 from Business?', 'This is the definition and explanation of concept 1 for Business.', '2026-03-03T07:19:07.296Z');
INSERT INTO cards (id, deck_id, front, back, created_at) VALUES ('cf5d2e05-7a03-4d33-8ede-bedcfaacdd9b', 'd0fa6c73-ba8a-40bd-b669-48d73ac71b77', 'Concept 2 from Business?', 'This is the definition and explanation of concept 2 for Business.', '2026-03-03T07:19:07.296Z');
INSERT INTO cards (id, deck_id, front, back, created_at) VALUES ('978d236f-b52c-4573-9755-ed4a362296b2', 'd0fa6c73-ba8a-40bd-b669-48d73ac71b77', 'Concept 3 from Business?', 'This is the definition and explanation of concept 3 for Business.', '2026-03-03T07:19:07.296Z');
INSERT INTO cards (id, deck_id, front, back, created_at) VALUES ('84015683-4e32-4fb3-941e-0fcd21f3f1d2', 'd0fa6c73-ba8a-40bd-b669-48d73ac71b77', 'Concept 4 from Business?', 'This is the definition and explanation of concept 4 for Business.', '2026-03-03T07:19:07.296Z');
INSERT INTO cards (id, deck_id, front, back, created_at) VALUES ('77246b56-b108-461f-9410-d69dc1fb5571', 'd0fa6c73-ba8a-40bd-b669-48d73ac71b77', 'Concept 5 from Business?', 'This is the definition and explanation of concept 5 for Business.', '2026-03-03T07:19:07.296Z');
INSERT INTO decks (id, user_id, category_id, name, description, created_at) VALUES ('b8478220-e0e1-4e97-bbfe-85b97168436c', NULL, '9c1054d0-f0da-42b7-bbe3-c4c59fe39a7c', 'Business Mastery Vol 10', 'An essential study guide covering the core concepts of Business.', '2026-03-03T07:19:07.296Z');
INSERT INTO cards (id, deck_id, front, back, created_at) VALUES ('3fc1175e-60f1-4a60-a6db-20a87d57a2e2', 'b8478220-e0e1-4e97-bbfe-85b97168436c', 'Concept 1 from Business?', 'This is the definition and explanation of concept 1 for Business.', '2026-03-03T07:19:07.296Z');
INSERT INTO cards (id, deck_id, front, back, created_at) VALUES ('f23f94de-5f7a-424e-9ebf-16279898169c', 'b8478220-e0e1-4e97-bbfe-85b97168436c', 'Concept 2 from Business?', 'This is the definition and explanation of concept 2 for Business.', '2026-03-03T07:19:07.296Z');
INSERT INTO cards (id, deck_id, front, back, created_at) VALUES ('9e44dea2-7c5e-4fef-b6e1-61f48c0923eb', 'b8478220-e0e1-4e97-bbfe-85b97168436c', 'Concept 3 from Business?', 'This is the definition and explanation of concept 3 for Business.', '2026-03-03T07:19:07.296Z');
INSERT INTO cards (id, deck_id, front, back, created_at) VALUES ('265525a4-da36-438e-9fb8-65b45619fff2', 'b8478220-e0e1-4e97-bbfe-85b97168436c', 'Concept 4 from Business?', 'This is the definition and explanation of concept 4 for Business.', '2026-03-03T07:19:07.296Z');
INSERT INTO cards (id, deck_id, front, back, created_at) VALUES ('183ed4df-fc6c-4d4a-9742-10546d5f544f', 'b8478220-e0e1-4e97-bbfe-85b97168436c', 'Concept 5 from Business?', 'This is the definition and explanation of concept 5 for Business.', '2026-03-03T07:19:07.296Z');
INSERT INTO categories (id, name, slug, icon, description, created_at) VALUES ('af524f40-f06a-4ae0-a09c-3c53336d8fa8', 'Law', 'law', 'i-lucide-scale', 'Legal systems, constitutional law, and rights.', '2026-03-03T07:19:07.296Z');
INSERT INTO decks (id, user_id, category_id, name, description, created_at) VALUES ('9ffacc92-3633-4815-8927-becf5ae3c35d', NULL, 'af524f40-f06a-4ae0-a09c-3c53336d8fa8', 'Law Mastery Vol 1', 'An essential study guide covering the core concepts of Law.', '2026-03-03T07:19:07.296Z');
INSERT INTO cards (id, deck_id, front, back, created_at) VALUES ('88f46efc-f208-4d70-ade0-2ce59ef8d73a', '9ffacc92-3633-4815-8927-becf5ae3c35d', 'Concept 1 from Law?', 'This is the definition and explanation of concept 1 for Law.', '2026-03-03T07:19:07.296Z');
INSERT INTO cards (id, deck_id, front, back, created_at) VALUES ('308cf241-c748-41a9-b438-fd6fe562e7cd', '9ffacc92-3633-4815-8927-becf5ae3c35d', 'Concept 2 from Law?', 'This is the definition and explanation of concept 2 for Law.', '2026-03-03T07:19:07.296Z');
INSERT INTO cards (id, deck_id, front, back, created_at) VALUES ('28ab311e-cb02-47b2-9258-5a8aa9361483', '9ffacc92-3633-4815-8927-becf5ae3c35d', 'Concept 3 from Law?', 'This is the definition and explanation of concept 3 for Law.', '2026-03-03T07:19:07.296Z');
INSERT INTO cards (id, deck_id, front, back, created_at) VALUES ('400b3771-35d0-46e9-b85a-1214d5f89d10', '9ffacc92-3633-4815-8927-becf5ae3c35d', 'Concept 4 from Law?', 'This is the definition and explanation of concept 4 for Law.', '2026-03-03T07:19:07.296Z');
INSERT INTO cards (id, deck_id, front, back, created_at) VALUES ('1d7a6e55-85a2-4e24-8e84-12b8fccf0396', '9ffacc92-3633-4815-8927-becf5ae3c35d', 'Concept 5 from Law?', 'This is the definition and explanation of concept 5 for Law.', '2026-03-03T07:19:07.296Z');
INSERT INTO decks (id, user_id, category_id, name, description, created_at) VALUES ('4eb237ac-a704-4ecc-a665-ab14f58482fe', NULL, 'af524f40-f06a-4ae0-a09c-3c53336d8fa8', 'Law Mastery Vol 2', 'An essential study guide covering the core concepts of Law.', '2026-03-03T07:19:07.296Z');
INSERT INTO cards (id, deck_id, front, back, created_at) VALUES ('dee29480-9760-4d08-b79b-c4afd61aedb8', '4eb237ac-a704-4ecc-a665-ab14f58482fe', 'Concept 1 from Law?', 'This is the definition and explanation of concept 1 for Law.', '2026-03-03T07:19:07.296Z');
INSERT INTO cards (id, deck_id, front, back, created_at) VALUES ('72b54b9a-12dd-4844-b22a-c752f4b9b4ff', '4eb237ac-a704-4ecc-a665-ab14f58482fe', 'Concept 2 from Law?', 'This is the definition and explanation of concept 2 for Law.', '2026-03-03T07:19:07.296Z');
INSERT INTO cards (id, deck_id, front, back, created_at) VALUES ('8a4fe208-8b83-49e9-a51e-7571fe15856f', '4eb237ac-a704-4ecc-a665-ab14f58482fe', 'Concept 3 from Law?', 'This is the definition and explanation of concept 3 for Law.', '2026-03-03T07:19:07.296Z');
INSERT INTO cards (id, deck_id, front, back, created_at) VALUES ('da83f742-dc72-4c5e-b88f-048840690912', '4eb237ac-a704-4ecc-a665-ab14f58482fe', 'Concept 4 from Law?', 'This is the definition and explanation of concept 4 for Law.', '2026-03-03T07:19:07.296Z');
INSERT INTO cards (id, deck_id, front, back, created_at) VALUES ('aa06d69a-2100-4e81-bf1c-94d6081fd68f', '4eb237ac-a704-4ecc-a665-ab14f58482fe', 'Concept 5 from Law?', 'This is the definition and explanation of concept 5 for Law.', '2026-03-03T07:19:07.296Z');
INSERT INTO decks (id, user_id, category_id, name, description, created_at) VALUES ('a1d5477a-37b4-4f32-825b-b0cb6bdee9c3', NULL, 'af524f40-f06a-4ae0-a09c-3c53336d8fa8', 'Law Mastery Vol 3', 'An essential study guide covering the core concepts of Law.', '2026-03-03T07:19:07.296Z');
INSERT INTO cards (id, deck_id, front, back, created_at) VALUES ('8795a2bd-a61a-483c-9c83-b51f6bde067b', 'a1d5477a-37b4-4f32-825b-b0cb6bdee9c3', 'Concept 1 from Law?', 'This is the definition and explanation of concept 1 for Law.', '2026-03-03T07:19:07.296Z');
INSERT INTO cards (id, deck_id, front, back, created_at) VALUES ('b6c6dbd5-1680-41cc-85de-9936fda80855', 'a1d5477a-37b4-4f32-825b-b0cb6bdee9c3', 'Concept 2 from Law?', 'This is the definition and explanation of concept 2 for Law.', '2026-03-03T07:19:07.296Z');
INSERT INTO cards (id, deck_id, front, back, created_at) VALUES ('a7a6b7e4-1f94-4985-bcfb-dad73d524ef6', 'a1d5477a-37b4-4f32-825b-b0cb6bdee9c3', 'Concept 3 from Law?', 'This is the definition and explanation of concept 3 for Law.', '2026-03-03T07:19:07.296Z');
INSERT INTO cards (id, deck_id, front, back, created_at) VALUES ('6f65d0a8-9934-43b3-84fa-f0ce32e3cf1d', 'a1d5477a-37b4-4f32-825b-b0cb6bdee9c3', 'Concept 4 from Law?', 'This is the definition and explanation of concept 4 for Law.', '2026-03-03T07:19:07.296Z');
INSERT INTO cards (id, deck_id, front, back, created_at) VALUES ('57dd9839-43ea-4261-ae71-e0628d8e6f17', 'a1d5477a-37b4-4f32-825b-b0cb6bdee9c3', 'Concept 5 from Law?', 'This is the definition and explanation of concept 5 for Law.', '2026-03-03T07:19:07.296Z');
INSERT INTO decks (id, user_id, category_id, name, description, created_at) VALUES ('f37c9e58-9128-4dc8-93c4-80aa9550ea2f', NULL, 'af524f40-f06a-4ae0-a09c-3c53336d8fa8', 'Law Mastery Vol 4', 'An essential study guide covering the core concepts of Law.', '2026-03-03T07:19:07.296Z');
INSERT INTO cards (id, deck_id, front, back, created_at) VALUES ('85dc676d-6b17-489e-9420-2be64a913647', 'f37c9e58-9128-4dc8-93c4-80aa9550ea2f', 'Concept 1 from Law?', 'This is the definition and explanation of concept 1 for Law.', '2026-03-03T07:19:07.296Z');
INSERT INTO cards (id, deck_id, front, back, created_at) VALUES ('b8c68de7-8182-48fc-b864-b08fc11c075d', 'f37c9e58-9128-4dc8-93c4-80aa9550ea2f', 'Concept 2 from Law?', 'This is the definition and explanation of concept 2 for Law.', '2026-03-03T07:19:07.296Z');
INSERT INTO cards (id, deck_id, front, back, created_at) VALUES ('2333007d-933e-4ef4-b3a2-43d6e4666505', 'f37c9e58-9128-4dc8-93c4-80aa9550ea2f', 'Concept 3 from Law?', 'This is the definition and explanation of concept 3 for Law.', '2026-03-03T07:19:07.296Z');
INSERT INTO cards (id, deck_id, front, back, created_at) VALUES ('84b3110a-e1fc-4b3c-824e-76d85f0c4311', 'f37c9e58-9128-4dc8-93c4-80aa9550ea2f', 'Concept 4 from Law?', 'This is the definition and explanation of concept 4 for Law.', '2026-03-03T07:19:07.296Z');
INSERT INTO cards (id, deck_id, front, back, created_at) VALUES ('9d41cbdc-67d3-4bd1-9153-ff4019b5fc42', 'f37c9e58-9128-4dc8-93c4-80aa9550ea2f', 'Concept 5 from Law?', 'This is the definition and explanation of concept 5 for Law.', '2026-03-03T07:19:07.296Z');
INSERT INTO decks (id, user_id, category_id, name, description, created_at) VALUES ('bdeb1b50-3211-4f62-b599-509d3d3321b7', NULL, 'af524f40-f06a-4ae0-a09c-3c53336d8fa8', 'Law Mastery Vol 5', 'An essential study guide covering the core concepts of Law.', '2026-03-03T07:19:07.296Z');
INSERT INTO cards (id, deck_id, front, back, created_at) VALUES ('0e912467-3f8c-4d08-a1db-3f0777385bdf', 'bdeb1b50-3211-4f62-b599-509d3d3321b7', 'Concept 1 from Law?', 'This is the definition and explanation of concept 1 for Law.', '2026-03-03T07:19:07.296Z');
INSERT INTO cards (id, deck_id, front, back, created_at) VALUES ('7ede8ded-b766-4a9e-8477-18e18e8fafea', 'bdeb1b50-3211-4f62-b599-509d3d3321b7', 'Concept 2 from Law?', 'This is the definition and explanation of concept 2 for Law.', '2026-03-03T07:19:07.296Z');
INSERT INTO cards (id, deck_id, front, back, created_at) VALUES ('4e40e463-686e-4216-8090-0d9dd93be8f7', 'bdeb1b50-3211-4f62-b599-509d3d3321b7', 'Concept 3 from Law?', 'This is the definition and explanation of concept 3 for Law.', '2026-03-03T07:19:07.296Z');
INSERT INTO cards (id, deck_id, front, back, created_at) VALUES ('67dcbff7-324d-4eca-ba24-474ba62cc92a', 'bdeb1b50-3211-4f62-b599-509d3d3321b7', 'Concept 4 from Law?', 'This is the definition and explanation of concept 4 for Law.', '2026-03-03T07:19:07.296Z');
INSERT INTO cards (id, deck_id, front, back, created_at) VALUES ('6afccfa6-a123-41e1-ae24-c9d0e2d12664', 'bdeb1b50-3211-4f62-b599-509d3d3321b7', 'Concept 5 from Law?', 'This is the definition and explanation of concept 5 for Law.', '2026-03-03T07:19:07.296Z');
INSERT INTO decks (id, user_id, category_id, name, description, created_at) VALUES ('1a1ce76b-a2be-4414-b3ad-dbdbf5bf0ab3', NULL, 'af524f40-f06a-4ae0-a09c-3c53336d8fa8', 'Law Mastery Vol 6', 'An essential study guide covering the core concepts of Law.', '2026-03-03T07:19:07.296Z');
INSERT INTO cards (id, deck_id, front, back, created_at) VALUES ('5b564280-14c2-40fe-9fcf-138b776c5ca6', '1a1ce76b-a2be-4414-b3ad-dbdbf5bf0ab3', 'Concept 1 from Law?', 'This is the definition and explanation of concept 1 for Law.', '2026-03-03T07:19:07.296Z');
INSERT INTO cards (id, deck_id, front, back, created_at) VALUES ('cc3ab62e-3657-4b83-a679-8b9b39c922e8', '1a1ce76b-a2be-4414-b3ad-dbdbf5bf0ab3', 'Concept 2 from Law?', 'This is the definition and explanation of concept 2 for Law.', '2026-03-03T07:19:07.296Z');
INSERT INTO cards (id, deck_id, front, back, created_at) VALUES ('1569621d-70a1-4b44-941d-ebe5d75da877', '1a1ce76b-a2be-4414-b3ad-dbdbf5bf0ab3', 'Concept 3 from Law?', 'This is the definition and explanation of concept 3 for Law.', '2026-03-03T07:19:07.296Z');
INSERT INTO cards (id, deck_id, front, back, created_at) VALUES ('606e6b49-8567-48b7-badd-50a4081594b5', '1a1ce76b-a2be-4414-b3ad-dbdbf5bf0ab3', 'Concept 4 from Law?', 'This is the definition and explanation of concept 4 for Law.', '2026-03-03T07:19:07.296Z');
INSERT INTO cards (id, deck_id, front, back, created_at) VALUES ('949c70d6-20f2-4c4e-b75b-badb25d14903', '1a1ce76b-a2be-4414-b3ad-dbdbf5bf0ab3', 'Concept 5 from Law?', 'This is the definition and explanation of concept 5 for Law.', '2026-03-03T07:19:07.296Z');
INSERT INTO decks (id, user_id, category_id, name, description, created_at) VALUES ('a5e0092a-4914-48b0-a706-c5ae4ee5e016', NULL, 'af524f40-f06a-4ae0-a09c-3c53336d8fa8', 'Law Mastery Vol 7', 'An essential study guide covering the core concepts of Law.', '2026-03-03T07:19:07.296Z');
INSERT INTO cards (id, deck_id, front, back, created_at) VALUES ('aba03d89-59de-48dc-9a34-5a7da872e6f0', 'a5e0092a-4914-48b0-a706-c5ae4ee5e016', 'Concept 1 from Law?', 'This is the definition and explanation of concept 1 for Law.', '2026-03-03T07:19:07.296Z');
INSERT INTO cards (id, deck_id, front, back, created_at) VALUES ('ed211abe-9337-41cd-83ac-592d19a14b3a', 'a5e0092a-4914-48b0-a706-c5ae4ee5e016', 'Concept 2 from Law?', 'This is the definition and explanation of concept 2 for Law.', '2026-03-03T07:19:07.296Z');
INSERT INTO cards (id, deck_id, front, back, created_at) VALUES ('41095c65-32a8-40ff-9735-51c5b4ea3c7a', 'a5e0092a-4914-48b0-a706-c5ae4ee5e016', 'Concept 3 from Law?', 'This is the definition and explanation of concept 3 for Law.', '2026-03-03T07:19:07.296Z');
INSERT INTO cards (id, deck_id, front, back, created_at) VALUES ('f6ab05e3-4abb-4daf-b751-61423d77a07f', 'a5e0092a-4914-48b0-a706-c5ae4ee5e016', 'Concept 4 from Law?', 'This is the definition and explanation of concept 4 for Law.', '2026-03-03T07:19:07.296Z');
INSERT INTO cards (id, deck_id, front, back, created_at) VALUES ('7ee7fa1c-6595-456e-9b35-2b62399b9158', 'a5e0092a-4914-48b0-a706-c5ae4ee5e016', 'Concept 5 from Law?', 'This is the definition and explanation of concept 5 for Law.', '2026-03-03T07:19:07.296Z');
INSERT INTO decks (id, user_id, category_id, name, description, created_at) VALUES ('a65cd73f-0420-4b51-98e0-abd1d978afa9', NULL, 'af524f40-f06a-4ae0-a09c-3c53336d8fa8', 'Law Mastery Vol 8', 'An essential study guide covering the core concepts of Law.', '2026-03-03T07:19:07.296Z');
INSERT INTO cards (id, deck_id, front, back, created_at) VALUES ('c5360e50-341d-4b52-ae99-ddb0c86dfe47', 'a65cd73f-0420-4b51-98e0-abd1d978afa9', 'Concept 1 from Law?', 'This is the definition and explanation of concept 1 for Law.', '2026-03-03T07:19:07.296Z');
INSERT INTO cards (id, deck_id, front, back, created_at) VALUES ('70c86a73-0ddc-4222-9c94-18a81b06c811', 'a65cd73f-0420-4b51-98e0-abd1d978afa9', 'Concept 2 from Law?', 'This is the definition and explanation of concept 2 for Law.', '2026-03-03T07:19:07.296Z');
INSERT INTO cards (id, deck_id, front, back, created_at) VALUES ('149c6c9c-5afa-4032-83f3-df1bf611bbce', 'a65cd73f-0420-4b51-98e0-abd1d978afa9', 'Concept 3 from Law?', 'This is the definition and explanation of concept 3 for Law.', '2026-03-03T07:19:07.296Z');
INSERT INTO cards (id, deck_id, front, back, created_at) VALUES ('2ca3a463-0bd2-40c6-90e7-53b90e330e35', 'a65cd73f-0420-4b51-98e0-abd1d978afa9', 'Concept 4 from Law?', 'This is the definition and explanation of concept 4 for Law.', '2026-03-03T07:19:07.296Z');
INSERT INTO cards (id, deck_id, front, back, created_at) VALUES ('aad29170-d8c2-48a1-89bb-efd9a3e20178', 'a65cd73f-0420-4b51-98e0-abd1d978afa9', 'Concept 5 from Law?', 'This is the definition and explanation of concept 5 for Law.', '2026-03-03T07:19:07.296Z');
INSERT INTO decks (id, user_id, category_id, name, description, created_at) VALUES ('a2478161-7fc2-416a-be6f-dfeb1301dd09', NULL, 'af524f40-f06a-4ae0-a09c-3c53336d8fa8', 'Law Mastery Vol 9', 'An essential study guide covering the core concepts of Law.', '2026-03-03T07:19:07.296Z');
INSERT INTO cards (id, deck_id, front, back, created_at) VALUES ('448387e9-12e5-42ed-9705-2f6dd18ae7dc', 'a2478161-7fc2-416a-be6f-dfeb1301dd09', 'Concept 1 from Law?', 'This is the definition and explanation of concept 1 for Law.', '2026-03-03T07:19:07.296Z');
INSERT INTO cards (id, deck_id, front, back, created_at) VALUES ('24ed581e-7024-431a-b1f4-1c53023d4999', 'a2478161-7fc2-416a-be6f-dfeb1301dd09', 'Concept 2 from Law?', 'This is the definition and explanation of concept 2 for Law.', '2026-03-03T07:19:07.296Z');
INSERT INTO cards (id, deck_id, front, back, created_at) VALUES ('936f95dd-6ed2-402f-a7f8-606bd2bdcc61', 'a2478161-7fc2-416a-be6f-dfeb1301dd09', 'Concept 3 from Law?', 'This is the definition and explanation of concept 3 for Law.', '2026-03-03T07:19:07.296Z');
INSERT INTO cards (id, deck_id, front, back, created_at) VALUES ('aed09d4c-0247-42f1-9b66-dd715479c405', 'a2478161-7fc2-416a-be6f-dfeb1301dd09', 'Concept 4 from Law?', 'This is the definition and explanation of concept 4 for Law.', '2026-03-03T07:19:07.296Z');
INSERT INTO cards (id, deck_id, front, back, created_at) VALUES ('c1b36b1f-930a-467b-8cdb-7e433317cad6', 'a2478161-7fc2-416a-be6f-dfeb1301dd09', 'Concept 5 from Law?', 'This is the definition and explanation of concept 5 for Law.', '2026-03-03T07:19:07.296Z');
INSERT INTO decks (id, user_id, category_id, name, description, created_at) VALUES ('d87023bc-b183-4ab5-8374-970244a88817', NULL, 'af524f40-f06a-4ae0-a09c-3c53336d8fa8', 'Law Mastery Vol 10', 'An essential study guide covering the core concepts of Law.', '2026-03-03T07:19:07.296Z');
INSERT INTO cards (id, deck_id, front, back, created_at) VALUES ('e1bf6d51-4324-4a7b-9e63-6793f8249820', 'd87023bc-b183-4ab5-8374-970244a88817', 'Concept 1 from Law?', 'This is the definition and explanation of concept 1 for Law.', '2026-03-03T07:19:07.296Z');
INSERT INTO cards (id, deck_id, front, back, created_at) VALUES ('12385851-ef39-4ac9-bb4f-576b61be7895', 'd87023bc-b183-4ab5-8374-970244a88817', 'Concept 2 from Law?', 'This is the definition and explanation of concept 2 for Law.', '2026-03-03T07:19:07.296Z');
INSERT INTO cards (id, deck_id, front, back, created_at) VALUES ('15c9f5cf-201c-431a-9dc5-c7428626af7d', 'd87023bc-b183-4ab5-8374-970244a88817', 'Concept 3 from Law?', 'This is the definition and explanation of concept 3 for Law.', '2026-03-03T07:19:07.296Z');
INSERT INTO cards (id, deck_id, front, back, created_at) VALUES ('0ae6921d-ad36-4da1-a020-b8ba662d0195', 'd87023bc-b183-4ab5-8374-970244a88817', 'Concept 4 from Law?', 'This is the definition and explanation of concept 4 for Law.', '2026-03-03T07:19:07.296Z');
INSERT INTO cards (id, deck_id, front, back, created_at) VALUES ('56914885-ea2d-4b07-bb57-b0d62fb55273', 'd87023bc-b183-4ab5-8374-970244a88817', 'Concept 5 from Law?', 'This is the definition and explanation of concept 5 for Law.', '2026-03-03T07:19:07.296Z');
INSERT INTO categories (id, name, slug, icon, description, created_at) VALUES ('dcd3dce3-b019-4406-b823-f28b67e0eec5', 'Political Science', 'political-science', 'i-lucide-landmark', 'Government systems and political theory.', '2026-03-03T07:19:07.296Z');
INSERT INTO decks (id, user_id, category_id, name, description, created_at) VALUES ('73fde4b3-1e94-44ed-b6ba-4e30c6cfadce', NULL, 'dcd3dce3-b019-4406-b823-f28b67e0eec5', 'Political Science Mastery Vol 1', 'An essential study guide covering the core concepts of Political Science.', '2026-03-03T07:19:07.296Z');
INSERT INTO cards (id, deck_id, front, back, created_at) VALUES ('bb679db3-1f57-4775-a853-f257e689e440', '73fde4b3-1e94-44ed-b6ba-4e30c6cfadce', 'Concept 1 from Political Science?', 'This is the definition and explanation of concept 1 for Political Science.', '2026-03-03T07:19:07.296Z');
INSERT INTO cards (id, deck_id, front, back, created_at) VALUES ('33e1becc-1c45-413b-b6c1-9bd694d4143f', '73fde4b3-1e94-44ed-b6ba-4e30c6cfadce', 'Concept 2 from Political Science?', 'This is the definition and explanation of concept 2 for Political Science.', '2026-03-03T07:19:07.296Z');
INSERT INTO cards (id, deck_id, front, back, created_at) VALUES ('f8fb4a89-9434-4a36-86e1-1106a6c01d48', '73fde4b3-1e94-44ed-b6ba-4e30c6cfadce', 'Concept 3 from Political Science?', 'This is the definition and explanation of concept 3 for Political Science.', '2026-03-03T07:19:07.296Z');
INSERT INTO cards (id, deck_id, front, back, created_at) VALUES ('8e583d93-a051-400b-8e4c-884b4f424420', '73fde4b3-1e94-44ed-b6ba-4e30c6cfadce', 'Concept 4 from Political Science?', 'This is the definition and explanation of concept 4 for Political Science.', '2026-03-03T07:19:07.296Z');
INSERT INTO cards (id, deck_id, front, back, created_at) VALUES ('99bdf4cd-1a73-4d69-a440-a7ff03826f4b', '73fde4b3-1e94-44ed-b6ba-4e30c6cfadce', 'Concept 5 from Political Science?', 'This is the definition and explanation of concept 5 for Political Science.', '2026-03-03T07:19:07.296Z');
INSERT INTO decks (id, user_id, category_id, name, description, created_at) VALUES ('b6e6ff12-2de3-413d-aed9-98c6cee35632', NULL, 'dcd3dce3-b019-4406-b823-f28b67e0eec5', 'Political Science Mastery Vol 2', 'An essential study guide covering the core concepts of Political Science.', '2026-03-03T07:19:07.296Z');
INSERT INTO cards (id, deck_id, front, back, created_at) VALUES ('68582ed8-fcd6-4df7-8a36-fd094f225431', 'b6e6ff12-2de3-413d-aed9-98c6cee35632', 'Concept 1 from Political Science?', 'This is the definition and explanation of concept 1 for Political Science.', '2026-03-03T07:19:07.296Z');
INSERT INTO cards (id, deck_id, front, back, created_at) VALUES ('ed3de0a1-34b7-444a-ba96-36a53ea3d385', 'b6e6ff12-2de3-413d-aed9-98c6cee35632', 'Concept 2 from Political Science?', 'This is the definition and explanation of concept 2 for Political Science.', '2026-03-03T07:19:07.296Z');
INSERT INTO cards (id, deck_id, front, back, created_at) VALUES ('980d5e2a-3c71-41ca-ae6b-f87f9825f808', 'b6e6ff12-2de3-413d-aed9-98c6cee35632', 'Concept 3 from Political Science?', 'This is the definition and explanation of concept 3 for Political Science.', '2026-03-03T07:19:07.296Z');
INSERT INTO cards (id, deck_id, front, back, created_at) VALUES ('02763c7b-9e17-4b26-b470-badedd560ae3', 'b6e6ff12-2de3-413d-aed9-98c6cee35632', 'Concept 4 from Political Science?', 'This is the definition and explanation of concept 4 for Political Science.', '2026-03-03T07:19:07.296Z');
INSERT INTO cards (id, deck_id, front, back, created_at) VALUES ('d1898d48-464b-4390-8e85-e80f3ea26c28', 'b6e6ff12-2de3-413d-aed9-98c6cee35632', 'Concept 5 from Political Science?', 'This is the definition and explanation of concept 5 for Political Science.', '2026-03-03T07:19:07.296Z');
INSERT INTO decks (id, user_id, category_id, name, description, created_at) VALUES ('44bace8a-600b-4de7-9fe4-4062766bc707', NULL, 'dcd3dce3-b019-4406-b823-f28b67e0eec5', 'Political Science Mastery Vol 3', 'An essential study guide covering the core concepts of Political Science.', '2026-03-03T07:19:07.296Z');
INSERT INTO cards (id, deck_id, front, back, created_at) VALUES ('8937f7cf-71e9-4fd4-bb42-b55bd2ee9db4', '44bace8a-600b-4de7-9fe4-4062766bc707', 'Concept 1 from Political Science?', 'This is the definition and explanation of concept 1 for Political Science.', '2026-03-03T07:19:07.296Z');
INSERT INTO cards (id, deck_id, front, back, created_at) VALUES ('c49d614e-8c10-4849-a218-f1700e54c4f2', '44bace8a-600b-4de7-9fe4-4062766bc707', 'Concept 2 from Political Science?', 'This is the definition and explanation of concept 2 for Political Science.', '2026-03-03T07:19:07.296Z');
INSERT INTO cards (id, deck_id, front, back, created_at) VALUES ('652bc699-5150-4a20-961f-59c83fec7e50', '44bace8a-600b-4de7-9fe4-4062766bc707', 'Concept 3 from Political Science?', 'This is the definition and explanation of concept 3 for Political Science.', '2026-03-03T07:19:07.296Z');
INSERT INTO cards (id, deck_id, front, back, created_at) VALUES ('256effb4-4162-4515-93a3-aa24544ae614', '44bace8a-600b-4de7-9fe4-4062766bc707', 'Concept 4 from Political Science?', 'This is the definition and explanation of concept 4 for Political Science.', '2026-03-03T07:19:07.296Z');
INSERT INTO cards (id, deck_id, front, back, created_at) VALUES ('2c269a31-89f9-45ee-b526-169fd805a124', '44bace8a-600b-4de7-9fe4-4062766bc707', 'Concept 5 from Political Science?', 'This is the definition and explanation of concept 5 for Political Science.', '2026-03-03T07:19:07.296Z');
INSERT INTO decks (id, user_id, category_id, name, description, created_at) VALUES ('8b0e6fbf-b873-41a9-a011-4b03e89aab65', NULL, 'dcd3dce3-b019-4406-b823-f28b67e0eec5', 'Political Science Mastery Vol 4', 'An essential study guide covering the core concepts of Political Science.', '2026-03-03T07:19:07.296Z');
INSERT INTO cards (id, deck_id, front, back, created_at) VALUES ('f1970975-3e7d-4b5f-bb67-726d84f27399', '8b0e6fbf-b873-41a9-a011-4b03e89aab65', 'Concept 1 from Political Science?', 'This is the definition and explanation of concept 1 for Political Science.', '2026-03-03T07:19:07.296Z');
INSERT INTO cards (id, deck_id, front, back, created_at) VALUES ('07d51aa5-32c1-438c-bd7a-2db0ee361d8f', '8b0e6fbf-b873-41a9-a011-4b03e89aab65', 'Concept 2 from Political Science?', 'This is the definition and explanation of concept 2 for Political Science.', '2026-03-03T07:19:07.296Z');
INSERT INTO cards (id, deck_id, front, back, created_at) VALUES ('05010cf0-be33-4714-91a1-9c4c1a2bc5e3', '8b0e6fbf-b873-41a9-a011-4b03e89aab65', 'Concept 3 from Political Science?', 'This is the definition and explanation of concept 3 for Political Science.', '2026-03-03T07:19:07.296Z');
INSERT INTO cards (id, deck_id, front, back, created_at) VALUES ('4b984df0-b787-468d-823e-f5f4889cc1f0', '8b0e6fbf-b873-41a9-a011-4b03e89aab65', 'Concept 4 from Political Science?', 'This is the definition and explanation of concept 4 for Political Science.', '2026-03-03T07:19:07.296Z');
INSERT INTO cards (id, deck_id, front, back, created_at) VALUES ('284d8adf-a6b8-443b-a2bd-9c62f8d2b34a', '8b0e6fbf-b873-41a9-a011-4b03e89aab65', 'Concept 5 from Political Science?', 'This is the definition and explanation of concept 5 for Political Science.', '2026-03-03T07:19:07.296Z');
INSERT INTO decks (id, user_id, category_id, name, description, created_at) VALUES ('dc9e8e56-beb6-49dd-80a7-06f093471e6f', NULL, 'dcd3dce3-b019-4406-b823-f28b67e0eec5', 'Political Science Mastery Vol 5', 'An essential study guide covering the core concepts of Political Science.', '2026-03-03T07:19:07.296Z');
INSERT INTO cards (id, deck_id, front, back, created_at) VALUES ('c0915b34-2ae2-413a-8df4-18b6cec16484', 'dc9e8e56-beb6-49dd-80a7-06f093471e6f', 'Concept 1 from Political Science?', 'This is the definition and explanation of concept 1 for Political Science.', '2026-03-03T07:19:07.296Z');
INSERT INTO cards (id, deck_id, front, back, created_at) VALUES ('7d3a6795-4732-4434-baa3-3f02aa9924c3', 'dc9e8e56-beb6-49dd-80a7-06f093471e6f', 'Concept 2 from Political Science?', 'This is the definition and explanation of concept 2 for Political Science.', '2026-03-03T07:19:07.296Z');
INSERT INTO cards (id, deck_id, front, back, created_at) VALUES ('90aa0d28-a684-454f-b5d9-2b8b7e47fbe4', 'dc9e8e56-beb6-49dd-80a7-06f093471e6f', 'Concept 3 from Political Science?', 'This is the definition and explanation of concept 3 for Political Science.', '2026-03-03T07:19:07.296Z');
INSERT INTO cards (id, deck_id, front, back, created_at) VALUES ('907510c2-9920-46b8-a62e-2e5c573408e8', 'dc9e8e56-beb6-49dd-80a7-06f093471e6f', 'Concept 4 from Political Science?', 'This is the definition and explanation of concept 4 for Political Science.', '2026-03-03T07:19:07.296Z');
INSERT INTO cards (id, deck_id, front, back, created_at) VALUES ('bceecb91-f830-4661-a515-ad6e5c994aa0', 'dc9e8e56-beb6-49dd-80a7-06f093471e6f', 'Concept 5 from Political Science?', 'This is the definition and explanation of concept 5 for Political Science.', '2026-03-03T07:19:07.296Z');
INSERT INTO decks (id, user_id, category_id, name, description, created_at) VALUES ('54272fec-52dd-47fb-8900-fdf4f6964a07', NULL, 'dcd3dce3-b019-4406-b823-f28b67e0eec5', 'Political Science Mastery Vol 6', 'An essential study guide covering the core concepts of Political Science.', '2026-03-03T07:19:07.296Z');
INSERT INTO cards (id, deck_id, front, back, created_at) VALUES ('72a15652-2607-47d5-9b63-4d99b44b62c3', '54272fec-52dd-47fb-8900-fdf4f6964a07', 'Concept 1 from Political Science?', 'This is the definition and explanation of concept 1 for Political Science.', '2026-03-03T07:19:07.296Z');
INSERT INTO cards (id, deck_id, front, back, created_at) VALUES ('611a7c22-5b97-440c-9d4f-77bc65250a55', '54272fec-52dd-47fb-8900-fdf4f6964a07', 'Concept 2 from Political Science?', 'This is the definition and explanation of concept 2 for Political Science.', '2026-03-03T07:19:07.296Z');
INSERT INTO cards (id, deck_id, front, back, created_at) VALUES ('eeb74ce1-67fb-4cfa-9a26-283486a98abd', '54272fec-52dd-47fb-8900-fdf4f6964a07', 'Concept 3 from Political Science?', 'This is the definition and explanation of concept 3 for Political Science.', '2026-03-03T07:19:07.296Z');
INSERT INTO cards (id, deck_id, front, back, created_at) VALUES ('f342cec3-fd92-4166-b191-3cc6f2b15450', '54272fec-52dd-47fb-8900-fdf4f6964a07', 'Concept 4 from Political Science?', 'This is the definition and explanation of concept 4 for Political Science.', '2026-03-03T07:19:07.296Z');
INSERT INTO cards (id, deck_id, front, back, created_at) VALUES ('251de3b1-967c-44e1-8a75-945b152076d1', '54272fec-52dd-47fb-8900-fdf4f6964a07', 'Concept 5 from Political Science?', 'This is the definition and explanation of concept 5 for Political Science.', '2026-03-03T07:19:07.296Z');
INSERT INTO decks (id, user_id, category_id, name, description, created_at) VALUES ('b08b8fc5-c738-4ec1-a8d7-24788989a4aa', NULL, 'dcd3dce3-b019-4406-b823-f28b67e0eec5', 'Political Science Mastery Vol 7', 'An essential study guide covering the core concepts of Political Science.', '2026-03-03T07:19:07.296Z');
INSERT INTO cards (id, deck_id, front, back, created_at) VALUES ('20e9f4ea-42d8-4d01-8d8a-812c429d3fd8', 'b08b8fc5-c738-4ec1-a8d7-24788989a4aa', 'Concept 1 from Political Science?', 'This is the definition and explanation of concept 1 for Political Science.', '2026-03-03T07:19:07.296Z');
INSERT INTO cards (id, deck_id, front, back, created_at) VALUES ('f85a6cbe-c1c6-47bf-a782-aa5a70590a14', 'b08b8fc5-c738-4ec1-a8d7-24788989a4aa', 'Concept 2 from Political Science?', 'This is the definition and explanation of concept 2 for Political Science.', '2026-03-03T07:19:07.296Z');
INSERT INTO cards (id, deck_id, front, back, created_at) VALUES ('ad8275e1-5958-44fa-863f-c9d44ba74e95', 'b08b8fc5-c738-4ec1-a8d7-24788989a4aa', 'Concept 3 from Political Science?', 'This is the definition and explanation of concept 3 for Political Science.', '2026-03-03T07:19:07.296Z');
INSERT INTO cards (id, deck_id, front, back, created_at) VALUES ('ec8a414d-ceba-4470-aab4-8a9331fdfa1e', 'b08b8fc5-c738-4ec1-a8d7-24788989a4aa', 'Concept 4 from Political Science?', 'This is the definition and explanation of concept 4 for Political Science.', '2026-03-03T07:19:07.296Z');
INSERT INTO cards (id, deck_id, front, back, created_at) VALUES ('525cee80-9ecc-477e-b9f0-10b2a27a8596', 'b08b8fc5-c738-4ec1-a8d7-24788989a4aa', 'Concept 5 from Political Science?', 'This is the definition and explanation of concept 5 for Political Science.', '2026-03-03T07:19:07.296Z');
INSERT INTO decks (id, user_id, category_id, name, description, created_at) VALUES ('8219e1ae-3d98-4839-b9ae-b4782407e8e0', NULL, 'dcd3dce3-b019-4406-b823-f28b67e0eec5', 'Political Science Mastery Vol 8', 'An essential study guide covering the core concepts of Political Science.', '2026-03-03T07:19:07.296Z');
INSERT INTO cards (id, deck_id, front, back, created_at) VALUES ('bc9edcbf-272d-4a86-90b4-7c15cf022add', '8219e1ae-3d98-4839-b9ae-b4782407e8e0', 'Concept 1 from Political Science?', 'This is the definition and explanation of concept 1 for Political Science.', '2026-03-03T07:19:07.296Z');
INSERT INTO cards (id, deck_id, front, back, created_at) VALUES ('b28ca2da-4f3e-4162-ae91-654415bcab7f', '8219e1ae-3d98-4839-b9ae-b4782407e8e0', 'Concept 2 from Political Science?', 'This is the definition and explanation of concept 2 for Political Science.', '2026-03-03T07:19:07.296Z');
INSERT INTO cards (id, deck_id, front, back, created_at) VALUES ('ffd25211-cb14-4306-978e-98524936674a', '8219e1ae-3d98-4839-b9ae-b4782407e8e0', 'Concept 3 from Political Science?', 'This is the definition and explanation of concept 3 for Political Science.', '2026-03-03T07:19:07.296Z');
INSERT INTO cards (id, deck_id, front, back, created_at) VALUES ('d37c1b62-7fdc-4129-b863-07db4f2d6250', '8219e1ae-3d98-4839-b9ae-b4782407e8e0', 'Concept 4 from Political Science?', 'This is the definition and explanation of concept 4 for Political Science.', '2026-03-03T07:19:07.296Z');
INSERT INTO cards (id, deck_id, front, back, created_at) VALUES ('d8dbeeff-4af5-4e6c-9aa5-221a00189604', '8219e1ae-3d98-4839-b9ae-b4782407e8e0', 'Concept 5 from Political Science?', 'This is the definition and explanation of concept 5 for Political Science.', '2026-03-03T07:19:07.296Z');
INSERT INTO decks (id, user_id, category_id, name, description, created_at) VALUES ('0a6c9275-1c21-4c5a-a627-5fcb6deed62d', NULL, 'dcd3dce3-b019-4406-b823-f28b67e0eec5', 'Political Science Mastery Vol 9', 'An essential study guide covering the core concepts of Political Science.', '2026-03-03T07:19:07.296Z');
INSERT INTO cards (id, deck_id, front, back, created_at) VALUES ('05511ec9-d2af-4400-9ee6-00341cc3d2dc', '0a6c9275-1c21-4c5a-a627-5fcb6deed62d', 'Concept 1 from Political Science?', 'This is the definition and explanation of concept 1 for Political Science.', '2026-03-03T07:19:07.296Z');
INSERT INTO cards (id, deck_id, front, back, created_at) VALUES ('6743f498-228a-480e-bd10-ffd6fa9e7505', '0a6c9275-1c21-4c5a-a627-5fcb6deed62d', 'Concept 2 from Political Science?', 'This is the definition and explanation of concept 2 for Political Science.', '2026-03-03T07:19:07.296Z');
INSERT INTO cards (id, deck_id, front, back, created_at) VALUES ('79deb268-86bd-4db6-ba46-466bad61af6b', '0a6c9275-1c21-4c5a-a627-5fcb6deed62d', 'Concept 3 from Political Science?', 'This is the definition and explanation of concept 3 for Political Science.', '2026-03-03T07:19:07.296Z');
INSERT INTO cards (id, deck_id, front, back, created_at) VALUES ('47302179-ab18-49c6-857d-f0ebe98bd158', '0a6c9275-1c21-4c5a-a627-5fcb6deed62d', 'Concept 4 from Political Science?', 'This is the definition and explanation of concept 4 for Political Science.', '2026-03-03T07:19:07.296Z');
INSERT INTO cards (id, deck_id, front, back, created_at) VALUES ('3ae9859e-963d-435b-89ba-3279dec3223e', '0a6c9275-1c21-4c5a-a627-5fcb6deed62d', 'Concept 5 from Political Science?', 'This is the definition and explanation of concept 5 for Political Science.', '2026-03-03T07:19:07.296Z');
INSERT INTO decks (id, user_id, category_id, name, description, created_at) VALUES ('fe0be1fb-faf2-4622-8dda-bb2ced7bbda5', NULL, 'dcd3dce3-b019-4406-b823-f28b67e0eec5', 'Political Science Mastery Vol 10', 'An essential study guide covering the core concepts of Political Science.', '2026-03-03T07:19:07.296Z');
INSERT INTO cards (id, deck_id, front, back, created_at) VALUES ('aaa18bf1-e894-4492-a906-e0a7e14e274b', 'fe0be1fb-faf2-4622-8dda-bb2ced7bbda5', 'Concept 1 from Political Science?', 'This is the definition and explanation of concept 1 for Political Science.', '2026-03-03T07:19:07.296Z');
INSERT INTO cards (id, deck_id, front, back, created_at) VALUES ('338d2773-a011-4543-902a-cb21c69745cb', 'fe0be1fb-faf2-4622-8dda-bb2ced7bbda5', 'Concept 2 from Political Science?', 'This is the definition and explanation of concept 2 for Political Science.', '2026-03-03T07:19:07.296Z');
INSERT INTO cards (id, deck_id, front, back, created_at) VALUES ('96e9d968-0641-4180-ae72-d06d7acbc914', 'fe0be1fb-faf2-4622-8dda-bb2ced7bbda5', 'Concept 3 from Political Science?', 'This is the definition and explanation of concept 3 for Political Science.', '2026-03-03T07:19:07.296Z');
INSERT INTO cards (id, deck_id, front, back, created_at) VALUES ('865d5362-e831-42e0-ab1c-011a571cb7b9', 'fe0be1fb-faf2-4622-8dda-bb2ced7bbda5', 'Concept 4 from Political Science?', 'This is the definition and explanation of concept 4 for Political Science.', '2026-03-03T07:19:07.296Z');
INSERT INTO cards (id, deck_id, front, back, created_at) VALUES ('11bc876f-3827-47e5-ab2a-ab8d7dcc5c5e', 'fe0be1fb-faf2-4622-8dda-bb2ced7bbda5', 'Concept 5 from Political Science?', 'This is the definition and explanation of concept 5 for Political Science.', '2026-03-03T07:19:07.296Z');
INSERT INTO categories (id, name, slug, icon, description, created_at) VALUES ('eb49e449-5e3a-474e-a085-a0b77d95a840', 'Art History', 'art-history', 'i-lucide-palette', 'Famous artworks, movements, and artists.', '2026-03-03T07:19:07.296Z');
INSERT INTO decks (id, user_id, category_id, name, description, created_at) VALUES ('449f17d2-3c2b-4c62-a792-7348c864dd79', NULL, 'eb49e449-5e3a-474e-a085-a0b77d95a840', 'Art History Mastery Vol 1', 'An essential study guide covering the core concepts of Art History.', '2026-03-03T07:19:07.296Z');
INSERT INTO cards (id, deck_id, front, back, created_at) VALUES ('5e17402d-29cf-45bb-8bd4-c12daf96f84d', '449f17d2-3c2b-4c62-a792-7348c864dd79', 'Concept 1 from Art History?', 'This is the definition and explanation of concept 1 for Art History.', '2026-03-03T07:19:07.296Z');
INSERT INTO cards (id, deck_id, front, back, created_at) VALUES ('ca3a247e-085d-4560-a30c-9b6ef1893330', '449f17d2-3c2b-4c62-a792-7348c864dd79', 'Concept 2 from Art History?', 'This is the definition and explanation of concept 2 for Art History.', '2026-03-03T07:19:07.296Z');
INSERT INTO cards (id, deck_id, front, back, created_at) VALUES ('618dc0f1-dbb2-4c68-aa3c-77196ade8e69', '449f17d2-3c2b-4c62-a792-7348c864dd79', 'Concept 3 from Art History?', 'This is the definition and explanation of concept 3 for Art History.', '2026-03-03T07:19:07.296Z');
INSERT INTO cards (id, deck_id, front, back, created_at) VALUES ('44f863ef-4859-4beb-8d26-2125974f2f8f', '449f17d2-3c2b-4c62-a792-7348c864dd79', 'Concept 4 from Art History?', 'This is the definition and explanation of concept 4 for Art History.', '2026-03-03T07:19:07.296Z');
INSERT INTO cards (id, deck_id, front, back, created_at) VALUES ('4fc4c2e3-cf23-4262-8673-9354bf4ad9ef', '449f17d2-3c2b-4c62-a792-7348c864dd79', 'Concept 5 from Art History?', 'This is the definition and explanation of concept 5 for Art History.', '2026-03-03T07:19:07.296Z');
INSERT INTO decks (id, user_id, category_id, name, description, created_at) VALUES ('f931f749-6b35-4055-bc37-af6f600da59e', NULL, 'eb49e449-5e3a-474e-a085-a0b77d95a840', 'Art History Mastery Vol 2', 'An essential study guide covering the core concepts of Art History.', '2026-03-03T07:19:07.296Z');
INSERT INTO cards (id, deck_id, front, back, created_at) VALUES ('09468675-e4f4-40b2-a8b2-5e8f2c83b36e', 'f931f749-6b35-4055-bc37-af6f600da59e', 'Concept 1 from Art History?', 'This is the definition and explanation of concept 1 for Art History.', '2026-03-03T07:19:07.296Z');
INSERT INTO cards (id, deck_id, front, back, created_at) VALUES ('43928ca7-ba59-4f8f-8769-93844bf34f8c', 'f931f749-6b35-4055-bc37-af6f600da59e', 'Concept 2 from Art History?', 'This is the definition and explanation of concept 2 for Art History.', '2026-03-03T07:19:07.296Z');
INSERT INTO cards (id, deck_id, front, back, created_at) VALUES ('7592ac94-e24b-4dc5-b43f-1ef079d98af0', 'f931f749-6b35-4055-bc37-af6f600da59e', 'Concept 3 from Art History?', 'This is the definition and explanation of concept 3 for Art History.', '2026-03-03T07:19:07.296Z');
INSERT INTO cards (id, deck_id, front, back, created_at) VALUES ('4e824b2c-a936-42d7-b9a6-c3476ef6f5d5', 'f931f749-6b35-4055-bc37-af6f600da59e', 'Concept 4 from Art History?', 'This is the definition and explanation of concept 4 for Art History.', '2026-03-03T07:19:07.296Z');
INSERT INTO cards (id, deck_id, front, back, created_at) VALUES ('141a44f1-c82b-4d3e-b65c-570f1a0e0427', 'f931f749-6b35-4055-bc37-af6f600da59e', 'Concept 5 from Art History?', 'This is the definition and explanation of concept 5 for Art History.', '2026-03-03T07:19:07.296Z');
INSERT INTO decks (id, user_id, category_id, name, description, created_at) VALUES ('8aba25f1-e700-4e63-b871-7339258954f1', NULL, 'eb49e449-5e3a-474e-a085-a0b77d95a840', 'Art History Mastery Vol 3', 'An essential study guide covering the core concepts of Art History.', '2026-03-03T07:19:07.296Z');
INSERT INTO cards (id, deck_id, front, back, created_at) VALUES ('3a60e6db-896e-4b0f-99c8-80ce8107d149', '8aba25f1-e700-4e63-b871-7339258954f1', 'Concept 1 from Art History?', 'This is the definition and explanation of concept 1 for Art History.', '2026-03-03T07:19:07.296Z');
INSERT INTO cards (id, deck_id, front, back, created_at) VALUES ('fdf9f43a-2483-4171-9503-d038fe437f6e', '8aba25f1-e700-4e63-b871-7339258954f1', 'Concept 2 from Art History?', 'This is the definition and explanation of concept 2 for Art History.', '2026-03-03T07:19:07.296Z');
INSERT INTO cards (id, deck_id, front, back, created_at) VALUES ('03de888e-b66a-42c3-a4bd-1c0279ed866c', '8aba25f1-e700-4e63-b871-7339258954f1', 'Concept 3 from Art History?', 'This is the definition and explanation of concept 3 for Art History.', '2026-03-03T07:19:07.296Z');
INSERT INTO cards (id, deck_id, front, back, created_at) VALUES ('7c173cf7-af4f-4a67-8df2-3f94c9ba151c', '8aba25f1-e700-4e63-b871-7339258954f1', 'Concept 4 from Art History?', 'This is the definition and explanation of concept 4 for Art History.', '2026-03-03T07:19:07.296Z');
INSERT INTO cards (id, deck_id, front, back, created_at) VALUES ('ebc66ba1-744c-42a4-9206-a00250ae5409', '8aba25f1-e700-4e63-b871-7339258954f1', 'Concept 5 from Art History?', 'This is the definition and explanation of concept 5 for Art History.', '2026-03-03T07:19:07.296Z');
INSERT INTO decks (id, user_id, category_id, name, description, created_at) VALUES ('1da57cd6-ed25-47af-ac68-9617caaf7e36', NULL, 'eb49e449-5e3a-474e-a085-a0b77d95a840', 'Art History Mastery Vol 4', 'An essential study guide covering the core concepts of Art History.', '2026-03-03T07:19:07.296Z');
INSERT INTO cards (id, deck_id, front, back, created_at) VALUES ('14432c66-52fe-405f-89e2-3b7faef73cb7', '1da57cd6-ed25-47af-ac68-9617caaf7e36', 'Concept 1 from Art History?', 'This is the definition and explanation of concept 1 for Art History.', '2026-03-03T07:19:07.296Z');
INSERT INTO cards (id, deck_id, front, back, created_at) VALUES ('a96f26e1-6743-485a-979f-2ce21bf60c46', '1da57cd6-ed25-47af-ac68-9617caaf7e36', 'Concept 2 from Art History?', 'This is the definition and explanation of concept 2 for Art History.', '2026-03-03T07:19:07.296Z');
INSERT INTO cards (id, deck_id, front, back, created_at) VALUES ('41bbf2ee-5bbd-49c6-a3c9-3a9755382511', '1da57cd6-ed25-47af-ac68-9617caaf7e36', 'Concept 3 from Art History?', 'This is the definition and explanation of concept 3 for Art History.', '2026-03-03T07:19:07.296Z');
INSERT INTO cards (id, deck_id, front, back, created_at) VALUES ('94406bcb-b55d-4948-b791-5d5b51ed0fe9', '1da57cd6-ed25-47af-ac68-9617caaf7e36', 'Concept 4 from Art History?', 'This is the definition and explanation of concept 4 for Art History.', '2026-03-03T07:19:07.296Z');
INSERT INTO cards (id, deck_id, front, back, created_at) VALUES ('070dce2b-384b-4206-beee-93e82e69f7a5', '1da57cd6-ed25-47af-ac68-9617caaf7e36', 'Concept 5 from Art History?', 'This is the definition and explanation of concept 5 for Art History.', '2026-03-03T07:19:07.296Z');
INSERT INTO decks (id, user_id, category_id, name, description, created_at) VALUES ('9af23c44-271d-41c4-ac23-cb29967b2ee2', NULL, 'eb49e449-5e3a-474e-a085-a0b77d95a840', 'Art History Mastery Vol 5', 'An essential study guide covering the core concepts of Art History.', '2026-03-03T07:19:07.296Z');
INSERT INTO cards (id, deck_id, front, back, created_at) VALUES ('2c5e90c6-4d11-4dd1-a1d0-c9838e536efd', '9af23c44-271d-41c4-ac23-cb29967b2ee2', 'Concept 1 from Art History?', 'This is the definition and explanation of concept 1 for Art History.', '2026-03-03T07:19:07.296Z');
INSERT INTO cards (id, deck_id, front, back, created_at) VALUES ('3c2ba39f-4854-40ba-be74-0fd1752f85bc', '9af23c44-271d-41c4-ac23-cb29967b2ee2', 'Concept 2 from Art History?', 'This is the definition and explanation of concept 2 for Art History.', '2026-03-03T07:19:07.296Z');
INSERT INTO cards (id, deck_id, front, back, created_at) VALUES ('cce1ce30-cf42-4e27-a11f-e32a8b27dc37', '9af23c44-271d-41c4-ac23-cb29967b2ee2', 'Concept 3 from Art History?', 'This is the definition and explanation of concept 3 for Art History.', '2026-03-03T07:19:07.296Z');
INSERT INTO cards (id, deck_id, front, back, created_at) VALUES ('198a2fd8-330d-45a1-b3f2-4f4e3dbedfd6', '9af23c44-271d-41c4-ac23-cb29967b2ee2', 'Concept 4 from Art History?', 'This is the definition and explanation of concept 4 for Art History.', '2026-03-03T07:19:07.296Z');
INSERT INTO cards (id, deck_id, front, back, created_at) VALUES ('963bc2fe-66d1-478f-b949-6760dab23259', '9af23c44-271d-41c4-ac23-cb29967b2ee2', 'Concept 5 from Art History?', 'This is the definition and explanation of concept 5 for Art History.', '2026-03-03T07:19:07.296Z');
INSERT INTO decks (id, user_id, category_id, name, description, created_at) VALUES ('9df24f19-4d4b-4fde-a6a9-c1d9eb55ed7d', NULL, 'eb49e449-5e3a-474e-a085-a0b77d95a840', 'Art History Mastery Vol 6', 'An essential study guide covering the core concepts of Art History.', '2026-03-03T07:19:07.296Z');
INSERT INTO cards (id, deck_id, front, back, created_at) VALUES ('7b116892-642a-4264-af54-055c7167393d', '9df24f19-4d4b-4fde-a6a9-c1d9eb55ed7d', 'Concept 1 from Art History?', 'This is the definition and explanation of concept 1 for Art History.', '2026-03-03T07:19:07.296Z');
INSERT INTO cards (id, deck_id, front, back, created_at) VALUES ('487e767d-bc0c-41b2-9844-7632147f768b', '9df24f19-4d4b-4fde-a6a9-c1d9eb55ed7d', 'Concept 2 from Art History?', 'This is the definition and explanation of concept 2 for Art History.', '2026-03-03T07:19:07.296Z');
INSERT INTO cards (id, deck_id, front, back, created_at) VALUES ('7995da4c-70f1-4013-8657-f0de46a8fd7b', '9df24f19-4d4b-4fde-a6a9-c1d9eb55ed7d', 'Concept 3 from Art History?', 'This is the definition and explanation of concept 3 for Art History.', '2026-03-03T07:19:07.296Z');
INSERT INTO cards (id, deck_id, front, back, created_at) VALUES ('33018a53-9887-4742-adb8-be4d8c196dbe', '9df24f19-4d4b-4fde-a6a9-c1d9eb55ed7d', 'Concept 4 from Art History?', 'This is the definition and explanation of concept 4 for Art History.', '2026-03-03T07:19:07.296Z');
INSERT INTO cards (id, deck_id, front, back, created_at) VALUES ('e83afa16-2cb9-4d4e-8f17-5cca5aac9bcc', '9df24f19-4d4b-4fde-a6a9-c1d9eb55ed7d', 'Concept 5 from Art History?', 'This is the definition and explanation of concept 5 for Art History.', '2026-03-03T07:19:07.296Z');
INSERT INTO decks (id, user_id, category_id, name, description, created_at) VALUES ('d4f4c15d-0ae4-4784-b849-c83d6e0a22e5', NULL, 'eb49e449-5e3a-474e-a085-a0b77d95a840', 'Art History Mastery Vol 7', 'An essential study guide covering the core concepts of Art History.', '2026-03-03T07:19:07.296Z');
INSERT INTO cards (id, deck_id, front, back, created_at) VALUES ('d55f8e76-56b0-478b-b25b-deb032238013', 'd4f4c15d-0ae4-4784-b849-c83d6e0a22e5', 'Concept 1 from Art History?', 'This is the definition and explanation of concept 1 for Art History.', '2026-03-03T07:19:07.296Z');
INSERT INTO cards (id, deck_id, front, back, created_at) VALUES ('b61c05f6-66c8-44cd-8c3e-c79f0b6b493d', 'd4f4c15d-0ae4-4784-b849-c83d6e0a22e5', 'Concept 2 from Art History?', 'This is the definition and explanation of concept 2 for Art History.', '2026-03-03T07:19:07.296Z');
INSERT INTO cards (id, deck_id, front, back, created_at) VALUES ('7c90cdc0-a52f-4be5-8e29-af578a7f4491', 'd4f4c15d-0ae4-4784-b849-c83d6e0a22e5', 'Concept 3 from Art History?', 'This is the definition and explanation of concept 3 for Art History.', '2026-03-03T07:19:07.296Z');
INSERT INTO cards (id, deck_id, front, back, created_at) VALUES ('13950df0-cf90-4522-97ef-45cb3120196f', 'd4f4c15d-0ae4-4784-b849-c83d6e0a22e5', 'Concept 4 from Art History?', 'This is the definition and explanation of concept 4 for Art History.', '2026-03-03T07:19:07.296Z');
INSERT INTO cards (id, deck_id, front, back, created_at) VALUES ('e9c7f188-f682-4ac3-8198-8e81a6b14289', 'd4f4c15d-0ae4-4784-b849-c83d6e0a22e5', 'Concept 5 from Art History?', 'This is the definition and explanation of concept 5 for Art History.', '2026-03-03T07:19:07.296Z');
INSERT INTO decks (id, user_id, category_id, name, description, created_at) VALUES ('bc544c45-79ee-4190-b154-818d9351ad46', NULL, 'eb49e449-5e3a-474e-a085-a0b77d95a840', 'Art History Mastery Vol 8', 'An essential study guide covering the core concepts of Art History.', '2026-03-03T07:19:07.296Z');
INSERT INTO cards (id, deck_id, front, back, created_at) VALUES ('6404ad33-9971-4f4b-9f9f-446bc17cfbf4', 'bc544c45-79ee-4190-b154-818d9351ad46', 'Concept 1 from Art History?', 'This is the definition and explanation of concept 1 for Art History.', '2026-03-03T07:19:07.296Z');
INSERT INTO cards (id, deck_id, front, back, created_at) VALUES ('8a81458c-926d-4801-86b0-0461a37349c6', 'bc544c45-79ee-4190-b154-818d9351ad46', 'Concept 2 from Art History?', 'This is the definition and explanation of concept 2 for Art History.', '2026-03-03T07:19:07.296Z');
INSERT INTO cards (id, deck_id, front, back, created_at) VALUES ('1629e2e3-729d-4bcf-a8ca-82095ef91802', 'bc544c45-79ee-4190-b154-818d9351ad46', 'Concept 3 from Art History?', 'This is the definition and explanation of concept 3 for Art History.', '2026-03-03T07:19:07.296Z');
INSERT INTO cards (id, deck_id, front, back, created_at) VALUES ('43e0caaa-077b-4bc0-8a5a-8a10babeda28', 'bc544c45-79ee-4190-b154-818d9351ad46', 'Concept 4 from Art History?', 'This is the definition and explanation of concept 4 for Art History.', '2026-03-03T07:19:07.296Z');
INSERT INTO cards (id, deck_id, front, back, created_at) VALUES ('363d16cd-f333-42d4-a3df-734887a228f3', 'bc544c45-79ee-4190-b154-818d9351ad46', 'Concept 5 from Art History?', 'This is the definition and explanation of concept 5 for Art History.', '2026-03-03T07:19:07.296Z');
INSERT INTO decks (id, user_id, category_id, name, description, created_at) VALUES ('2a9ee0a1-438d-44a7-98f2-0a6c58276eda', NULL, 'eb49e449-5e3a-474e-a085-a0b77d95a840', 'Art History Mastery Vol 9', 'An essential study guide covering the core concepts of Art History.', '2026-03-03T07:19:07.296Z');
INSERT INTO cards (id, deck_id, front, back, created_at) VALUES ('f4b4f935-9f50-4b1e-9171-c74b547cae03', '2a9ee0a1-438d-44a7-98f2-0a6c58276eda', 'Concept 1 from Art History?', 'This is the definition and explanation of concept 1 for Art History.', '2026-03-03T07:19:07.296Z');
INSERT INTO cards (id, deck_id, front, back, created_at) VALUES ('85f24a0b-9f29-4141-ae84-355328614e6d', '2a9ee0a1-438d-44a7-98f2-0a6c58276eda', 'Concept 2 from Art History?', 'This is the definition and explanation of concept 2 for Art History.', '2026-03-03T07:19:07.296Z');
INSERT INTO cards (id, deck_id, front, back, created_at) VALUES ('58d160c6-fc36-479b-9255-df70b936b051', '2a9ee0a1-438d-44a7-98f2-0a6c58276eda', 'Concept 3 from Art History?', 'This is the definition and explanation of concept 3 for Art History.', '2026-03-03T07:19:07.296Z');
INSERT INTO cards (id, deck_id, front, back, created_at) VALUES ('701cf7e3-aa85-4c83-9672-1d58d6b03e55', '2a9ee0a1-438d-44a7-98f2-0a6c58276eda', 'Concept 4 from Art History?', 'This is the definition and explanation of concept 4 for Art History.', '2026-03-03T07:19:07.296Z');
INSERT INTO cards (id, deck_id, front, back, created_at) VALUES ('744ac28d-0b1b-4c44-9268-6ef10d4dd8e4', '2a9ee0a1-438d-44a7-98f2-0a6c58276eda', 'Concept 5 from Art History?', 'This is the definition and explanation of concept 5 for Art History.', '2026-03-03T07:19:07.296Z');
INSERT INTO decks (id, user_id, category_id, name, description, created_at) VALUES ('b0e4baea-c0e5-464d-a55a-581923c803be', NULL, 'eb49e449-5e3a-474e-a085-a0b77d95a840', 'Art History Mastery Vol 10', 'An essential study guide covering the core concepts of Art History.', '2026-03-03T07:19:07.296Z');
INSERT INTO cards (id, deck_id, front, back, created_at) VALUES ('0afbf6f6-3f93-4e24-b500-3ab06b64d13e', 'b0e4baea-c0e5-464d-a55a-581923c803be', 'Concept 1 from Art History?', 'This is the definition and explanation of concept 1 for Art History.', '2026-03-03T07:19:07.296Z');
INSERT INTO cards (id, deck_id, front, back, created_at) VALUES ('c116875b-cbbf-4b10-9cb2-7265ed2f4136', 'b0e4baea-c0e5-464d-a55a-581923c803be', 'Concept 2 from Art History?', 'This is the definition and explanation of concept 2 for Art History.', '2026-03-03T07:19:07.296Z');
INSERT INTO cards (id, deck_id, front, back, created_at) VALUES ('351bad07-bc3e-4346-b7f8-36dd6e8575d6', 'b0e4baea-c0e5-464d-a55a-581923c803be', 'Concept 3 from Art History?', 'This is the definition and explanation of concept 3 for Art History.', '2026-03-03T07:19:07.296Z');
INSERT INTO cards (id, deck_id, front, back, created_at) VALUES ('5a813b2d-768d-41cd-b640-02cf89bc5b6a', 'b0e4baea-c0e5-464d-a55a-581923c803be', 'Concept 4 from Art History?', 'This is the definition and explanation of concept 4 for Art History.', '2026-03-03T07:19:07.296Z');
INSERT INTO cards (id, deck_id, front, back, created_at) VALUES ('74f5f5d5-e8e6-49ab-bcd3-1054ca24d3be', 'b0e4baea-c0e5-464d-a55a-581923c803be', 'Concept 5 from Art History?', 'This is the definition and explanation of concept 5 for Art History.', '2026-03-03T07:19:07.296Z');
INSERT INTO categories (id, name, slug, icon, description, created_at) VALUES ('fa76d21b-fd54-4490-b2ec-32ee2b332c5c', 'Music Theory', 'music-theory', 'i-lucide-music', 'Scales, chords, and musical structure.', '2026-03-03T07:19:07.296Z');
INSERT INTO decks (id, user_id, category_id, name, description, created_at) VALUES ('597ef177-163c-4090-8418-2d33368c44b8', NULL, 'fa76d21b-fd54-4490-b2ec-32ee2b332c5c', 'Music Theory Mastery Vol 1', 'An essential study guide covering the core concepts of Music Theory.', '2026-03-03T07:19:07.296Z');
INSERT INTO cards (id, deck_id, front, back, created_at) VALUES ('1884ccb7-34bd-4802-8ec5-bc033adda25d', '597ef177-163c-4090-8418-2d33368c44b8', 'Concept 1 from Music Theory?', 'This is the definition and explanation of concept 1 for Music Theory.', '2026-03-03T07:19:07.296Z');
INSERT INTO cards (id, deck_id, front, back, created_at) VALUES ('ffab9394-603b-472e-9191-d84da785e8bb', '597ef177-163c-4090-8418-2d33368c44b8', 'Concept 2 from Music Theory?', 'This is the definition and explanation of concept 2 for Music Theory.', '2026-03-03T07:19:07.296Z');
INSERT INTO cards (id, deck_id, front, back, created_at) VALUES ('afeae285-b7ba-43ae-81c9-2a9c5debb8bb', '597ef177-163c-4090-8418-2d33368c44b8', 'Concept 3 from Music Theory?', 'This is the definition and explanation of concept 3 for Music Theory.', '2026-03-03T07:19:07.296Z');
INSERT INTO cards (id, deck_id, front, back, created_at) VALUES ('2a533028-8b41-41ad-bdb5-56f47d73b9bc', '597ef177-163c-4090-8418-2d33368c44b8', 'Concept 4 from Music Theory?', 'This is the definition and explanation of concept 4 for Music Theory.', '2026-03-03T07:19:07.296Z');
INSERT INTO cards (id, deck_id, front, back, created_at) VALUES ('9e1462cf-3439-4bd2-8b74-f250c8ad2a6f', '597ef177-163c-4090-8418-2d33368c44b8', 'Concept 5 from Music Theory?', 'This is the definition and explanation of concept 5 for Music Theory.', '2026-03-03T07:19:07.296Z');
INSERT INTO decks (id, user_id, category_id, name, description, created_at) VALUES ('4ef1f022-71af-42ae-ab02-e8fef51e4ac3', NULL, 'fa76d21b-fd54-4490-b2ec-32ee2b332c5c', 'Music Theory Mastery Vol 2', 'An essential study guide covering the core concepts of Music Theory.', '2026-03-03T07:19:07.296Z');
INSERT INTO cards (id, deck_id, front, back, created_at) VALUES ('37b940d5-abfa-4078-bd8a-e811439f3195', '4ef1f022-71af-42ae-ab02-e8fef51e4ac3', 'Concept 1 from Music Theory?', 'This is the definition and explanation of concept 1 for Music Theory.', '2026-03-03T07:19:07.296Z');
INSERT INTO cards (id, deck_id, front, back, created_at) VALUES ('80a6623a-5a62-4bbc-88b6-89bdb97891d2', '4ef1f022-71af-42ae-ab02-e8fef51e4ac3', 'Concept 2 from Music Theory?', 'This is the definition and explanation of concept 2 for Music Theory.', '2026-03-03T07:19:07.296Z');
INSERT INTO cards (id, deck_id, front, back, created_at) VALUES ('b188c050-d818-4fe5-8050-81a643796ac8', '4ef1f022-71af-42ae-ab02-e8fef51e4ac3', 'Concept 3 from Music Theory?', 'This is the definition and explanation of concept 3 for Music Theory.', '2026-03-03T07:19:07.296Z');
INSERT INTO cards (id, deck_id, front, back, created_at) VALUES ('d2fbf434-60f5-4a7f-8dc8-b6e4f1870916', '4ef1f022-71af-42ae-ab02-e8fef51e4ac3', 'Concept 4 from Music Theory?', 'This is the definition and explanation of concept 4 for Music Theory.', '2026-03-03T07:19:07.296Z');
INSERT INTO cards (id, deck_id, front, back, created_at) VALUES ('1a1cf0d2-1478-40ef-b870-66802c79b271', '4ef1f022-71af-42ae-ab02-e8fef51e4ac3', 'Concept 5 from Music Theory?', 'This is the definition and explanation of concept 5 for Music Theory.', '2026-03-03T07:19:07.296Z');
INSERT INTO decks (id, user_id, category_id, name, description, created_at) VALUES ('42211afe-21c9-4d35-88a6-049b70f64631', NULL, 'fa76d21b-fd54-4490-b2ec-32ee2b332c5c', 'Music Theory Mastery Vol 3', 'An essential study guide covering the core concepts of Music Theory.', '2026-03-03T07:19:07.296Z');
INSERT INTO cards (id, deck_id, front, back, created_at) VALUES ('069a066d-8869-4fd8-94c4-4367381b21f7', '42211afe-21c9-4d35-88a6-049b70f64631', 'Concept 1 from Music Theory?', 'This is the definition and explanation of concept 1 for Music Theory.', '2026-03-03T07:19:07.296Z');
INSERT INTO cards (id, deck_id, front, back, created_at) VALUES ('03211faf-3590-4ef3-b38f-69d07f5190f7', '42211afe-21c9-4d35-88a6-049b70f64631', 'Concept 2 from Music Theory?', 'This is the definition and explanation of concept 2 for Music Theory.', '2026-03-03T07:19:07.296Z');
INSERT INTO cards (id, deck_id, front, back, created_at) VALUES ('fe683d5f-9e45-4efc-8112-278b15e501dc', '42211afe-21c9-4d35-88a6-049b70f64631', 'Concept 3 from Music Theory?', 'This is the definition and explanation of concept 3 for Music Theory.', '2026-03-03T07:19:07.296Z');
INSERT INTO cards (id, deck_id, front, back, created_at) VALUES ('18c6e098-2df8-4e27-b58a-ffe34f51cc06', '42211afe-21c9-4d35-88a6-049b70f64631', 'Concept 4 from Music Theory?', 'This is the definition and explanation of concept 4 for Music Theory.', '2026-03-03T07:19:07.296Z');
INSERT INTO cards (id, deck_id, front, back, created_at) VALUES ('a5252e05-688a-4d8f-a4d8-fe62a23c2e23', '42211afe-21c9-4d35-88a6-049b70f64631', 'Concept 5 from Music Theory?', 'This is the definition and explanation of concept 5 for Music Theory.', '2026-03-03T07:19:07.296Z');
INSERT INTO decks (id, user_id, category_id, name, description, created_at) VALUES ('c0614840-488f-4df9-b9cf-a18ad236de10', NULL, 'fa76d21b-fd54-4490-b2ec-32ee2b332c5c', 'Music Theory Mastery Vol 4', 'An essential study guide covering the core concepts of Music Theory.', '2026-03-03T07:19:07.296Z');
INSERT INTO cards (id, deck_id, front, back, created_at) VALUES ('09bf7aac-6fbc-4040-8164-211683ef48c5', 'c0614840-488f-4df9-b9cf-a18ad236de10', 'Concept 1 from Music Theory?', 'This is the definition and explanation of concept 1 for Music Theory.', '2026-03-03T07:19:07.296Z');
INSERT INTO cards (id, deck_id, front, back, created_at) VALUES ('69f59c6d-e0ef-4eac-b036-978e9728728e', 'c0614840-488f-4df9-b9cf-a18ad236de10', 'Concept 2 from Music Theory?', 'This is the definition and explanation of concept 2 for Music Theory.', '2026-03-03T07:19:07.296Z');
INSERT INTO cards (id, deck_id, front, back, created_at) VALUES ('a7ff2d16-d20c-4cf7-b0e4-250a37372703', 'c0614840-488f-4df9-b9cf-a18ad236de10', 'Concept 3 from Music Theory?', 'This is the definition and explanation of concept 3 for Music Theory.', '2026-03-03T07:19:07.296Z');
INSERT INTO cards (id, deck_id, front, back, created_at) VALUES ('05700e6b-d31e-4d3f-9d2f-6688e2f13f9c', 'c0614840-488f-4df9-b9cf-a18ad236de10', 'Concept 4 from Music Theory?', 'This is the definition and explanation of concept 4 for Music Theory.', '2026-03-03T07:19:07.296Z');
INSERT INTO cards (id, deck_id, front, back, created_at) VALUES ('e03afb02-cfa5-430f-abbd-810f33b9bfcc', 'c0614840-488f-4df9-b9cf-a18ad236de10', 'Concept 5 from Music Theory?', 'This is the definition and explanation of concept 5 for Music Theory.', '2026-03-03T07:19:07.296Z');
INSERT INTO decks (id, user_id, category_id, name, description, created_at) VALUES ('dfd6c476-14c5-43a2-9bec-9534466c33ff', NULL, 'fa76d21b-fd54-4490-b2ec-32ee2b332c5c', 'Music Theory Mastery Vol 5', 'An essential study guide covering the core concepts of Music Theory.', '2026-03-03T07:19:07.296Z');
INSERT INTO cards (id, deck_id, front, back, created_at) VALUES ('76279e74-6b96-4b33-b95d-1fc2aeecd9bf', 'dfd6c476-14c5-43a2-9bec-9534466c33ff', 'Concept 1 from Music Theory?', 'This is the definition and explanation of concept 1 for Music Theory.', '2026-03-03T07:19:07.296Z');
INSERT INTO cards (id, deck_id, front, back, created_at) VALUES ('edb946ec-1612-45f1-9623-da42196851cc', 'dfd6c476-14c5-43a2-9bec-9534466c33ff', 'Concept 2 from Music Theory?', 'This is the definition and explanation of concept 2 for Music Theory.', '2026-03-03T07:19:07.296Z');
INSERT INTO cards (id, deck_id, front, back, created_at) VALUES ('b20b7008-2f93-4b09-97b8-ded12d9b235e', 'dfd6c476-14c5-43a2-9bec-9534466c33ff', 'Concept 3 from Music Theory?', 'This is the definition and explanation of concept 3 for Music Theory.', '2026-03-03T07:19:07.296Z');
INSERT INTO cards (id, deck_id, front, back, created_at) VALUES ('9ae73afc-3b85-4753-a696-e06a9d9826e1', 'dfd6c476-14c5-43a2-9bec-9534466c33ff', 'Concept 4 from Music Theory?', 'This is the definition and explanation of concept 4 for Music Theory.', '2026-03-03T07:19:07.296Z');
INSERT INTO cards (id, deck_id, front, back, created_at) VALUES ('580dce73-61c1-473b-9fc0-2a022340ec1c', 'dfd6c476-14c5-43a2-9bec-9534466c33ff', 'Concept 5 from Music Theory?', 'This is the definition and explanation of concept 5 for Music Theory.', '2026-03-03T07:19:07.296Z');
INSERT INTO decks (id, user_id, category_id, name, description, created_at) VALUES ('c85f9ef6-6fb2-4dcf-91d5-3aaf41f0edb9', NULL, 'fa76d21b-fd54-4490-b2ec-32ee2b332c5c', 'Music Theory Mastery Vol 6', 'An essential study guide covering the core concepts of Music Theory.', '2026-03-03T07:19:07.296Z');
INSERT INTO cards (id, deck_id, front, back, created_at) VALUES ('f42531c4-bc80-4eb9-ab51-a93a5e43a757', 'c85f9ef6-6fb2-4dcf-91d5-3aaf41f0edb9', 'Concept 1 from Music Theory?', 'This is the definition and explanation of concept 1 for Music Theory.', '2026-03-03T07:19:07.296Z');
INSERT INTO cards (id, deck_id, front, back, created_at) VALUES ('3292d267-d5cb-4400-ad99-9f8048a8ccd5', 'c85f9ef6-6fb2-4dcf-91d5-3aaf41f0edb9', 'Concept 2 from Music Theory?', 'This is the definition and explanation of concept 2 for Music Theory.', '2026-03-03T07:19:07.296Z');
INSERT INTO cards (id, deck_id, front, back, created_at) VALUES ('d3f7248f-6bcb-498b-a81b-eaaa6f1097b9', 'c85f9ef6-6fb2-4dcf-91d5-3aaf41f0edb9', 'Concept 3 from Music Theory?', 'This is the definition and explanation of concept 3 for Music Theory.', '2026-03-03T07:19:07.296Z');
INSERT INTO cards (id, deck_id, front, back, created_at) VALUES ('10f2a2ca-a76e-4a2f-a859-00418a480102', 'c85f9ef6-6fb2-4dcf-91d5-3aaf41f0edb9', 'Concept 4 from Music Theory?', 'This is the definition and explanation of concept 4 for Music Theory.', '2026-03-03T07:19:07.296Z');
INSERT INTO cards (id, deck_id, front, back, created_at) VALUES ('299001c8-4b5f-4557-b2ed-554f3c76477d', 'c85f9ef6-6fb2-4dcf-91d5-3aaf41f0edb9', 'Concept 5 from Music Theory?', 'This is the definition and explanation of concept 5 for Music Theory.', '2026-03-03T07:19:07.296Z');
INSERT INTO decks (id, user_id, category_id, name, description, created_at) VALUES ('7b64cb31-03c4-4bd5-9425-071d1a0e6340', NULL, 'fa76d21b-fd54-4490-b2ec-32ee2b332c5c', 'Music Theory Mastery Vol 7', 'An essential study guide covering the core concepts of Music Theory.', '2026-03-03T07:19:07.296Z');
INSERT INTO cards (id, deck_id, front, back, created_at) VALUES ('bf1098cd-54b6-4efe-bc84-dd38936aad05', '7b64cb31-03c4-4bd5-9425-071d1a0e6340', 'Concept 1 from Music Theory?', 'This is the definition and explanation of concept 1 for Music Theory.', '2026-03-03T07:19:07.296Z');
INSERT INTO cards (id, deck_id, front, back, created_at) VALUES ('f1533171-29a4-432d-88ee-8370d1b83ee4', '7b64cb31-03c4-4bd5-9425-071d1a0e6340', 'Concept 2 from Music Theory?', 'This is the definition and explanation of concept 2 for Music Theory.', '2026-03-03T07:19:07.296Z');
INSERT INTO cards (id, deck_id, front, back, created_at) VALUES ('e6ff6633-e1ff-42f9-be55-39a450efd091', '7b64cb31-03c4-4bd5-9425-071d1a0e6340', 'Concept 3 from Music Theory?', 'This is the definition and explanation of concept 3 for Music Theory.', '2026-03-03T07:19:07.296Z');
INSERT INTO cards (id, deck_id, front, back, created_at) VALUES ('7e71d353-c3dd-45b7-9c25-70934d954a5e', '7b64cb31-03c4-4bd5-9425-071d1a0e6340', 'Concept 4 from Music Theory?', 'This is the definition and explanation of concept 4 for Music Theory.', '2026-03-03T07:19:07.296Z');
INSERT INTO cards (id, deck_id, front, back, created_at) VALUES ('ba66c54c-d887-472f-8f3d-0ad9f6d6ca92', '7b64cb31-03c4-4bd5-9425-071d1a0e6340', 'Concept 5 from Music Theory?', 'This is the definition and explanation of concept 5 for Music Theory.', '2026-03-03T07:19:07.296Z');
INSERT INTO decks (id, user_id, category_id, name, description, created_at) VALUES ('63146a2c-bf5b-451b-8237-1cdb2e4548b8', NULL, 'fa76d21b-fd54-4490-b2ec-32ee2b332c5c', 'Music Theory Mastery Vol 8', 'An essential study guide covering the core concepts of Music Theory.', '2026-03-03T07:19:07.296Z');
INSERT INTO cards (id, deck_id, front, back, created_at) VALUES ('426c7f84-e411-4584-803f-2f85640c8747', '63146a2c-bf5b-451b-8237-1cdb2e4548b8', 'Concept 1 from Music Theory?', 'This is the definition and explanation of concept 1 for Music Theory.', '2026-03-03T07:19:07.296Z');
INSERT INTO cards (id, deck_id, front, back, created_at) VALUES ('2b34d77f-ce59-429d-9238-3a281339413b', '63146a2c-bf5b-451b-8237-1cdb2e4548b8', 'Concept 2 from Music Theory?', 'This is the definition and explanation of concept 2 for Music Theory.', '2026-03-03T07:19:07.296Z');
INSERT INTO cards (id, deck_id, front, back, created_at) VALUES ('15000643-b2ed-4272-bb58-d9055819e754', '63146a2c-bf5b-451b-8237-1cdb2e4548b8', 'Concept 3 from Music Theory?', 'This is the definition and explanation of concept 3 for Music Theory.', '2026-03-03T07:19:07.296Z');
INSERT INTO cards (id, deck_id, front, back, created_at) VALUES ('636cff23-5d7e-41af-8577-134c306d2ce8', '63146a2c-bf5b-451b-8237-1cdb2e4548b8', 'Concept 4 from Music Theory?', 'This is the definition and explanation of concept 4 for Music Theory.', '2026-03-03T07:19:07.296Z');
INSERT INTO cards (id, deck_id, front, back, created_at) VALUES ('80650cb6-0955-4bc9-bb09-34f4b1a1b0eb', '63146a2c-bf5b-451b-8237-1cdb2e4548b8', 'Concept 5 from Music Theory?', 'This is the definition and explanation of concept 5 for Music Theory.', '2026-03-03T07:19:07.296Z');
INSERT INTO decks (id, user_id, category_id, name, description, created_at) VALUES ('5c6dd83a-22fa-4c37-9920-569b3b47d74b', NULL, 'fa76d21b-fd54-4490-b2ec-32ee2b332c5c', 'Music Theory Mastery Vol 9', 'An essential study guide covering the core concepts of Music Theory.', '2026-03-03T07:19:07.296Z');
INSERT INTO cards (id, deck_id, front, back, created_at) VALUES ('b92118b0-33d2-4808-9fae-8235dddba582', '5c6dd83a-22fa-4c37-9920-569b3b47d74b', 'Concept 1 from Music Theory?', 'This is the definition and explanation of concept 1 for Music Theory.', '2026-03-03T07:19:07.296Z');
INSERT INTO cards (id, deck_id, front, back, created_at) VALUES ('e41487cf-a420-4f27-9c9b-4ba94cd80604', '5c6dd83a-22fa-4c37-9920-569b3b47d74b', 'Concept 2 from Music Theory?', 'This is the definition and explanation of concept 2 for Music Theory.', '2026-03-03T07:19:07.296Z');
INSERT INTO cards (id, deck_id, front, back, created_at) VALUES ('e2432da1-61c0-4acc-811d-474b95bea2b1', '5c6dd83a-22fa-4c37-9920-569b3b47d74b', 'Concept 3 from Music Theory?', 'This is the definition and explanation of concept 3 for Music Theory.', '2026-03-03T07:19:07.296Z');
INSERT INTO cards (id, deck_id, front, back, created_at) VALUES ('89100dac-e186-42c6-b78e-3ecfe24a9fb8', '5c6dd83a-22fa-4c37-9920-569b3b47d74b', 'Concept 4 from Music Theory?', 'This is the definition and explanation of concept 4 for Music Theory.', '2026-03-03T07:19:07.296Z');
INSERT INTO cards (id, deck_id, front, back, created_at) VALUES ('d373c30b-cfcf-4bed-a54b-9fb4b7bac2a7', '5c6dd83a-22fa-4c37-9920-569b3b47d74b', 'Concept 5 from Music Theory?', 'This is the definition and explanation of concept 5 for Music Theory.', '2026-03-03T07:19:07.296Z');
INSERT INTO decks (id, user_id, category_id, name, description, created_at) VALUES ('628f3374-28f4-46c8-b28c-d8060fa73988', NULL, 'fa76d21b-fd54-4490-b2ec-32ee2b332c5c', 'Music Theory Mastery Vol 10', 'An essential study guide covering the core concepts of Music Theory.', '2026-03-03T07:19:07.296Z');
INSERT INTO cards (id, deck_id, front, back, created_at) VALUES ('c06180c3-e195-4345-8094-5479acce5fc8', '628f3374-28f4-46c8-b28c-d8060fa73988', 'Concept 1 from Music Theory?', 'This is the definition and explanation of concept 1 for Music Theory.', '2026-03-03T07:19:07.296Z');
INSERT INTO cards (id, deck_id, front, back, created_at) VALUES ('d993774f-56f8-4ca9-8e10-9947db6f6686', '628f3374-28f4-46c8-b28c-d8060fa73988', 'Concept 2 from Music Theory?', 'This is the definition and explanation of concept 2 for Music Theory.', '2026-03-03T07:19:07.296Z');
INSERT INTO cards (id, deck_id, front, back, created_at) VALUES ('db750156-2e40-4dfa-8922-a72a14376617', '628f3374-28f4-46c8-b28c-d8060fa73988', 'Concept 3 from Music Theory?', 'This is the definition and explanation of concept 3 for Music Theory.', '2026-03-03T07:19:07.296Z');
INSERT INTO cards (id, deck_id, front, back, created_at) VALUES ('e9b1ff25-3d25-44dc-91fb-93e7dd2795b3', '628f3374-28f4-46c8-b28c-d8060fa73988', 'Concept 4 from Music Theory?', 'This is the definition and explanation of concept 4 for Music Theory.', '2026-03-03T07:19:07.296Z');
INSERT INTO cards (id, deck_id, front, back, created_at) VALUES ('cd042e33-1377-4fd7-8721-c9d2df2cbfab', '628f3374-28f4-46c8-b28c-d8060fa73988', 'Concept 5 from Music Theory?', 'This is the definition and explanation of concept 5 for Music Theory.', '2026-03-03T07:19:07.296Z');
INSERT INTO categories (id, name, slug, icon, description, created_at) VALUES ('dd998e18-299f-42d5-9c75-8a6c5cc173ca', 'Engineering', 'engineering', 'i-lucide-wrench', 'Civil, mechanical, and electrical engineering.', '2026-03-03T07:19:07.296Z');
INSERT INTO decks (id, user_id, category_id, name, description, created_at) VALUES ('707d0f46-9cb9-427e-9250-2d1d85610303', NULL, 'dd998e18-299f-42d5-9c75-8a6c5cc173ca', 'Engineering Mastery Vol 1', 'An essential study guide covering the core concepts of Engineering.', '2026-03-03T07:19:07.296Z');
INSERT INTO cards (id, deck_id, front, back, created_at) VALUES ('ef4ebdf4-f00a-41b2-b548-441362616b49', '707d0f46-9cb9-427e-9250-2d1d85610303', 'Concept 1 from Engineering?', 'This is the definition and explanation of concept 1 for Engineering.', '2026-03-03T07:19:07.296Z');
INSERT INTO cards (id, deck_id, front, back, created_at) VALUES ('3041ca68-a66d-468c-8e49-ad6b72221a1b', '707d0f46-9cb9-427e-9250-2d1d85610303', 'Concept 2 from Engineering?', 'This is the definition and explanation of concept 2 for Engineering.', '2026-03-03T07:19:07.296Z');
INSERT INTO cards (id, deck_id, front, back, created_at) VALUES ('00deded1-f5fb-4e6a-9b69-f4f9d1b957fb', '707d0f46-9cb9-427e-9250-2d1d85610303', 'Concept 3 from Engineering?', 'This is the definition and explanation of concept 3 for Engineering.', '2026-03-03T07:19:07.296Z');
INSERT INTO cards (id, deck_id, front, back, created_at) VALUES ('b2245e02-3d7a-42f3-9129-d75808650b8f', '707d0f46-9cb9-427e-9250-2d1d85610303', 'Concept 4 from Engineering?', 'This is the definition and explanation of concept 4 for Engineering.', '2026-03-03T07:19:07.296Z');
INSERT INTO cards (id, deck_id, front, back, created_at) VALUES ('b64d8cc6-64e0-4675-85fd-d6be6d73d5fc', '707d0f46-9cb9-427e-9250-2d1d85610303', 'Concept 5 from Engineering?', 'This is the definition and explanation of concept 5 for Engineering.', '2026-03-03T07:19:07.296Z');
INSERT INTO decks (id, user_id, category_id, name, description, created_at) VALUES ('84fbbfe2-e5ae-44d5-9859-34f76152a848', NULL, 'dd998e18-299f-42d5-9c75-8a6c5cc173ca', 'Engineering Mastery Vol 2', 'An essential study guide covering the core concepts of Engineering.', '2026-03-03T07:19:07.296Z');
INSERT INTO cards (id, deck_id, front, back, created_at) VALUES ('4907205c-0ea4-442a-86c6-2f65f5edbb9a', '84fbbfe2-e5ae-44d5-9859-34f76152a848', 'Concept 1 from Engineering?', 'This is the definition and explanation of concept 1 for Engineering.', '2026-03-03T07:19:07.296Z');
INSERT INTO cards (id, deck_id, front, back, created_at) VALUES ('dd13b89f-a620-4f64-b0bc-1d5232208a2d', '84fbbfe2-e5ae-44d5-9859-34f76152a848', 'Concept 2 from Engineering?', 'This is the definition and explanation of concept 2 for Engineering.', '2026-03-03T07:19:07.296Z');
INSERT INTO cards (id, deck_id, front, back, created_at) VALUES ('fa3feb1c-5b09-4d93-a1ed-46d6580a4f8b', '84fbbfe2-e5ae-44d5-9859-34f76152a848', 'Concept 3 from Engineering?', 'This is the definition and explanation of concept 3 for Engineering.', '2026-03-03T07:19:07.296Z');
INSERT INTO cards (id, deck_id, front, back, created_at) VALUES ('a7d4421c-f341-4ac6-ab97-3e9ba1a3cb3c', '84fbbfe2-e5ae-44d5-9859-34f76152a848', 'Concept 4 from Engineering?', 'This is the definition and explanation of concept 4 for Engineering.', '2026-03-03T07:19:07.296Z');
INSERT INTO cards (id, deck_id, front, back, created_at) VALUES ('eb833433-cf0f-4bf0-b8ee-c1ac091d3068', '84fbbfe2-e5ae-44d5-9859-34f76152a848', 'Concept 5 from Engineering?', 'This is the definition and explanation of concept 5 for Engineering.', '2026-03-03T07:19:07.296Z');
INSERT INTO decks (id, user_id, category_id, name, description, created_at) VALUES ('bdb72a9f-1559-4d3d-98c9-d248d0494f77', NULL, 'dd998e18-299f-42d5-9c75-8a6c5cc173ca', 'Engineering Mastery Vol 3', 'An essential study guide covering the core concepts of Engineering.', '2026-03-03T07:19:07.296Z');
INSERT INTO cards (id, deck_id, front, back, created_at) VALUES ('5e7536cb-f413-4951-91b8-fc037dff7754', 'bdb72a9f-1559-4d3d-98c9-d248d0494f77', 'Concept 1 from Engineering?', 'This is the definition and explanation of concept 1 for Engineering.', '2026-03-03T07:19:07.296Z');
INSERT INTO cards (id, deck_id, front, back, created_at) VALUES ('651a76c2-db92-4e2f-8b64-447d76680b06', 'bdb72a9f-1559-4d3d-98c9-d248d0494f77', 'Concept 2 from Engineering?', 'This is the definition and explanation of concept 2 for Engineering.', '2026-03-03T07:19:07.296Z');
INSERT INTO cards (id, deck_id, front, back, created_at) VALUES ('949a034f-5f70-4c33-8884-d4d79e292e29', 'bdb72a9f-1559-4d3d-98c9-d248d0494f77', 'Concept 3 from Engineering?', 'This is the definition and explanation of concept 3 for Engineering.', '2026-03-03T07:19:07.296Z');
INSERT INTO cards (id, deck_id, front, back, created_at) VALUES ('adf7a30c-d77d-4418-865e-c30df97df6cc', 'bdb72a9f-1559-4d3d-98c9-d248d0494f77', 'Concept 4 from Engineering?', 'This is the definition and explanation of concept 4 for Engineering.', '2026-03-03T07:19:07.296Z');
INSERT INTO cards (id, deck_id, front, back, created_at) VALUES ('8b3faaf2-5ef8-4010-8e36-a487df5ca6ff', 'bdb72a9f-1559-4d3d-98c9-d248d0494f77', 'Concept 5 from Engineering?', 'This is the definition and explanation of concept 5 for Engineering.', '2026-03-03T07:19:07.296Z');
INSERT INTO decks (id, user_id, category_id, name, description, created_at) VALUES ('793b2249-f649-43b1-bfa5-19631e0135b2', NULL, 'dd998e18-299f-42d5-9c75-8a6c5cc173ca', 'Engineering Mastery Vol 4', 'An essential study guide covering the core concepts of Engineering.', '2026-03-03T07:19:07.296Z');
INSERT INTO cards (id, deck_id, front, back, created_at) VALUES ('ddb4cbf3-846b-41a6-b725-79f5bc49a930', '793b2249-f649-43b1-bfa5-19631e0135b2', 'Concept 1 from Engineering?', 'This is the definition and explanation of concept 1 for Engineering.', '2026-03-03T07:19:07.296Z');
INSERT INTO cards (id, deck_id, front, back, created_at) VALUES ('4bae9d0d-4ebb-4544-8530-ba8ad7b3df28', '793b2249-f649-43b1-bfa5-19631e0135b2', 'Concept 2 from Engineering?', 'This is the definition and explanation of concept 2 for Engineering.', '2026-03-03T07:19:07.296Z');
INSERT INTO cards (id, deck_id, front, back, created_at) VALUES ('8eda4cfd-2897-4884-aa9b-713e7022628f', '793b2249-f649-43b1-bfa5-19631e0135b2', 'Concept 3 from Engineering?', 'This is the definition and explanation of concept 3 for Engineering.', '2026-03-03T07:19:07.296Z');
INSERT INTO cards (id, deck_id, front, back, created_at) VALUES ('db4ea858-b316-4594-a15e-85005845d036', '793b2249-f649-43b1-bfa5-19631e0135b2', 'Concept 4 from Engineering?', 'This is the definition and explanation of concept 4 for Engineering.', '2026-03-03T07:19:07.296Z');
INSERT INTO cards (id, deck_id, front, back, created_at) VALUES ('c14143c7-be82-4f56-9bc7-ef40e7fe4e8a', '793b2249-f649-43b1-bfa5-19631e0135b2', 'Concept 5 from Engineering?', 'This is the definition and explanation of concept 5 for Engineering.', '2026-03-03T07:19:07.296Z');
INSERT INTO decks (id, user_id, category_id, name, description, created_at) VALUES ('087b4352-1ed8-4944-b017-bf9350cf1ac0', NULL, 'dd998e18-299f-42d5-9c75-8a6c5cc173ca', 'Engineering Mastery Vol 5', 'An essential study guide covering the core concepts of Engineering.', '2026-03-03T07:19:07.296Z');
INSERT INTO cards (id, deck_id, front, back, created_at) VALUES ('8668a0de-3245-48a2-bfa1-6886d50323ae', '087b4352-1ed8-4944-b017-bf9350cf1ac0', 'Concept 1 from Engineering?', 'This is the definition and explanation of concept 1 for Engineering.', '2026-03-03T07:19:07.296Z');
INSERT INTO cards (id, deck_id, front, back, created_at) VALUES ('1f6ac84b-b4cb-4cec-8ec5-898cadd374c8', '087b4352-1ed8-4944-b017-bf9350cf1ac0', 'Concept 2 from Engineering?', 'This is the definition and explanation of concept 2 for Engineering.', '2026-03-03T07:19:07.296Z');
INSERT INTO cards (id, deck_id, front, back, created_at) VALUES ('9410fc05-85bd-40f5-b624-114736c059e0', '087b4352-1ed8-4944-b017-bf9350cf1ac0', 'Concept 3 from Engineering?', 'This is the definition and explanation of concept 3 for Engineering.', '2026-03-03T07:19:07.296Z');
INSERT INTO cards (id, deck_id, front, back, created_at) VALUES ('fe519d52-e162-4d86-b8a6-6f67245889ac', '087b4352-1ed8-4944-b017-bf9350cf1ac0', 'Concept 4 from Engineering?', 'This is the definition and explanation of concept 4 for Engineering.', '2026-03-03T07:19:07.296Z');
INSERT INTO cards (id, deck_id, front, back, created_at) VALUES ('5ec823d9-ea4b-4ca0-acf3-0b903d3995fd', '087b4352-1ed8-4944-b017-bf9350cf1ac0', 'Concept 5 from Engineering?', 'This is the definition and explanation of concept 5 for Engineering.', '2026-03-03T07:19:07.296Z');
INSERT INTO decks (id, user_id, category_id, name, description, created_at) VALUES ('eb7b72f4-2ab5-4ed5-84ee-f9164d554466', NULL, 'dd998e18-299f-42d5-9c75-8a6c5cc173ca', 'Engineering Mastery Vol 6', 'An essential study guide covering the core concepts of Engineering.', '2026-03-03T07:19:07.296Z');
INSERT INTO cards (id, deck_id, front, back, created_at) VALUES ('5283ccea-f528-4e6a-8874-ba5357069a02', 'eb7b72f4-2ab5-4ed5-84ee-f9164d554466', 'Concept 1 from Engineering?', 'This is the definition and explanation of concept 1 for Engineering.', '2026-03-03T07:19:07.296Z');
INSERT INTO cards (id, deck_id, front, back, created_at) VALUES ('cd90de90-3c78-4e66-b6f9-f1d88b272c22', 'eb7b72f4-2ab5-4ed5-84ee-f9164d554466', 'Concept 2 from Engineering?', 'This is the definition and explanation of concept 2 for Engineering.', '2026-03-03T07:19:07.296Z');
INSERT INTO cards (id, deck_id, front, back, created_at) VALUES ('a83cc01c-ec7d-4111-920b-21bb98026e76', 'eb7b72f4-2ab5-4ed5-84ee-f9164d554466', 'Concept 3 from Engineering?', 'This is the definition and explanation of concept 3 for Engineering.', '2026-03-03T07:19:07.296Z');
INSERT INTO cards (id, deck_id, front, back, created_at) VALUES ('b7ece242-9f99-410d-bf0e-c373a5a5ec3d', 'eb7b72f4-2ab5-4ed5-84ee-f9164d554466', 'Concept 4 from Engineering?', 'This is the definition and explanation of concept 4 for Engineering.', '2026-03-03T07:19:07.296Z');
INSERT INTO cards (id, deck_id, front, back, created_at) VALUES ('06c3c70f-0f60-4be1-82d9-8862b30c25ac', 'eb7b72f4-2ab5-4ed5-84ee-f9164d554466', 'Concept 5 from Engineering?', 'This is the definition and explanation of concept 5 for Engineering.', '2026-03-03T07:19:07.296Z');
INSERT INTO decks (id, user_id, category_id, name, description, created_at) VALUES ('fcbdedba-f6ba-41ab-8d02-fd995043b6ec', NULL, 'dd998e18-299f-42d5-9c75-8a6c5cc173ca', 'Engineering Mastery Vol 7', 'An essential study guide covering the core concepts of Engineering.', '2026-03-03T07:19:07.296Z');
INSERT INTO cards (id, deck_id, front, back, created_at) VALUES ('23dc7c4b-796b-4aa1-b866-5572fbf5e15d', 'fcbdedba-f6ba-41ab-8d02-fd995043b6ec', 'Concept 1 from Engineering?', 'This is the definition and explanation of concept 1 for Engineering.', '2026-03-03T07:19:07.296Z');
INSERT INTO cards (id, deck_id, front, back, created_at) VALUES ('651112d3-4aa9-4c20-bf75-c9d7dd9e5744', 'fcbdedba-f6ba-41ab-8d02-fd995043b6ec', 'Concept 2 from Engineering?', 'This is the definition and explanation of concept 2 for Engineering.', '2026-03-03T07:19:07.296Z');
INSERT INTO cards (id, deck_id, front, back, created_at) VALUES ('45176c4b-bfc6-4b8c-8337-0531ed9ce4ab', 'fcbdedba-f6ba-41ab-8d02-fd995043b6ec', 'Concept 3 from Engineering?', 'This is the definition and explanation of concept 3 for Engineering.', '2026-03-03T07:19:07.296Z');
INSERT INTO cards (id, deck_id, front, back, created_at) VALUES ('bfba5d73-6720-492f-b63d-28664de61df0', 'fcbdedba-f6ba-41ab-8d02-fd995043b6ec', 'Concept 4 from Engineering?', 'This is the definition and explanation of concept 4 for Engineering.', '2026-03-03T07:19:07.296Z');
INSERT INTO cards (id, deck_id, front, back, created_at) VALUES ('9a0e09ef-7971-4c2f-849d-27ccad4b0da4', 'fcbdedba-f6ba-41ab-8d02-fd995043b6ec', 'Concept 5 from Engineering?', 'This is the definition and explanation of concept 5 for Engineering.', '2026-03-03T07:19:07.296Z');
INSERT INTO decks (id, user_id, category_id, name, description, created_at) VALUES ('b83bd923-8273-4894-a5d8-99747ec7d79a', NULL, 'dd998e18-299f-42d5-9c75-8a6c5cc173ca', 'Engineering Mastery Vol 8', 'An essential study guide covering the core concepts of Engineering.', '2026-03-03T07:19:07.296Z');
INSERT INTO cards (id, deck_id, front, back, created_at) VALUES ('eca32e92-5da0-4fec-bc42-8db0ffabbb71', 'b83bd923-8273-4894-a5d8-99747ec7d79a', 'Concept 1 from Engineering?', 'This is the definition and explanation of concept 1 for Engineering.', '2026-03-03T07:19:07.296Z');
INSERT INTO cards (id, deck_id, front, back, created_at) VALUES ('95c2fde7-9b0a-4798-bd66-81d8328b1b08', 'b83bd923-8273-4894-a5d8-99747ec7d79a', 'Concept 2 from Engineering?', 'This is the definition and explanation of concept 2 for Engineering.', '2026-03-03T07:19:07.296Z');
INSERT INTO cards (id, deck_id, front, back, created_at) VALUES ('16580812-b942-4ce1-829a-c4b91db21398', 'b83bd923-8273-4894-a5d8-99747ec7d79a', 'Concept 3 from Engineering?', 'This is the definition and explanation of concept 3 for Engineering.', '2026-03-03T07:19:07.296Z');
INSERT INTO cards (id, deck_id, front, back, created_at) VALUES ('b5344160-2c13-45f6-90ab-0ba7a5b69f16', 'b83bd923-8273-4894-a5d8-99747ec7d79a', 'Concept 4 from Engineering?', 'This is the definition and explanation of concept 4 for Engineering.', '2026-03-03T07:19:07.296Z');
INSERT INTO cards (id, deck_id, front, back, created_at) VALUES ('4cea96a5-f01e-46c2-816e-b142eb864a76', 'b83bd923-8273-4894-a5d8-99747ec7d79a', 'Concept 5 from Engineering?', 'This is the definition and explanation of concept 5 for Engineering.', '2026-03-03T07:19:07.296Z');
INSERT INTO decks (id, user_id, category_id, name, description, created_at) VALUES ('bef1629d-a638-4507-88e5-0374e3f04fcc', NULL, 'dd998e18-299f-42d5-9c75-8a6c5cc173ca', 'Engineering Mastery Vol 9', 'An essential study guide covering the core concepts of Engineering.', '2026-03-03T07:19:07.296Z');
INSERT INTO cards (id, deck_id, front, back, created_at) VALUES ('a5fa6db2-e30c-4f63-bc48-e0fb5e9cc562', 'bef1629d-a638-4507-88e5-0374e3f04fcc', 'Concept 1 from Engineering?', 'This is the definition and explanation of concept 1 for Engineering.', '2026-03-03T07:19:07.296Z');
INSERT INTO cards (id, deck_id, front, back, created_at) VALUES ('fb4dca5f-16fb-49fa-ba77-aff3e4592db9', 'bef1629d-a638-4507-88e5-0374e3f04fcc', 'Concept 2 from Engineering?', 'This is the definition and explanation of concept 2 for Engineering.', '2026-03-03T07:19:07.296Z');
INSERT INTO cards (id, deck_id, front, back, created_at) VALUES ('0dd6af4a-f176-46d8-9df8-d094d8f03cf2', 'bef1629d-a638-4507-88e5-0374e3f04fcc', 'Concept 3 from Engineering?', 'This is the definition and explanation of concept 3 for Engineering.', '2026-03-03T07:19:07.296Z');
INSERT INTO cards (id, deck_id, front, back, created_at) VALUES ('b1357786-2c8a-40bf-9f8c-1b00d33d9149', 'bef1629d-a638-4507-88e5-0374e3f04fcc', 'Concept 4 from Engineering?', 'This is the definition and explanation of concept 4 for Engineering.', '2026-03-03T07:19:07.296Z');
INSERT INTO cards (id, deck_id, front, back, created_at) VALUES ('f849ff82-f228-4bc6-a558-ec11aa0f9796', 'bef1629d-a638-4507-88e5-0374e3f04fcc', 'Concept 5 from Engineering?', 'This is the definition and explanation of concept 5 for Engineering.', '2026-03-03T07:19:07.296Z');
INSERT INTO decks (id, user_id, category_id, name, description, created_at) VALUES ('ed2b98d5-79dc-43a4-a15f-7d4dc39184ae', NULL, 'dd998e18-299f-42d5-9c75-8a6c5cc173ca', 'Engineering Mastery Vol 10', 'An essential study guide covering the core concepts of Engineering.', '2026-03-03T07:19:07.296Z');
INSERT INTO cards (id, deck_id, front, back, created_at) VALUES ('03841a90-78f4-4d4b-856e-44bf64d929bb', 'ed2b98d5-79dc-43a4-a15f-7d4dc39184ae', 'Concept 1 from Engineering?', 'This is the definition and explanation of concept 1 for Engineering.', '2026-03-03T07:19:07.296Z');
INSERT INTO cards (id, deck_id, front, back, created_at) VALUES ('90f57cd6-f794-4584-888e-ac337cf7cd6f', 'ed2b98d5-79dc-43a4-a15f-7d4dc39184ae', 'Concept 2 from Engineering?', 'This is the definition and explanation of concept 2 for Engineering.', '2026-03-03T07:19:07.296Z');
INSERT INTO cards (id, deck_id, front, back, created_at) VALUES ('f7f3eb99-7616-4e94-89b4-22bdf2a9c84f', 'ed2b98d5-79dc-43a4-a15f-7d4dc39184ae', 'Concept 3 from Engineering?', 'This is the definition and explanation of concept 3 for Engineering.', '2026-03-03T07:19:07.296Z');
INSERT INTO cards (id, deck_id, front, back, created_at) VALUES ('b5bd2ce6-6c95-4e64-92cb-08b73fcd5cf0', 'ed2b98d5-79dc-43a4-a15f-7d4dc39184ae', 'Concept 4 from Engineering?', 'This is the definition and explanation of concept 4 for Engineering.', '2026-03-03T07:19:07.296Z');
INSERT INTO cards (id, deck_id, front, back, created_at) VALUES ('9fb33c8f-13a7-4877-ba9c-50da07d87232', 'ed2b98d5-79dc-43a4-a15f-7d4dc39184ae', 'Concept 5 from Engineering?', 'This is the definition and explanation of concept 5 for Engineering.', '2026-03-03T07:19:07.296Z');
INSERT INTO categories (id, name, slug, icon, description, created_at) VALUES ('e87bd431-d9cb-41b7-874b-121d03212bdc', 'Astronomy', 'astronomy', 'i-lucide-moon', 'Stars, planets, and the universe.', '2026-03-03T07:19:07.296Z');
INSERT INTO decks (id, user_id, category_id, name, description, created_at) VALUES ('480a09f0-b555-4422-a7cf-4c883ff6ebad', NULL, 'e87bd431-d9cb-41b7-874b-121d03212bdc', 'Astronomy Mastery Vol 1', 'An essential study guide covering the core concepts of Astronomy.', '2026-03-03T07:19:07.296Z');
INSERT INTO cards (id, deck_id, front, back, created_at) VALUES ('aa8b8d3f-6ae5-49a8-8a0f-d697ede9abb9', '480a09f0-b555-4422-a7cf-4c883ff6ebad', 'Concept 1 from Astronomy?', 'This is the definition and explanation of concept 1 for Astronomy.', '2026-03-03T07:19:07.296Z');
INSERT INTO cards (id, deck_id, front, back, created_at) VALUES ('8dd61e45-1b2f-44ad-b7e4-3ca4c41233f5', '480a09f0-b555-4422-a7cf-4c883ff6ebad', 'Concept 2 from Astronomy?', 'This is the definition and explanation of concept 2 for Astronomy.', '2026-03-03T07:19:07.296Z');
INSERT INTO cards (id, deck_id, front, back, created_at) VALUES ('1279e877-a9b1-40b1-92fc-2b44aae550d1', '480a09f0-b555-4422-a7cf-4c883ff6ebad', 'Concept 3 from Astronomy?', 'This is the definition and explanation of concept 3 for Astronomy.', '2026-03-03T07:19:07.296Z');
INSERT INTO cards (id, deck_id, front, back, created_at) VALUES ('6fa10460-f301-401f-b61c-51165de2961e', '480a09f0-b555-4422-a7cf-4c883ff6ebad', 'Concept 4 from Astronomy?', 'This is the definition and explanation of concept 4 for Astronomy.', '2026-03-03T07:19:07.296Z');
INSERT INTO cards (id, deck_id, front, back, created_at) VALUES ('b9d7c272-c63b-4401-a814-70c3dda7aaf6', '480a09f0-b555-4422-a7cf-4c883ff6ebad', 'Concept 5 from Astronomy?', 'This is the definition and explanation of concept 5 for Astronomy.', '2026-03-03T07:19:07.296Z');
INSERT INTO decks (id, user_id, category_id, name, description, created_at) VALUES ('bbfaf4dc-b73d-45b6-bd8a-dc3efc7a539f', NULL, 'e87bd431-d9cb-41b7-874b-121d03212bdc', 'Astronomy Mastery Vol 2', 'An essential study guide covering the core concepts of Astronomy.', '2026-03-03T07:19:07.296Z');
INSERT INTO cards (id, deck_id, front, back, created_at) VALUES ('74ee7cbd-b62b-4df6-a7ad-3868576f9a6a', 'bbfaf4dc-b73d-45b6-bd8a-dc3efc7a539f', 'Concept 1 from Astronomy?', 'This is the definition and explanation of concept 1 for Astronomy.', '2026-03-03T07:19:07.296Z');
INSERT INTO cards (id, deck_id, front, back, created_at) VALUES ('f32e673a-126d-4ca9-b798-8f78034f1226', 'bbfaf4dc-b73d-45b6-bd8a-dc3efc7a539f', 'Concept 2 from Astronomy?', 'This is the definition and explanation of concept 2 for Astronomy.', '2026-03-03T07:19:07.296Z');
INSERT INTO cards (id, deck_id, front, back, created_at) VALUES ('35aaf300-da50-4d2a-aeb4-6b42dddadc38', 'bbfaf4dc-b73d-45b6-bd8a-dc3efc7a539f', 'Concept 3 from Astronomy?', 'This is the definition and explanation of concept 3 for Astronomy.', '2026-03-03T07:19:07.296Z');
INSERT INTO cards (id, deck_id, front, back, created_at) VALUES ('1654a6f9-ac6d-43fb-8be5-d6d0773a0cac', 'bbfaf4dc-b73d-45b6-bd8a-dc3efc7a539f', 'Concept 4 from Astronomy?', 'This is the definition and explanation of concept 4 for Astronomy.', '2026-03-03T07:19:07.296Z');
INSERT INTO cards (id, deck_id, front, back, created_at) VALUES ('c88cdb9f-db31-4148-8518-6a84f9613616', 'bbfaf4dc-b73d-45b6-bd8a-dc3efc7a539f', 'Concept 5 from Astronomy?', 'This is the definition and explanation of concept 5 for Astronomy.', '2026-03-03T07:19:07.296Z');
INSERT INTO decks (id, user_id, category_id, name, description, created_at) VALUES ('2fe50eef-884a-4f7f-b69b-49fead6ff281', NULL, 'e87bd431-d9cb-41b7-874b-121d03212bdc', 'Astronomy Mastery Vol 3', 'An essential study guide covering the core concepts of Astronomy.', '2026-03-03T07:19:07.296Z');
INSERT INTO cards (id, deck_id, front, back, created_at) VALUES ('72d33856-d63b-4259-9507-766d4c1555c4', '2fe50eef-884a-4f7f-b69b-49fead6ff281', 'Concept 1 from Astronomy?', 'This is the definition and explanation of concept 1 for Astronomy.', '2026-03-03T07:19:07.296Z');
INSERT INTO cards (id, deck_id, front, back, created_at) VALUES ('2a695a49-01d1-4a27-9729-d723a6dc5d35', '2fe50eef-884a-4f7f-b69b-49fead6ff281', 'Concept 2 from Astronomy?', 'This is the definition and explanation of concept 2 for Astronomy.', '2026-03-03T07:19:07.296Z');
INSERT INTO cards (id, deck_id, front, back, created_at) VALUES ('ca9ff120-4be9-40c3-bc1e-c6a070428751', '2fe50eef-884a-4f7f-b69b-49fead6ff281', 'Concept 3 from Astronomy?', 'This is the definition and explanation of concept 3 for Astronomy.', '2026-03-03T07:19:07.296Z');
INSERT INTO cards (id, deck_id, front, back, created_at) VALUES ('360582a8-99d7-43e1-8496-476b51533da7', '2fe50eef-884a-4f7f-b69b-49fead6ff281', 'Concept 4 from Astronomy?', 'This is the definition and explanation of concept 4 for Astronomy.', '2026-03-03T07:19:07.296Z');
INSERT INTO cards (id, deck_id, front, back, created_at) VALUES ('ba6f31c8-4e50-4db3-ae20-31fe744db165', '2fe50eef-884a-4f7f-b69b-49fead6ff281', 'Concept 5 from Astronomy?', 'This is the definition and explanation of concept 5 for Astronomy.', '2026-03-03T07:19:07.296Z');
INSERT INTO decks (id, user_id, category_id, name, description, created_at) VALUES ('505ee158-a0e4-4779-be7e-5599d49ce12c', NULL, 'e87bd431-d9cb-41b7-874b-121d03212bdc', 'Astronomy Mastery Vol 4', 'An essential study guide covering the core concepts of Astronomy.', '2026-03-03T07:19:07.296Z');
INSERT INTO cards (id, deck_id, front, back, created_at) VALUES ('3519b9db-a5ec-46b4-bc17-b375f4fb4ad3', '505ee158-a0e4-4779-be7e-5599d49ce12c', 'Concept 1 from Astronomy?', 'This is the definition and explanation of concept 1 for Astronomy.', '2026-03-03T07:19:07.296Z');
INSERT INTO cards (id, deck_id, front, back, created_at) VALUES ('a0118764-164d-43f5-99e8-9e7ed0b00e40', '505ee158-a0e4-4779-be7e-5599d49ce12c', 'Concept 2 from Astronomy?', 'This is the definition and explanation of concept 2 for Astronomy.', '2026-03-03T07:19:07.296Z');
INSERT INTO cards (id, deck_id, front, back, created_at) VALUES ('def11a7e-eae2-4ba2-bb13-c18d225c55d0', '505ee158-a0e4-4779-be7e-5599d49ce12c', 'Concept 3 from Astronomy?', 'This is the definition and explanation of concept 3 for Astronomy.', '2026-03-03T07:19:07.296Z');
INSERT INTO cards (id, deck_id, front, back, created_at) VALUES ('45822612-d0d0-4843-b510-543cdd5f99af', '505ee158-a0e4-4779-be7e-5599d49ce12c', 'Concept 4 from Astronomy?', 'This is the definition and explanation of concept 4 for Astronomy.', '2026-03-03T07:19:07.296Z');
INSERT INTO cards (id, deck_id, front, back, created_at) VALUES ('f031dadb-17a0-4a26-98ef-be3b4279fc28', '505ee158-a0e4-4779-be7e-5599d49ce12c', 'Concept 5 from Astronomy?', 'This is the definition and explanation of concept 5 for Astronomy.', '2026-03-03T07:19:07.296Z');
INSERT INTO decks (id, user_id, category_id, name, description, created_at) VALUES ('07266844-e27a-4b96-8d8d-b27511e580f1', NULL, 'e87bd431-d9cb-41b7-874b-121d03212bdc', 'Astronomy Mastery Vol 5', 'An essential study guide covering the core concepts of Astronomy.', '2026-03-03T07:19:07.296Z');
INSERT INTO cards (id, deck_id, front, back, created_at) VALUES ('b97337be-ef4a-4bee-a26d-bc187115c0a8', '07266844-e27a-4b96-8d8d-b27511e580f1', 'Concept 1 from Astronomy?', 'This is the definition and explanation of concept 1 for Astronomy.', '2026-03-03T07:19:07.296Z');
INSERT INTO cards (id, deck_id, front, back, created_at) VALUES ('d0ba2091-3761-46fd-ac7f-91bfb00c4932', '07266844-e27a-4b96-8d8d-b27511e580f1', 'Concept 2 from Astronomy?', 'This is the definition and explanation of concept 2 for Astronomy.', '2026-03-03T07:19:07.296Z');
INSERT INTO cards (id, deck_id, front, back, created_at) VALUES ('96b2a72f-b862-4586-aa04-377da7904397', '07266844-e27a-4b96-8d8d-b27511e580f1', 'Concept 3 from Astronomy?', 'This is the definition and explanation of concept 3 for Astronomy.', '2026-03-03T07:19:07.296Z');
INSERT INTO cards (id, deck_id, front, back, created_at) VALUES ('cf7ce040-ef7d-4409-a735-fe7ad0aaf84f', '07266844-e27a-4b96-8d8d-b27511e580f1', 'Concept 4 from Astronomy?', 'This is the definition and explanation of concept 4 for Astronomy.', '2026-03-03T07:19:07.296Z');
INSERT INTO cards (id, deck_id, front, back, created_at) VALUES ('6220d1c9-bece-4a1a-8b26-3bcea7528c97', '07266844-e27a-4b96-8d8d-b27511e580f1', 'Concept 5 from Astronomy?', 'This is the definition and explanation of concept 5 for Astronomy.', '2026-03-03T07:19:07.296Z');
INSERT INTO decks (id, user_id, category_id, name, description, created_at) VALUES ('0d168ca5-12f7-46d5-85ee-f2f4d2e3ed85', NULL, 'e87bd431-d9cb-41b7-874b-121d03212bdc', 'Astronomy Mastery Vol 6', 'An essential study guide covering the core concepts of Astronomy.', '2026-03-03T07:19:07.296Z');
INSERT INTO cards (id, deck_id, front, back, created_at) VALUES ('7e902e27-05eb-459a-8b67-0b1d5d34116e', '0d168ca5-12f7-46d5-85ee-f2f4d2e3ed85', 'Concept 1 from Astronomy?', 'This is the definition and explanation of concept 1 for Astronomy.', '2026-03-03T07:19:07.296Z');
INSERT INTO cards (id, deck_id, front, back, created_at) VALUES ('c65b0295-d3d9-4ea7-b909-09309da722e8', '0d168ca5-12f7-46d5-85ee-f2f4d2e3ed85', 'Concept 2 from Astronomy?', 'This is the definition and explanation of concept 2 for Astronomy.', '2026-03-03T07:19:07.296Z');
INSERT INTO cards (id, deck_id, front, back, created_at) VALUES ('4090e937-396f-4977-aca9-4277587d3493', '0d168ca5-12f7-46d5-85ee-f2f4d2e3ed85', 'Concept 3 from Astronomy?', 'This is the definition and explanation of concept 3 for Astronomy.', '2026-03-03T07:19:07.296Z');
INSERT INTO cards (id, deck_id, front, back, created_at) VALUES ('5e395614-38fd-41cb-b03a-f27a5f9ef497', '0d168ca5-12f7-46d5-85ee-f2f4d2e3ed85', 'Concept 4 from Astronomy?', 'This is the definition and explanation of concept 4 for Astronomy.', '2026-03-03T07:19:07.296Z');
INSERT INTO cards (id, deck_id, front, back, created_at) VALUES ('02f4bafb-13d6-40c5-a6be-6419d440731c', '0d168ca5-12f7-46d5-85ee-f2f4d2e3ed85', 'Concept 5 from Astronomy?', 'This is the definition and explanation of concept 5 for Astronomy.', '2026-03-03T07:19:07.296Z');
INSERT INTO decks (id, user_id, category_id, name, description, created_at) VALUES ('a24be6bf-2c35-4aef-9c3e-9be773f11e25', NULL, 'e87bd431-d9cb-41b7-874b-121d03212bdc', 'Astronomy Mastery Vol 7', 'An essential study guide covering the core concepts of Astronomy.', '2026-03-03T07:19:07.296Z');
INSERT INTO cards (id, deck_id, front, back, created_at) VALUES ('720c2299-2c1a-42fd-8029-d78903bce72d', 'a24be6bf-2c35-4aef-9c3e-9be773f11e25', 'Concept 1 from Astronomy?', 'This is the definition and explanation of concept 1 for Astronomy.', '2026-03-03T07:19:07.296Z');
INSERT INTO cards (id, deck_id, front, back, created_at) VALUES ('3d8afb3f-2efc-466a-bc8f-57a752ccb063', 'a24be6bf-2c35-4aef-9c3e-9be773f11e25', 'Concept 2 from Astronomy?', 'This is the definition and explanation of concept 2 for Astronomy.', '2026-03-03T07:19:07.296Z');
INSERT INTO cards (id, deck_id, front, back, created_at) VALUES ('f4ea2c40-e807-4a05-b039-e64dbcee6863', 'a24be6bf-2c35-4aef-9c3e-9be773f11e25', 'Concept 3 from Astronomy?', 'This is the definition and explanation of concept 3 for Astronomy.', '2026-03-03T07:19:07.296Z');
INSERT INTO cards (id, deck_id, front, back, created_at) VALUES ('fa271a24-176b-4961-a140-2399aaa10d48', 'a24be6bf-2c35-4aef-9c3e-9be773f11e25', 'Concept 4 from Astronomy?', 'This is the definition and explanation of concept 4 for Astronomy.', '2026-03-03T07:19:07.296Z');
INSERT INTO cards (id, deck_id, front, back, created_at) VALUES ('0ab0de89-e2fe-45b6-ba97-b33fcc95ba02', 'a24be6bf-2c35-4aef-9c3e-9be773f11e25', 'Concept 5 from Astronomy?', 'This is the definition and explanation of concept 5 for Astronomy.', '2026-03-03T07:19:07.296Z');
INSERT INTO decks (id, user_id, category_id, name, description, created_at) VALUES ('0d451349-d034-46c4-b230-83e8c3da3d45', NULL, 'e87bd431-d9cb-41b7-874b-121d03212bdc', 'Astronomy Mastery Vol 8', 'An essential study guide covering the core concepts of Astronomy.', '2026-03-03T07:19:07.296Z');
INSERT INTO cards (id, deck_id, front, back, created_at) VALUES ('d8dfbd92-0ad7-4deb-a5a4-934b4fb3d933', '0d451349-d034-46c4-b230-83e8c3da3d45', 'Concept 1 from Astronomy?', 'This is the definition and explanation of concept 1 for Astronomy.', '2026-03-03T07:19:07.296Z');
INSERT INTO cards (id, deck_id, front, back, created_at) VALUES ('bbf0bc61-30f4-47b8-910a-363fc96fe6f2', '0d451349-d034-46c4-b230-83e8c3da3d45', 'Concept 2 from Astronomy?', 'This is the definition and explanation of concept 2 for Astronomy.', '2026-03-03T07:19:07.296Z');
INSERT INTO cards (id, deck_id, front, back, created_at) VALUES ('fcf14a9c-6fd0-4844-9150-50135e3877ad', '0d451349-d034-46c4-b230-83e8c3da3d45', 'Concept 3 from Astronomy?', 'This is the definition and explanation of concept 3 for Astronomy.', '2026-03-03T07:19:07.296Z');
INSERT INTO cards (id, deck_id, front, back, created_at) VALUES ('193f2188-7521-43de-8f6b-655c22d15a01', '0d451349-d034-46c4-b230-83e8c3da3d45', 'Concept 4 from Astronomy?', 'This is the definition and explanation of concept 4 for Astronomy.', '2026-03-03T07:19:07.296Z');
INSERT INTO cards (id, deck_id, front, back, created_at) VALUES ('9a9267b4-ae80-457a-8198-ebae5bc383e7', '0d451349-d034-46c4-b230-83e8c3da3d45', 'Concept 5 from Astronomy?', 'This is the definition and explanation of concept 5 for Astronomy.', '2026-03-03T07:19:07.296Z');
INSERT INTO decks (id, user_id, category_id, name, description, created_at) VALUES ('e934a00e-2c14-426c-94dd-579deb81537b', NULL, 'e87bd431-d9cb-41b7-874b-121d03212bdc', 'Astronomy Mastery Vol 9', 'An essential study guide covering the core concepts of Astronomy.', '2026-03-03T07:19:07.296Z');
INSERT INTO cards (id, deck_id, front, back, created_at) VALUES ('ebc1bf54-4ce5-4b83-b112-9d7e4d6c2930', 'e934a00e-2c14-426c-94dd-579deb81537b', 'Concept 1 from Astronomy?', 'This is the definition and explanation of concept 1 for Astronomy.', '2026-03-03T07:19:07.296Z');
INSERT INTO cards (id, deck_id, front, back, created_at) VALUES ('734587ec-22f9-452c-82c5-4e8b5ce7b14f', 'e934a00e-2c14-426c-94dd-579deb81537b', 'Concept 2 from Astronomy?', 'This is the definition and explanation of concept 2 for Astronomy.', '2026-03-03T07:19:07.296Z');
INSERT INTO cards (id, deck_id, front, back, created_at) VALUES ('89352e24-6de6-496b-8086-d31220bd4167', 'e934a00e-2c14-426c-94dd-579deb81537b', 'Concept 3 from Astronomy?', 'This is the definition and explanation of concept 3 for Astronomy.', '2026-03-03T07:19:07.296Z');
INSERT INTO cards (id, deck_id, front, back, created_at) VALUES ('9d4f1e39-2c6b-4319-8b78-7aa1436e14a1', 'e934a00e-2c14-426c-94dd-579deb81537b', 'Concept 4 from Astronomy?', 'This is the definition and explanation of concept 4 for Astronomy.', '2026-03-03T07:19:07.296Z');
INSERT INTO cards (id, deck_id, front, back, created_at) VALUES ('280b0cec-26f6-4784-ad8f-4f614dc053ff', 'e934a00e-2c14-426c-94dd-579deb81537b', 'Concept 5 from Astronomy?', 'This is the definition and explanation of concept 5 for Astronomy.', '2026-03-03T07:19:07.296Z');
INSERT INTO decks (id, user_id, category_id, name, description, created_at) VALUES ('16671e4a-3ad2-45ed-8930-ac8bcb37352c', NULL, 'e87bd431-d9cb-41b7-874b-121d03212bdc', 'Astronomy Mastery Vol 10', 'An essential study guide covering the core concepts of Astronomy.', '2026-03-03T07:19:07.296Z');
INSERT INTO cards (id, deck_id, front, back, created_at) VALUES ('2787e4e7-55d5-4655-b2ff-e121d7f95095', '16671e4a-3ad2-45ed-8930-ac8bcb37352c', 'Concept 1 from Astronomy?', 'This is the definition and explanation of concept 1 for Astronomy.', '2026-03-03T07:19:07.296Z');
INSERT INTO cards (id, deck_id, front, back, created_at) VALUES ('cdff7aed-fb4b-456d-8eb4-040b506df99c', '16671e4a-3ad2-45ed-8930-ac8bcb37352c', 'Concept 2 from Astronomy?', 'This is the definition and explanation of concept 2 for Astronomy.', '2026-03-03T07:19:07.296Z');
INSERT INTO cards (id, deck_id, front, back, created_at) VALUES ('123ef9a5-66cc-42dd-93f6-29aabb8ca3d3', '16671e4a-3ad2-45ed-8930-ac8bcb37352c', 'Concept 3 from Astronomy?', 'This is the definition and explanation of concept 3 for Astronomy.', '2026-03-03T07:19:07.296Z');
INSERT INTO cards (id, deck_id, front, back, created_at) VALUES ('8b749ad0-1b33-4d8d-8bfa-bfbd392d1322', '16671e4a-3ad2-45ed-8930-ac8bcb37352c', 'Concept 4 from Astronomy?', 'This is the definition and explanation of concept 4 for Astronomy.', '2026-03-03T07:19:07.296Z');
INSERT INTO cards (id, deck_id, front, back, created_at) VALUES ('7ca3aba2-b3c1-4b6a-b955-de1ca5538a65', '16671e4a-3ad2-45ed-8930-ac8bcb37352c', 'Concept 5 from Astronomy?', 'This is the definition and explanation of concept 5 for Astronomy.', '2026-03-03T07:19:07.296Z');
INSERT INTO categories (id, name, slug, icon, description, created_at) VALUES ('70d5dcbe-163e-435e-86fc-65c273ff7b87', 'Environmental Science', 'environmental-science', 'i-lucide-leaf', 'Ecology, climate, and conservation.', '2026-03-03T07:19:07.296Z');
INSERT INTO decks (id, user_id, category_id, name, description, created_at) VALUES ('3e42c86f-d690-4ec2-8622-b81bfee12178', NULL, '70d5dcbe-163e-435e-86fc-65c273ff7b87', 'Environmental Science Mastery Vol 1', 'An essential study guide covering the core concepts of Environmental Science.', '2026-03-03T07:19:07.296Z');
INSERT INTO cards (id, deck_id, front, back, created_at) VALUES ('7a0b16d7-074e-49b4-925c-99eb18f3ee63', '3e42c86f-d690-4ec2-8622-b81bfee12178', 'Concept 1 from Environmental Science?', 'This is the definition and explanation of concept 1 for Environmental Science.', '2026-03-03T07:19:07.296Z');
INSERT INTO cards (id, deck_id, front, back, created_at) VALUES ('d1f93813-8ca3-4685-94cd-49fa5b9d0a43', '3e42c86f-d690-4ec2-8622-b81bfee12178', 'Concept 2 from Environmental Science?', 'This is the definition and explanation of concept 2 for Environmental Science.', '2026-03-03T07:19:07.296Z');
INSERT INTO cards (id, deck_id, front, back, created_at) VALUES ('f9f17976-3fbb-4c1a-8963-653a32df74f2', '3e42c86f-d690-4ec2-8622-b81bfee12178', 'Concept 3 from Environmental Science?', 'This is the definition and explanation of concept 3 for Environmental Science.', '2026-03-03T07:19:07.296Z');
INSERT INTO cards (id, deck_id, front, back, created_at) VALUES ('32817f9e-f7f9-456f-870f-a960aa9ebe38', '3e42c86f-d690-4ec2-8622-b81bfee12178', 'Concept 4 from Environmental Science?', 'This is the definition and explanation of concept 4 for Environmental Science.', '2026-03-03T07:19:07.296Z');
INSERT INTO cards (id, deck_id, front, back, created_at) VALUES ('b21b420f-61d1-4268-9e4d-e50aac0e8338', '3e42c86f-d690-4ec2-8622-b81bfee12178', 'Concept 5 from Environmental Science?', 'This is the definition and explanation of concept 5 for Environmental Science.', '2026-03-03T07:19:07.296Z');
INSERT INTO decks (id, user_id, category_id, name, description, created_at) VALUES ('bb24ebce-2c02-40b6-9339-8f126f484644', NULL, '70d5dcbe-163e-435e-86fc-65c273ff7b87', 'Environmental Science Mastery Vol 2', 'An essential study guide covering the core concepts of Environmental Science.', '2026-03-03T07:19:07.296Z');
INSERT INTO cards (id, deck_id, front, back, created_at) VALUES ('5dd5ecc3-c5f9-4e35-8fbe-e9aedb460e3a', 'bb24ebce-2c02-40b6-9339-8f126f484644', 'Concept 1 from Environmental Science?', 'This is the definition and explanation of concept 1 for Environmental Science.', '2026-03-03T07:19:07.296Z');
INSERT INTO cards (id, deck_id, front, back, created_at) VALUES ('4ad872c3-0752-4333-81d3-45d16ad02724', 'bb24ebce-2c02-40b6-9339-8f126f484644', 'Concept 2 from Environmental Science?', 'This is the definition and explanation of concept 2 for Environmental Science.', '2026-03-03T07:19:07.296Z');
INSERT INTO cards (id, deck_id, front, back, created_at) VALUES ('0cbdf638-afa8-458b-b3eb-d070d7353824', 'bb24ebce-2c02-40b6-9339-8f126f484644', 'Concept 3 from Environmental Science?', 'This is the definition and explanation of concept 3 for Environmental Science.', '2026-03-03T07:19:07.296Z');
INSERT INTO cards (id, deck_id, front, back, created_at) VALUES ('8420b3da-8ce5-409c-a4c0-87c8c39fc9f8', 'bb24ebce-2c02-40b6-9339-8f126f484644', 'Concept 4 from Environmental Science?', 'This is the definition and explanation of concept 4 for Environmental Science.', '2026-03-03T07:19:07.296Z');
INSERT INTO cards (id, deck_id, front, back, created_at) VALUES ('8edb6610-2bcd-4100-b8de-a2e1a9db565b', 'bb24ebce-2c02-40b6-9339-8f126f484644', 'Concept 5 from Environmental Science?', 'This is the definition and explanation of concept 5 for Environmental Science.', '2026-03-03T07:19:07.296Z');
INSERT INTO decks (id, user_id, category_id, name, description, created_at) VALUES ('aded9aba-37ed-4d0b-8b1b-ce54525ca0bc', NULL, '70d5dcbe-163e-435e-86fc-65c273ff7b87', 'Environmental Science Mastery Vol 3', 'An essential study guide covering the core concepts of Environmental Science.', '2026-03-03T07:19:07.296Z');
INSERT INTO cards (id, deck_id, front, back, created_at) VALUES ('da3eacf2-c058-456c-9d84-4743d06234d1', 'aded9aba-37ed-4d0b-8b1b-ce54525ca0bc', 'Concept 1 from Environmental Science?', 'This is the definition and explanation of concept 1 for Environmental Science.', '2026-03-03T07:19:07.296Z');
INSERT INTO cards (id, deck_id, front, back, created_at) VALUES ('66bea720-4c42-4461-89a6-b66ba5a264df', 'aded9aba-37ed-4d0b-8b1b-ce54525ca0bc', 'Concept 2 from Environmental Science?', 'This is the definition and explanation of concept 2 for Environmental Science.', '2026-03-03T07:19:07.296Z');
INSERT INTO cards (id, deck_id, front, back, created_at) VALUES ('aad68367-8187-4fe4-84b6-743d2f2fab25', 'aded9aba-37ed-4d0b-8b1b-ce54525ca0bc', 'Concept 3 from Environmental Science?', 'This is the definition and explanation of concept 3 for Environmental Science.', '2026-03-03T07:19:07.296Z');
INSERT INTO cards (id, deck_id, front, back, created_at) VALUES ('0f5ae688-2cda-4d92-a570-ba81472a38c3', 'aded9aba-37ed-4d0b-8b1b-ce54525ca0bc', 'Concept 4 from Environmental Science?', 'This is the definition and explanation of concept 4 for Environmental Science.', '2026-03-03T07:19:07.296Z');
INSERT INTO cards (id, deck_id, front, back, created_at) VALUES ('fcc2e870-5ac8-4205-9c1c-f5d9f39107cc', 'aded9aba-37ed-4d0b-8b1b-ce54525ca0bc', 'Concept 5 from Environmental Science?', 'This is the definition and explanation of concept 5 for Environmental Science.', '2026-03-03T07:19:07.296Z');
INSERT INTO decks (id, user_id, category_id, name, description, created_at) VALUES ('4d793e28-3f59-4525-84a5-bb622572e3fa', NULL, '70d5dcbe-163e-435e-86fc-65c273ff7b87', 'Environmental Science Mastery Vol 4', 'An essential study guide covering the core concepts of Environmental Science.', '2026-03-03T07:19:07.296Z');
INSERT INTO cards (id, deck_id, front, back, created_at) VALUES ('ac21bbd4-527e-4160-9211-e122de5c6e3d', '4d793e28-3f59-4525-84a5-bb622572e3fa', 'Concept 1 from Environmental Science?', 'This is the definition and explanation of concept 1 for Environmental Science.', '2026-03-03T07:19:07.296Z');
INSERT INTO cards (id, deck_id, front, back, created_at) VALUES ('a83ed0f9-d0ab-475b-ba0a-bc026fba3fce', '4d793e28-3f59-4525-84a5-bb622572e3fa', 'Concept 2 from Environmental Science?', 'This is the definition and explanation of concept 2 for Environmental Science.', '2026-03-03T07:19:07.296Z');
INSERT INTO cards (id, deck_id, front, back, created_at) VALUES ('1bb320ac-930e-480d-a1c8-7126afabcbc1', '4d793e28-3f59-4525-84a5-bb622572e3fa', 'Concept 3 from Environmental Science?', 'This is the definition and explanation of concept 3 for Environmental Science.', '2026-03-03T07:19:07.296Z');
INSERT INTO cards (id, deck_id, front, back, created_at) VALUES ('35b828a5-80d6-4a6d-badf-6267a7ab8f68', '4d793e28-3f59-4525-84a5-bb622572e3fa', 'Concept 4 from Environmental Science?', 'This is the definition and explanation of concept 4 for Environmental Science.', '2026-03-03T07:19:07.296Z');
INSERT INTO cards (id, deck_id, front, back, created_at) VALUES ('e0b82d2e-f42f-4592-813b-ed98ca712136', '4d793e28-3f59-4525-84a5-bb622572e3fa', 'Concept 5 from Environmental Science?', 'This is the definition and explanation of concept 5 for Environmental Science.', '2026-03-03T07:19:07.296Z');
INSERT INTO decks (id, user_id, category_id, name, description, created_at) VALUES ('cc161751-2d6b-446a-8424-9c4917822347', NULL, '70d5dcbe-163e-435e-86fc-65c273ff7b87', 'Environmental Science Mastery Vol 5', 'An essential study guide covering the core concepts of Environmental Science.', '2026-03-03T07:19:07.296Z');
INSERT INTO cards (id, deck_id, front, back, created_at) VALUES ('e123f9c5-fe02-42aa-815b-a6ea4aaff455', 'cc161751-2d6b-446a-8424-9c4917822347', 'Concept 1 from Environmental Science?', 'This is the definition and explanation of concept 1 for Environmental Science.', '2026-03-03T07:19:07.296Z');
INSERT INTO cards (id, deck_id, front, back, created_at) VALUES ('9129e05f-7896-4e2b-bc80-403a83a5f488', 'cc161751-2d6b-446a-8424-9c4917822347', 'Concept 2 from Environmental Science?', 'This is the definition and explanation of concept 2 for Environmental Science.', '2026-03-03T07:19:07.296Z');
INSERT INTO cards (id, deck_id, front, back, created_at) VALUES ('8b767cad-8c9d-4aa6-85ac-e1af2232b428', 'cc161751-2d6b-446a-8424-9c4917822347', 'Concept 3 from Environmental Science?', 'This is the definition and explanation of concept 3 for Environmental Science.', '2026-03-03T07:19:07.296Z');
INSERT INTO cards (id, deck_id, front, back, created_at) VALUES ('f48d35f9-ea93-4d01-8e7e-90d67419fcb6', 'cc161751-2d6b-446a-8424-9c4917822347', 'Concept 4 from Environmental Science?', 'This is the definition and explanation of concept 4 for Environmental Science.', '2026-03-03T07:19:07.296Z');
INSERT INTO cards (id, deck_id, front, back, created_at) VALUES ('9f2b01d4-ae1c-433f-831a-480de117fa8e', 'cc161751-2d6b-446a-8424-9c4917822347', 'Concept 5 from Environmental Science?', 'This is the definition and explanation of concept 5 for Environmental Science.', '2026-03-03T07:19:07.296Z');
INSERT INTO decks (id, user_id, category_id, name, description, created_at) VALUES ('bf2626ff-7d55-4210-9a9c-df2a0466aa8f', NULL, '70d5dcbe-163e-435e-86fc-65c273ff7b87', 'Environmental Science Mastery Vol 6', 'An essential study guide covering the core concepts of Environmental Science.', '2026-03-03T07:19:07.296Z');
INSERT INTO cards (id, deck_id, front, back, created_at) VALUES ('8128b19a-787e-4106-8dcf-0cd15b1311a2', 'bf2626ff-7d55-4210-9a9c-df2a0466aa8f', 'Concept 1 from Environmental Science?', 'This is the definition and explanation of concept 1 for Environmental Science.', '2026-03-03T07:19:07.296Z');
INSERT INTO cards (id, deck_id, front, back, created_at) VALUES ('d4b5782e-fa65-420c-bbd6-34c20bc83602', 'bf2626ff-7d55-4210-9a9c-df2a0466aa8f', 'Concept 2 from Environmental Science?', 'This is the definition and explanation of concept 2 for Environmental Science.', '2026-03-03T07:19:07.296Z');
INSERT INTO cards (id, deck_id, front, back, created_at) VALUES ('3057ed87-ba07-4676-876c-ea5c78b119bb', 'bf2626ff-7d55-4210-9a9c-df2a0466aa8f', 'Concept 3 from Environmental Science?', 'This is the definition and explanation of concept 3 for Environmental Science.', '2026-03-03T07:19:07.296Z');
INSERT INTO cards (id, deck_id, front, back, created_at) VALUES ('1c07fa29-8cd7-4136-a1dc-36d80272dacd', 'bf2626ff-7d55-4210-9a9c-df2a0466aa8f', 'Concept 4 from Environmental Science?', 'This is the definition and explanation of concept 4 for Environmental Science.', '2026-03-03T07:19:07.296Z');
INSERT INTO cards (id, deck_id, front, back, created_at) VALUES ('fcefc5a5-0655-40b4-9493-4f70bfc4d5c3', 'bf2626ff-7d55-4210-9a9c-df2a0466aa8f', 'Concept 5 from Environmental Science?', 'This is the definition and explanation of concept 5 for Environmental Science.', '2026-03-03T07:19:07.296Z');
INSERT INTO decks (id, user_id, category_id, name, description, created_at) VALUES ('9f9f373b-19ec-4e72-9ab2-561d32e00596', NULL, '70d5dcbe-163e-435e-86fc-65c273ff7b87', 'Environmental Science Mastery Vol 7', 'An essential study guide covering the core concepts of Environmental Science.', '2026-03-03T07:19:07.296Z');
INSERT INTO cards (id, deck_id, front, back, created_at) VALUES ('8af3a908-6a8f-4ce3-92e4-350247655d76', '9f9f373b-19ec-4e72-9ab2-561d32e00596', 'Concept 1 from Environmental Science?', 'This is the definition and explanation of concept 1 for Environmental Science.', '2026-03-03T07:19:07.296Z');
INSERT INTO cards (id, deck_id, front, back, created_at) VALUES ('1947b504-62e4-4846-ada6-c2d09874bbc3', '9f9f373b-19ec-4e72-9ab2-561d32e00596', 'Concept 2 from Environmental Science?', 'This is the definition and explanation of concept 2 for Environmental Science.', '2026-03-03T07:19:07.296Z');
INSERT INTO cards (id, deck_id, front, back, created_at) VALUES ('563c0a55-9185-4d8f-8e08-0d13026c632f', '9f9f373b-19ec-4e72-9ab2-561d32e00596', 'Concept 3 from Environmental Science?', 'This is the definition and explanation of concept 3 for Environmental Science.', '2026-03-03T07:19:07.296Z');
INSERT INTO cards (id, deck_id, front, back, created_at) VALUES ('7870d8c7-5e25-44d7-86ec-69d89a52d890', '9f9f373b-19ec-4e72-9ab2-561d32e00596', 'Concept 4 from Environmental Science?', 'This is the definition and explanation of concept 4 for Environmental Science.', '2026-03-03T07:19:07.296Z');
INSERT INTO cards (id, deck_id, front, back, created_at) VALUES ('65753cba-b137-497c-9bdc-c6086359d274', '9f9f373b-19ec-4e72-9ab2-561d32e00596', 'Concept 5 from Environmental Science?', 'This is the definition and explanation of concept 5 for Environmental Science.', '2026-03-03T07:19:07.296Z');
INSERT INTO decks (id, user_id, category_id, name, description, created_at) VALUES ('795d46ab-9dd6-4010-809d-4989b1e05498', NULL, '70d5dcbe-163e-435e-86fc-65c273ff7b87', 'Environmental Science Mastery Vol 8', 'An essential study guide covering the core concepts of Environmental Science.', '2026-03-03T07:19:07.296Z');
INSERT INTO cards (id, deck_id, front, back, created_at) VALUES ('d8a14b04-f90d-40af-8d40-c07b7f24cf28', '795d46ab-9dd6-4010-809d-4989b1e05498', 'Concept 1 from Environmental Science?', 'This is the definition and explanation of concept 1 for Environmental Science.', '2026-03-03T07:19:07.296Z');
INSERT INTO cards (id, deck_id, front, back, created_at) VALUES ('da970abe-8759-43db-b875-57b398566086', '795d46ab-9dd6-4010-809d-4989b1e05498', 'Concept 2 from Environmental Science?', 'This is the definition and explanation of concept 2 for Environmental Science.', '2026-03-03T07:19:07.296Z');
INSERT INTO cards (id, deck_id, front, back, created_at) VALUES ('d5384015-adb1-4f79-946f-d9e0447a7108', '795d46ab-9dd6-4010-809d-4989b1e05498', 'Concept 3 from Environmental Science?', 'This is the definition and explanation of concept 3 for Environmental Science.', '2026-03-03T07:19:07.296Z');
INSERT INTO cards (id, deck_id, front, back, created_at) VALUES ('7a3e3d5b-0921-409f-9631-38dfdd3a9312', '795d46ab-9dd6-4010-809d-4989b1e05498', 'Concept 4 from Environmental Science?', 'This is the definition and explanation of concept 4 for Environmental Science.', '2026-03-03T07:19:07.296Z');
INSERT INTO cards (id, deck_id, front, back, created_at) VALUES ('7c59177a-ee7c-4b1a-baa8-96b32c1abdeb', '795d46ab-9dd6-4010-809d-4989b1e05498', 'Concept 5 from Environmental Science?', 'This is the definition and explanation of concept 5 for Environmental Science.', '2026-03-03T07:19:07.296Z');
INSERT INTO decks (id, user_id, category_id, name, description, created_at) VALUES ('0414500b-ecaa-444d-9469-6952b2cc3c97', NULL, '70d5dcbe-163e-435e-86fc-65c273ff7b87', 'Environmental Science Mastery Vol 9', 'An essential study guide covering the core concepts of Environmental Science.', '2026-03-03T07:19:07.296Z');
INSERT INTO cards (id, deck_id, front, back, created_at) VALUES ('974b21a2-9bf6-4b14-846d-d4158155a4d3', '0414500b-ecaa-444d-9469-6952b2cc3c97', 'Concept 1 from Environmental Science?', 'This is the definition and explanation of concept 1 for Environmental Science.', '2026-03-03T07:19:07.296Z');
INSERT INTO cards (id, deck_id, front, back, created_at) VALUES ('a263c730-2b86-4780-8873-e96117eda8fb', '0414500b-ecaa-444d-9469-6952b2cc3c97', 'Concept 2 from Environmental Science?', 'This is the definition and explanation of concept 2 for Environmental Science.', '2026-03-03T07:19:07.296Z');
INSERT INTO cards (id, deck_id, front, back, created_at) VALUES ('42534589-ad86-4b74-a48c-576bb44838cb', '0414500b-ecaa-444d-9469-6952b2cc3c97', 'Concept 3 from Environmental Science?', 'This is the definition and explanation of concept 3 for Environmental Science.', '2026-03-03T07:19:07.296Z');
INSERT INTO cards (id, deck_id, front, back, created_at) VALUES ('9fb6710d-cbd2-4418-a342-a081b5b212f3', '0414500b-ecaa-444d-9469-6952b2cc3c97', 'Concept 4 from Environmental Science?', 'This is the definition and explanation of concept 4 for Environmental Science.', '2026-03-03T07:19:07.296Z');
INSERT INTO cards (id, deck_id, front, back, created_at) VALUES ('59139538-267b-4b24-8fa6-41f5e5726b52', '0414500b-ecaa-444d-9469-6952b2cc3c97', 'Concept 5 from Environmental Science?', 'This is the definition and explanation of concept 5 for Environmental Science.', '2026-03-03T07:19:07.296Z');
INSERT INTO decks (id, user_id, category_id, name, description, created_at) VALUES ('8f098dff-6b35-4ab9-a389-4e04af948776', NULL, '70d5dcbe-163e-435e-86fc-65c273ff7b87', 'Environmental Science Mastery Vol 10', 'An essential study guide covering the core concepts of Environmental Science.', '2026-03-03T07:19:07.296Z');
INSERT INTO cards (id, deck_id, front, back, created_at) VALUES ('2827deab-1ed8-48df-91ae-0b71f5daf9c9', '8f098dff-6b35-4ab9-a389-4e04af948776', 'Concept 1 from Environmental Science?', 'This is the definition and explanation of concept 1 for Environmental Science.', '2026-03-03T07:19:07.296Z');
INSERT INTO cards (id, deck_id, front, back, created_at) VALUES ('f762f7fe-c1ef-4ad7-b445-a42539da52dd', '8f098dff-6b35-4ab9-a389-4e04af948776', 'Concept 2 from Environmental Science?', 'This is the definition and explanation of concept 2 for Environmental Science.', '2026-03-03T07:19:07.296Z');
INSERT INTO cards (id, deck_id, front, back, created_at) VALUES ('c814d70e-e89d-4ce2-8566-c14066f69910', '8f098dff-6b35-4ab9-a389-4e04af948776', 'Concept 3 from Environmental Science?', 'This is the definition and explanation of concept 3 for Environmental Science.', '2026-03-03T07:19:07.296Z');
INSERT INTO cards (id, deck_id, front, back, created_at) VALUES ('b6374983-70c3-40ec-826c-d158f8afec63', '8f098dff-6b35-4ab9-a389-4e04af948776', 'Concept 4 from Environmental Science?', 'This is the definition and explanation of concept 4 for Environmental Science.', '2026-03-03T07:19:07.296Z');
INSERT INTO cards (id, deck_id, front, back, created_at) VALUES ('6ac04a87-39a8-4a21-b88a-0a8b41713aeb', '8f098dff-6b35-4ab9-a389-4e04af948776', 'Concept 5 from Environmental Science?', 'This is the definition and explanation of concept 5 for Environmental Science.', '2026-03-03T07:19:07.296Z');
INSERT INTO categories (id, name, slug, icon, description, created_at) VALUES ('6aee4790-2a89-4350-9f63-977821a13d87', 'Nutrition', 'nutrition', 'i-lucide-apple', 'Diet, vitamins, and healthy eating.', '2026-03-03T07:19:07.296Z');
INSERT INTO decks (id, user_id, category_id, name, description, created_at) VALUES ('7069bdf7-4ac1-4f6e-b88b-21f5796a0bd0', NULL, '6aee4790-2a89-4350-9f63-977821a13d87', 'Nutrition Mastery Vol 1', 'An essential study guide covering the core concepts of Nutrition.', '2026-03-03T07:19:07.296Z');
INSERT INTO cards (id, deck_id, front, back, created_at) VALUES ('143127ee-a7f6-4b79-8735-ab7eb31f2e59', '7069bdf7-4ac1-4f6e-b88b-21f5796a0bd0', 'Concept 1 from Nutrition?', 'This is the definition and explanation of concept 1 for Nutrition.', '2026-03-03T07:19:07.296Z');
INSERT INTO cards (id, deck_id, front, back, created_at) VALUES ('530d1555-3f54-4f3c-82f8-3a3af0939e5e', '7069bdf7-4ac1-4f6e-b88b-21f5796a0bd0', 'Concept 2 from Nutrition?', 'This is the definition and explanation of concept 2 for Nutrition.', '2026-03-03T07:19:07.296Z');
INSERT INTO cards (id, deck_id, front, back, created_at) VALUES ('6dfc0350-ff66-4fd9-9a28-93e90aa6fcf9', '7069bdf7-4ac1-4f6e-b88b-21f5796a0bd0', 'Concept 3 from Nutrition?', 'This is the definition and explanation of concept 3 for Nutrition.', '2026-03-03T07:19:07.296Z');
INSERT INTO cards (id, deck_id, front, back, created_at) VALUES ('6bedf21a-8aba-4815-9cda-33f09caa302a', '7069bdf7-4ac1-4f6e-b88b-21f5796a0bd0', 'Concept 4 from Nutrition?', 'This is the definition and explanation of concept 4 for Nutrition.', '2026-03-03T07:19:07.296Z');
INSERT INTO cards (id, deck_id, front, back, created_at) VALUES ('b8c382f9-c6cf-4a7a-a5ed-975c2e73251e', '7069bdf7-4ac1-4f6e-b88b-21f5796a0bd0', 'Concept 5 from Nutrition?', 'This is the definition and explanation of concept 5 for Nutrition.', '2026-03-03T07:19:07.296Z');
INSERT INTO decks (id, user_id, category_id, name, description, created_at) VALUES ('54cb647f-e985-4949-b685-5ce86868d476', NULL, '6aee4790-2a89-4350-9f63-977821a13d87', 'Nutrition Mastery Vol 2', 'An essential study guide covering the core concepts of Nutrition.', '2026-03-03T07:19:07.296Z');
INSERT INTO cards (id, deck_id, front, back, created_at) VALUES ('1e670334-517c-4023-a6db-efd9d4861587', '54cb647f-e985-4949-b685-5ce86868d476', 'Concept 1 from Nutrition?', 'This is the definition and explanation of concept 1 for Nutrition.', '2026-03-03T07:19:07.296Z');
INSERT INTO cards (id, deck_id, front, back, created_at) VALUES ('cbaf3a0e-8f4c-4d4b-91db-901e066e24bd', '54cb647f-e985-4949-b685-5ce86868d476', 'Concept 2 from Nutrition?', 'This is the definition and explanation of concept 2 for Nutrition.', '2026-03-03T07:19:07.296Z');
INSERT INTO cards (id, deck_id, front, back, created_at) VALUES ('09554497-fcf4-4338-850f-c72d3a0c21ef', '54cb647f-e985-4949-b685-5ce86868d476', 'Concept 3 from Nutrition?', 'This is the definition and explanation of concept 3 for Nutrition.', '2026-03-03T07:19:07.296Z');
INSERT INTO cards (id, deck_id, front, back, created_at) VALUES ('43aac7d7-5398-4c0a-965b-13d8dcebea7c', '54cb647f-e985-4949-b685-5ce86868d476', 'Concept 4 from Nutrition?', 'This is the definition and explanation of concept 4 for Nutrition.', '2026-03-03T07:19:07.296Z');
INSERT INTO cards (id, deck_id, front, back, created_at) VALUES ('268e31e2-cb30-4d49-8e7f-de716216819c', '54cb647f-e985-4949-b685-5ce86868d476', 'Concept 5 from Nutrition?', 'This is the definition and explanation of concept 5 for Nutrition.', '2026-03-03T07:19:07.296Z');
INSERT INTO decks (id, user_id, category_id, name, description, created_at) VALUES ('53af02cf-9401-435f-a9b4-4c0def92f7af', NULL, '6aee4790-2a89-4350-9f63-977821a13d87', 'Nutrition Mastery Vol 3', 'An essential study guide covering the core concepts of Nutrition.', '2026-03-03T07:19:07.296Z');
INSERT INTO cards (id, deck_id, front, back, created_at) VALUES ('6bce8043-b1aa-41fc-bf9e-a0d873b52440', '53af02cf-9401-435f-a9b4-4c0def92f7af', 'Concept 1 from Nutrition?', 'This is the definition and explanation of concept 1 for Nutrition.', '2026-03-03T07:19:07.296Z');
INSERT INTO cards (id, deck_id, front, back, created_at) VALUES ('c0af71c7-903b-44a0-89a7-073b0139b476', '53af02cf-9401-435f-a9b4-4c0def92f7af', 'Concept 2 from Nutrition?', 'This is the definition and explanation of concept 2 for Nutrition.', '2026-03-03T07:19:07.296Z');
INSERT INTO cards (id, deck_id, front, back, created_at) VALUES ('583674c2-e1b5-4f56-bbc6-9d11b199e7a3', '53af02cf-9401-435f-a9b4-4c0def92f7af', 'Concept 3 from Nutrition?', 'This is the definition and explanation of concept 3 for Nutrition.', '2026-03-03T07:19:07.296Z');
INSERT INTO cards (id, deck_id, front, back, created_at) VALUES ('abb7aa75-902e-48de-af21-8b91114fdce0', '53af02cf-9401-435f-a9b4-4c0def92f7af', 'Concept 4 from Nutrition?', 'This is the definition and explanation of concept 4 for Nutrition.', '2026-03-03T07:19:07.296Z');
INSERT INTO cards (id, deck_id, front, back, created_at) VALUES ('40c3c586-8e27-4899-8ed9-9bbfa6ec1bd3', '53af02cf-9401-435f-a9b4-4c0def92f7af', 'Concept 5 from Nutrition?', 'This is the definition and explanation of concept 5 for Nutrition.', '2026-03-03T07:19:07.296Z');
INSERT INTO decks (id, user_id, category_id, name, description, created_at) VALUES ('3a5f341c-7906-4e52-8511-6b3880d7dd57', NULL, '6aee4790-2a89-4350-9f63-977821a13d87', 'Nutrition Mastery Vol 4', 'An essential study guide covering the core concepts of Nutrition.', '2026-03-03T07:19:07.296Z');
INSERT INTO cards (id, deck_id, front, back, created_at) VALUES ('aa64c597-88f7-41b9-ac57-da3acc6ad74f', '3a5f341c-7906-4e52-8511-6b3880d7dd57', 'Concept 1 from Nutrition?', 'This is the definition and explanation of concept 1 for Nutrition.', '2026-03-03T07:19:07.296Z');
INSERT INTO cards (id, deck_id, front, back, created_at) VALUES ('95965d32-edec-45b4-9411-30aeba9e08fb', '3a5f341c-7906-4e52-8511-6b3880d7dd57', 'Concept 2 from Nutrition?', 'This is the definition and explanation of concept 2 for Nutrition.', '2026-03-03T07:19:07.296Z');
INSERT INTO cards (id, deck_id, front, back, created_at) VALUES ('7e5f27c0-2dd7-4c51-8b4b-1e9ac794c493', '3a5f341c-7906-4e52-8511-6b3880d7dd57', 'Concept 3 from Nutrition?', 'This is the definition and explanation of concept 3 for Nutrition.', '2026-03-03T07:19:07.296Z');
INSERT INTO cards (id, deck_id, front, back, created_at) VALUES ('174ef6d4-aa99-41d6-a375-bf4746481e11', '3a5f341c-7906-4e52-8511-6b3880d7dd57', 'Concept 4 from Nutrition?', 'This is the definition and explanation of concept 4 for Nutrition.', '2026-03-03T07:19:07.296Z');
INSERT INTO cards (id, deck_id, front, back, created_at) VALUES ('dd1523ec-01d8-4ef0-adfc-61fe6ea1eb6d', '3a5f341c-7906-4e52-8511-6b3880d7dd57', 'Concept 5 from Nutrition?', 'This is the definition and explanation of concept 5 for Nutrition.', '2026-03-03T07:19:07.296Z');
INSERT INTO decks (id, user_id, category_id, name, description, created_at) VALUES ('398b2c8b-a77b-4bda-be8c-3443302692d1', NULL, '6aee4790-2a89-4350-9f63-977821a13d87', 'Nutrition Mastery Vol 5', 'An essential study guide covering the core concepts of Nutrition.', '2026-03-03T07:19:07.296Z');
INSERT INTO cards (id, deck_id, front, back, created_at) VALUES ('7e9e2fb8-9e0e-4dee-b3f7-eb26664b6a35', '398b2c8b-a77b-4bda-be8c-3443302692d1', 'Concept 1 from Nutrition?', 'This is the definition and explanation of concept 1 for Nutrition.', '2026-03-03T07:19:07.296Z');
INSERT INTO cards (id, deck_id, front, back, created_at) VALUES ('4d2465fe-75af-4dea-99e0-757ba4627c66', '398b2c8b-a77b-4bda-be8c-3443302692d1', 'Concept 2 from Nutrition?', 'This is the definition and explanation of concept 2 for Nutrition.', '2026-03-03T07:19:07.296Z');
INSERT INTO cards (id, deck_id, front, back, created_at) VALUES ('98aab2de-7310-4806-be12-e5dba0c463ab', '398b2c8b-a77b-4bda-be8c-3443302692d1', 'Concept 3 from Nutrition?', 'This is the definition and explanation of concept 3 for Nutrition.', '2026-03-03T07:19:07.296Z');
INSERT INTO cards (id, deck_id, front, back, created_at) VALUES ('7989ba2e-33c5-486c-b72b-eea4efeef3a2', '398b2c8b-a77b-4bda-be8c-3443302692d1', 'Concept 4 from Nutrition?', 'This is the definition and explanation of concept 4 for Nutrition.', '2026-03-03T07:19:07.296Z');
INSERT INTO cards (id, deck_id, front, back, created_at) VALUES ('a2816b1c-632d-49bb-b1ac-6f62ee08275f', '398b2c8b-a77b-4bda-be8c-3443302692d1', 'Concept 5 from Nutrition?', 'This is the definition and explanation of concept 5 for Nutrition.', '2026-03-03T07:19:07.296Z');
INSERT INTO decks (id, user_id, category_id, name, description, created_at) VALUES ('caf7b969-0742-4503-b08a-c3b83655cbe6', NULL, '6aee4790-2a89-4350-9f63-977821a13d87', 'Nutrition Mastery Vol 6', 'An essential study guide covering the core concepts of Nutrition.', '2026-03-03T07:19:07.296Z');
INSERT INTO cards (id, deck_id, front, back, created_at) VALUES ('6433956e-682d-4ce5-aafc-6cefe593aa1e', 'caf7b969-0742-4503-b08a-c3b83655cbe6', 'Concept 1 from Nutrition?', 'This is the definition and explanation of concept 1 for Nutrition.', '2026-03-03T07:19:07.296Z');
INSERT INTO cards (id, deck_id, front, back, created_at) VALUES ('794ff5fe-d717-49e4-a06e-dbea638b5ae5', 'caf7b969-0742-4503-b08a-c3b83655cbe6', 'Concept 2 from Nutrition?', 'This is the definition and explanation of concept 2 for Nutrition.', '2026-03-03T07:19:07.296Z');
INSERT INTO cards (id, deck_id, front, back, created_at) VALUES ('bd081102-d109-4b81-abf0-3b27a6edebf5', 'caf7b969-0742-4503-b08a-c3b83655cbe6', 'Concept 3 from Nutrition?', 'This is the definition and explanation of concept 3 for Nutrition.', '2026-03-03T07:19:07.296Z');
INSERT INTO cards (id, deck_id, front, back, created_at) VALUES ('bcfb1f3a-217f-47a6-8e85-22067bc3f78a', 'caf7b969-0742-4503-b08a-c3b83655cbe6', 'Concept 4 from Nutrition?', 'This is the definition and explanation of concept 4 for Nutrition.', '2026-03-03T07:19:07.296Z');
INSERT INTO cards (id, deck_id, front, back, created_at) VALUES ('ac2dedbd-a555-4367-b01d-64b6f3a005fe', 'caf7b969-0742-4503-b08a-c3b83655cbe6', 'Concept 5 from Nutrition?', 'This is the definition and explanation of concept 5 for Nutrition.', '2026-03-03T07:19:07.296Z');
INSERT INTO decks (id, user_id, category_id, name, description, created_at) VALUES ('7c23e14e-478d-4c09-a8db-5ad63f22d9bf', NULL, '6aee4790-2a89-4350-9f63-977821a13d87', 'Nutrition Mastery Vol 7', 'An essential study guide covering the core concepts of Nutrition.', '2026-03-03T07:19:07.296Z');
INSERT INTO cards (id, deck_id, front, back, created_at) VALUES ('9b1f3db8-1db3-46a0-9b9d-ce4a05942d6b', '7c23e14e-478d-4c09-a8db-5ad63f22d9bf', 'Concept 1 from Nutrition?', 'This is the definition and explanation of concept 1 for Nutrition.', '2026-03-03T07:19:07.296Z');
INSERT INTO cards (id, deck_id, front, back, created_at) VALUES ('8a33a4a0-2ba5-447d-a8c8-a1f5b937858e', '7c23e14e-478d-4c09-a8db-5ad63f22d9bf', 'Concept 2 from Nutrition?', 'This is the definition and explanation of concept 2 for Nutrition.', '2026-03-03T07:19:07.296Z');
INSERT INTO cards (id, deck_id, front, back, created_at) VALUES ('01c08bb2-81e1-41dc-971e-ed978d7de879', '7c23e14e-478d-4c09-a8db-5ad63f22d9bf', 'Concept 3 from Nutrition?', 'This is the definition and explanation of concept 3 for Nutrition.', '2026-03-03T07:19:07.296Z');
INSERT INTO cards (id, deck_id, front, back, created_at) VALUES ('c8ca2b3e-8196-40e5-bd02-af0bb08b3c00', '7c23e14e-478d-4c09-a8db-5ad63f22d9bf', 'Concept 4 from Nutrition?', 'This is the definition and explanation of concept 4 for Nutrition.', '2026-03-03T07:19:07.296Z');
INSERT INTO cards (id, deck_id, front, back, created_at) VALUES ('4d2af4f7-802d-4fe0-9910-39757dce9f44', '7c23e14e-478d-4c09-a8db-5ad63f22d9bf', 'Concept 5 from Nutrition?', 'This is the definition and explanation of concept 5 for Nutrition.', '2026-03-03T07:19:07.296Z');
INSERT INTO decks (id, user_id, category_id, name, description, created_at) VALUES ('b0dc68f2-66c6-423a-9401-150f6081ba6e', NULL, '6aee4790-2a89-4350-9f63-977821a13d87', 'Nutrition Mastery Vol 8', 'An essential study guide covering the core concepts of Nutrition.', '2026-03-03T07:19:07.296Z');
INSERT INTO cards (id, deck_id, front, back, created_at) VALUES ('01b93187-8255-4001-a5ad-a83c3cff91d5', 'b0dc68f2-66c6-423a-9401-150f6081ba6e', 'Concept 1 from Nutrition?', 'This is the definition and explanation of concept 1 for Nutrition.', '2026-03-03T07:19:07.296Z');
INSERT INTO cards (id, deck_id, front, back, created_at) VALUES ('1067f326-4b79-476b-96c3-c16d4a776ca4', 'b0dc68f2-66c6-423a-9401-150f6081ba6e', 'Concept 2 from Nutrition?', 'This is the definition and explanation of concept 2 for Nutrition.', '2026-03-03T07:19:07.296Z');
INSERT INTO cards (id, deck_id, front, back, created_at) VALUES ('6e22b496-cfdc-43af-b964-7bf2c6da98b4', 'b0dc68f2-66c6-423a-9401-150f6081ba6e', 'Concept 3 from Nutrition?', 'This is the definition and explanation of concept 3 for Nutrition.', '2026-03-03T07:19:07.296Z');
INSERT INTO cards (id, deck_id, front, back, created_at) VALUES ('9aa44aea-ccd3-42e4-a7b5-5a4290447e6a', 'b0dc68f2-66c6-423a-9401-150f6081ba6e', 'Concept 4 from Nutrition?', 'This is the definition and explanation of concept 4 for Nutrition.', '2026-03-03T07:19:07.296Z');
INSERT INTO cards (id, deck_id, front, back, created_at) VALUES ('bad1141b-4f08-4559-b231-7ebafaf272d5', 'b0dc68f2-66c6-423a-9401-150f6081ba6e', 'Concept 5 from Nutrition?', 'This is the definition and explanation of concept 5 for Nutrition.', '2026-03-03T07:19:07.296Z');
INSERT INTO decks (id, user_id, category_id, name, description, created_at) VALUES ('6d06a2c7-47c5-403d-a337-a1cf1344ee40', NULL, '6aee4790-2a89-4350-9f63-977821a13d87', 'Nutrition Mastery Vol 9', 'An essential study guide covering the core concepts of Nutrition.', '2026-03-03T07:19:07.296Z');
INSERT INTO cards (id, deck_id, front, back, created_at) VALUES ('205a4bf5-4765-4e60-8ed1-71af7da68d15', '6d06a2c7-47c5-403d-a337-a1cf1344ee40', 'Concept 1 from Nutrition?', 'This is the definition and explanation of concept 1 for Nutrition.', '2026-03-03T07:19:07.296Z');
INSERT INTO cards (id, deck_id, front, back, created_at) VALUES ('f4d4ccf8-9f45-455f-ad92-f8e39229cc47', '6d06a2c7-47c5-403d-a337-a1cf1344ee40', 'Concept 2 from Nutrition?', 'This is the definition and explanation of concept 2 for Nutrition.', '2026-03-03T07:19:07.296Z');
INSERT INTO cards (id, deck_id, front, back, created_at) VALUES ('baa6ca3e-24c6-4cd8-84ef-b15cf47ce99a', '6d06a2c7-47c5-403d-a337-a1cf1344ee40', 'Concept 3 from Nutrition?', 'This is the definition and explanation of concept 3 for Nutrition.', '2026-03-03T07:19:07.296Z');
INSERT INTO cards (id, deck_id, front, back, created_at) VALUES ('9e2efef6-9889-41b2-955d-7358d18abd42', '6d06a2c7-47c5-403d-a337-a1cf1344ee40', 'Concept 4 from Nutrition?', 'This is the definition and explanation of concept 4 for Nutrition.', '2026-03-03T07:19:07.296Z');
INSERT INTO cards (id, deck_id, front, back, created_at) VALUES ('261017e7-0635-4d72-b1cc-544d1223d472', '6d06a2c7-47c5-403d-a337-a1cf1344ee40', 'Concept 5 from Nutrition?', 'This is the definition and explanation of concept 5 for Nutrition.', '2026-03-03T07:19:07.296Z');
INSERT INTO decks (id, user_id, category_id, name, description, created_at) VALUES ('105ecca3-57a5-411d-b686-f0f0b7e6693d', NULL, '6aee4790-2a89-4350-9f63-977821a13d87', 'Nutrition Mastery Vol 10', 'An essential study guide covering the core concepts of Nutrition.', '2026-03-03T07:19:07.296Z');
INSERT INTO cards (id, deck_id, front, back, created_at) VALUES ('98832cd5-5fe4-4396-906f-249e5844208a', '105ecca3-57a5-411d-b686-f0f0b7e6693d', 'Concept 1 from Nutrition?', 'This is the definition and explanation of concept 1 for Nutrition.', '2026-03-03T07:19:07.296Z');
INSERT INTO cards (id, deck_id, front, back, created_at) VALUES ('0748897d-dfd8-468a-b6b0-552087058e5c', '105ecca3-57a5-411d-b686-f0f0b7e6693d', 'Concept 2 from Nutrition?', 'This is the definition and explanation of concept 2 for Nutrition.', '2026-03-03T07:19:07.296Z');
INSERT INTO cards (id, deck_id, front, back, created_at) VALUES ('f05f7076-ceb5-45e9-af34-7ae9ab9c0ded', '105ecca3-57a5-411d-b686-f0f0b7e6693d', 'Concept 3 from Nutrition?', 'This is the definition and explanation of concept 3 for Nutrition.', '2026-03-03T07:19:07.296Z');
INSERT INTO cards (id, deck_id, front, back, created_at) VALUES ('49eb0649-c3f7-4216-bc06-aecb2deb5fb1', '105ecca3-57a5-411d-b686-f0f0b7e6693d', 'Concept 4 from Nutrition?', 'This is the definition and explanation of concept 4 for Nutrition.', '2026-03-03T07:19:07.296Z');
INSERT INTO cards (id, deck_id, front, back, created_at) VALUES ('80bc3f62-9c84-4b79-acbf-10727af8a596', '105ecca3-57a5-411d-b686-f0f0b7e6693d', 'Concept 5 from Nutrition?', 'This is the definition and explanation of concept 5 for Nutrition.', '2026-03-03T07:19:07.296Z');
INSERT INTO categories (id, name, slug, icon, description, created_at) VALUES ('e9f7b0fd-7a7c-469d-bfde-a1ffafd63b03', 'Cooking', 'cooking', 'i-lucide-chef-hat', 'Culinary arts, techniques, and recipes.', '2026-03-03T07:19:07.296Z');
INSERT INTO decks (id, user_id, category_id, name, description, created_at) VALUES ('e0ca7cea-20ec-4a98-943d-9aff4fb99ae5', NULL, 'e9f7b0fd-7a7c-469d-bfde-a1ffafd63b03', 'Cooking Mastery Vol 1', 'An essential study guide covering the core concepts of Cooking.', '2026-03-03T07:19:07.296Z');
INSERT INTO cards (id, deck_id, front, back, created_at) VALUES ('54d8b8e8-8116-4412-947b-9e3718d14040', 'e0ca7cea-20ec-4a98-943d-9aff4fb99ae5', 'Concept 1 from Cooking?', 'This is the definition and explanation of concept 1 for Cooking.', '2026-03-03T07:19:07.296Z');
INSERT INTO cards (id, deck_id, front, back, created_at) VALUES ('3397201d-16de-4db4-b320-f63246f38360', 'e0ca7cea-20ec-4a98-943d-9aff4fb99ae5', 'Concept 2 from Cooking?', 'This is the definition and explanation of concept 2 for Cooking.', '2026-03-03T07:19:07.296Z');
INSERT INTO cards (id, deck_id, front, back, created_at) VALUES ('8ca685ae-2a56-4b38-8aff-9e8ac4b8eba8', 'e0ca7cea-20ec-4a98-943d-9aff4fb99ae5', 'Concept 3 from Cooking?', 'This is the definition and explanation of concept 3 for Cooking.', '2026-03-03T07:19:07.296Z');
INSERT INTO cards (id, deck_id, front, back, created_at) VALUES ('1807534c-7c95-4b4c-88b9-6c03c43c192f', 'e0ca7cea-20ec-4a98-943d-9aff4fb99ae5', 'Concept 4 from Cooking?', 'This is the definition and explanation of concept 4 for Cooking.', '2026-03-03T07:19:07.296Z');
INSERT INTO cards (id, deck_id, front, back, created_at) VALUES ('bce9da89-478c-47f4-acdf-59f0c5383498', 'e0ca7cea-20ec-4a98-943d-9aff4fb99ae5', 'Concept 5 from Cooking?', 'This is the definition and explanation of concept 5 for Cooking.', '2026-03-03T07:19:07.296Z');
INSERT INTO decks (id, user_id, category_id, name, description, created_at) VALUES ('0bd6b93d-2be0-4fbb-aef0-608fbc6a765a', NULL, 'e9f7b0fd-7a7c-469d-bfde-a1ffafd63b03', 'Cooking Mastery Vol 2', 'An essential study guide covering the core concepts of Cooking.', '2026-03-03T07:19:07.296Z');
INSERT INTO cards (id, deck_id, front, back, created_at) VALUES ('5ea9501f-8d59-4f53-8d57-75a1936202e7', '0bd6b93d-2be0-4fbb-aef0-608fbc6a765a', 'Concept 1 from Cooking?', 'This is the definition and explanation of concept 1 for Cooking.', '2026-03-03T07:19:07.296Z');
INSERT INTO cards (id, deck_id, front, back, created_at) VALUES ('778175bf-adde-425b-8d84-1ab3687b73ef', '0bd6b93d-2be0-4fbb-aef0-608fbc6a765a', 'Concept 2 from Cooking?', 'This is the definition and explanation of concept 2 for Cooking.', '2026-03-03T07:19:07.296Z');
INSERT INTO cards (id, deck_id, front, back, created_at) VALUES ('ccb812a7-716a-436e-89c6-e5678d58b351', '0bd6b93d-2be0-4fbb-aef0-608fbc6a765a', 'Concept 3 from Cooking?', 'This is the definition and explanation of concept 3 for Cooking.', '2026-03-03T07:19:07.296Z');
INSERT INTO cards (id, deck_id, front, back, created_at) VALUES ('b644b538-3237-464e-8bea-31a6326e9bc4', '0bd6b93d-2be0-4fbb-aef0-608fbc6a765a', 'Concept 4 from Cooking?', 'This is the definition and explanation of concept 4 for Cooking.', '2026-03-03T07:19:07.296Z');
INSERT INTO cards (id, deck_id, front, back, created_at) VALUES ('20fb79dc-15a9-4403-9683-282d1ac43145', '0bd6b93d-2be0-4fbb-aef0-608fbc6a765a', 'Concept 5 from Cooking?', 'This is the definition and explanation of concept 5 for Cooking.', '2026-03-03T07:19:07.296Z');
INSERT INTO decks (id, user_id, category_id, name, description, created_at) VALUES ('dd9639d6-7fe9-45b5-9d33-0310858d01cb', NULL, 'e9f7b0fd-7a7c-469d-bfde-a1ffafd63b03', 'Cooking Mastery Vol 3', 'An essential study guide covering the core concepts of Cooking.', '2026-03-03T07:19:07.296Z');
INSERT INTO cards (id, deck_id, front, back, created_at) VALUES ('09721fa5-6c1b-4ea7-94c5-a58706541748', 'dd9639d6-7fe9-45b5-9d33-0310858d01cb', 'Concept 1 from Cooking?', 'This is the definition and explanation of concept 1 for Cooking.', '2026-03-03T07:19:07.296Z');
INSERT INTO cards (id, deck_id, front, back, created_at) VALUES ('bb0c1429-6764-4cdf-a57e-50d44db523c3', 'dd9639d6-7fe9-45b5-9d33-0310858d01cb', 'Concept 2 from Cooking?', 'This is the definition and explanation of concept 2 for Cooking.', '2026-03-03T07:19:07.296Z');
INSERT INTO cards (id, deck_id, front, back, created_at) VALUES ('a8fd34d5-c96f-4d64-8dfc-9b69e3d931af', 'dd9639d6-7fe9-45b5-9d33-0310858d01cb', 'Concept 3 from Cooking?', 'This is the definition and explanation of concept 3 for Cooking.', '2026-03-03T07:19:07.296Z');
INSERT INTO cards (id, deck_id, front, back, created_at) VALUES ('c405d66d-cb25-48fc-b74f-59ec256ed7b2', 'dd9639d6-7fe9-45b5-9d33-0310858d01cb', 'Concept 4 from Cooking?', 'This is the definition and explanation of concept 4 for Cooking.', '2026-03-03T07:19:07.296Z');
INSERT INTO cards (id, deck_id, front, back, created_at) VALUES ('457a5e1b-b877-45e6-ba4e-c47ce6231866', 'dd9639d6-7fe9-45b5-9d33-0310858d01cb', 'Concept 5 from Cooking?', 'This is the definition and explanation of concept 5 for Cooking.', '2026-03-03T07:19:07.296Z');
INSERT INTO decks (id, user_id, category_id, name, description, created_at) VALUES ('154ce1b0-5db3-43e1-8502-592b103d0e53', NULL, 'e9f7b0fd-7a7c-469d-bfde-a1ffafd63b03', 'Cooking Mastery Vol 4', 'An essential study guide covering the core concepts of Cooking.', '2026-03-03T07:19:07.296Z');
INSERT INTO cards (id, deck_id, front, back, created_at) VALUES ('af333e6f-a4f1-4636-9a1a-b560d20d8956', '154ce1b0-5db3-43e1-8502-592b103d0e53', 'Concept 1 from Cooking?', 'This is the definition and explanation of concept 1 for Cooking.', '2026-03-03T07:19:07.296Z');
INSERT INTO cards (id, deck_id, front, back, created_at) VALUES ('44cc2f51-278d-4f33-bb16-0f42489cb6c0', '154ce1b0-5db3-43e1-8502-592b103d0e53', 'Concept 2 from Cooking?', 'This is the definition and explanation of concept 2 for Cooking.', '2026-03-03T07:19:07.296Z');
INSERT INTO cards (id, deck_id, front, back, created_at) VALUES ('60b4df25-7eb4-4a06-ad02-bbf7e538bc4a', '154ce1b0-5db3-43e1-8502-592b103d0e53', 'Concept 3 from Cooking?', 'This is the definition and explanation of concept 3 for Cooking.', '2026-03-03T07:19:07.296Z');
INSERT INTO cards (id, deck_id, front, back, created_at) VALUES ('08c6d0a3-06b1-4dc2-abe2-e16a0c74b945', '154ce1b0-5db3-43e1-8502-592b103d0e53', 'Concept 4 from Cooking?', 'This is the definition and explanation of concept 4 for Cooking.', '2026-03-03T07:19:07.296Z');
INSERT INTO cards (id, deck_id, front, back, created_at) VALUES ('08199d0a-6844-4cd7-9b8c-e33d4fdb57f0', '154ce1b0-5db3-43e1-8502-592b103d0e53', 'Concept 5 from Cooking?', 'This is the definition and explanation of concept 5 for Cooking.', '2026-03-03T07:19:07.296Z');
INSERT INTO decks (id, user_id, category_id, name, description, created_at) VALUES ('0347ac10-8d09-4061-a5c1-1ac33feb7ace', NULL, 'e9f7b0fd-7a7c-469d-bfde-a1ffafd63b03', 'Cooking Mastery Vol 5', 'An essential study guide covering the core concepts of Cooking.', '2026-03-03T07:19:07.296Z');
INSERT INTO cards (id, deck_id, front, back, created_at) VALUES ('8d398ef9-9fe3-45a4-a4de-a7b6d712e8b9', '0347ac10-8d09-4061-a5c1-1ac33feb7ace', 'Concept 1 from Cooking?', 'This is the definition and explanation of concept 1 for Cooking.', '2026-03-03T07:19:07.296Z');
INSERT INTO cards (id, deck_id, front, back, created_at) VALUES ('da6802ec-7dcd-4cbc-967f-64cf76b44164', '0347ac10-8d09-4061-a5c1-1ac33feb7ace', 'Concept 2 from Cooking?', 'This is the definition and explanation of concept 2 for Cooking.', '2026-03-03T07:19:07.296Z');
INSERT INTO cards (id, deck_id, front, back, created_at) VALUES ('f321ef6f-40d4-4172-b6ff-a7bb5ea3b65e', '0347ac10-8d09-4061-a5c1-1ac33feb7ace', 'Concept 3 from Cooking?', 'This is the definition and explanation of concept 3 for Cooking.', '2026-03-03T07:19:07.296Z');
INSERT INTO cards (id, deck_id, front, back, created_at) VALUES ('acb4b9cb-ac77-42f7-b291-1e925459c038', '0347ac10-8d09-4061-a5c1-1ac33feb7ace', 'Concept 4 from Cooking?', 'This is the definition and explanation of concept 4 for Cooking.', '2026-03-03T07:19:07.296Z');
INSERT INTO cards (id, deck_id, front, back, created_at) VALUES ('35f5e497-9c3a-4154-91dd-ca4e251df18b', '0347ac10-8d09-4061-a5c1-1ac33feb7ace', 'Concept 5 from Cooking?', 'This is the definition and explanation of concept 5 for Cooking.', '2026-03-03T07:19:07.296Z');
INSERT INTO decks (id, user_id, category_id, name, description, created_at) VALUES ('24afd997-5a48-4030-bf28-ef633b7c6b24', NULL, 'e9f7b0fd-7a7c-469d-bfde-a1ffafd63b03', 'Cooking Mastery Vol 6', 'An essential study guide covering the core concepts of Cooking.', '2026-03-03T07:19:07.296Z');
INSERT INTO cards (id, deck_id, front, back, created_at) VALUES ('dad8e1a3-4ce6-4be0-8248-be46f078f0c6', '24afd997-5a48-4030-bf28-ef633b7c6b24', 'Concept 1 from Cooking?', 'This is the definition and explanation of concept 1 for Cooking.', '2026-03-03T07:19:07.296Z');
INSERT INTO cards (id, deck_id, front, back, created_at) VALUES ('ab55b2ea-a21d-4101-babf-c88670bcae32', '24afd997-5a48-4030-bf28-ef633b7c6b24', 'Concept 2 from Cooking?', 'This is the definition and explanation of concept 2 for Cooking.', '2026-03-03T07:19:07.296Z');
INSERT INTO cards (id, deck_id, front, back, created_at) VALUES ('a7fbb096-f827-4489-ad3f-733c28954c1c', '24afd997-5a48-4030-bf28-ef633b7c6b24', 'Concept 3 from Cooking?', 'This is the definition and explanation of concept 3 for Cooking.', '2026-03-03T07:19:07.296Z');
INSERT INTO cards (id, deck_id, front, back, created_at) VALUES ('bc83e404-f79b-4777-aa7f-f0b305afef63', '24afd997-5a48-4030-bf28-ef633b7c6b24', 'Concept 4 from Cooking?', 'This is the definition and explanation of concept 4 for Cooking.', '2026-03-03T07:19:07.296Z');
INSERT INTO cards (id, deck_id, front, back, created_at) VALUES ('d2318d19-0293-404c-bcbd-998e1ad3cc7b', '24afd997-5a48-4030-bf28-ef633b7c6b24', 'Concept 5 from Cooking?', 'This is the definition and explanation of concept 5 for Cooking.', '2026-03-03T07:19:07.296Z');
INSERT INTO decks (id, user_id, category_id, name, description, created_at) VALUES ('2be0a831-732d-4d5e-a2e0-fc913b359349', NULL, 'e9f7b0fd-7a7c-469d-bfde-a1ffafd63b03', 'Cooking Mastery Vol 7', 'An essential study guide covering the core concepts of Cooking.', '2026-03-03T07:19:07.296Z');
INSERT INTO cards (id, deck_id, front, back, created_at) VALUES ('750cfaa0-f20c-4b11-8b90-c8b6cb1a91cd', '2be0a831-732d-4d5e-a2e0-fc913b359349', 'Concept 1 from Cooking?', 'This is the definition and explanation of concept 1 for Cooking.', '2026-03-03T07:19:07.296Z');
INSERT INTO cards (id, deck_id, front, back, created_at) VALUES ('eb3b9ec9-e365-4161-8d52-8fdc1145baa1', '2be0a831-732d-4d5e-a2e0-fc913b359349', 'Concept 2 from Cooking?', 'This is the definition and explanation of concept 2 for Cooking.', '2026-03-03T07:19:07.296Z');
INSERT INTO cards (id, deck_id, front, back, created_at) VALUES ('0651ab18-b226-46b4-8984-799d2b74f173', '2be0a831-732d-4d5e-a2e0-fc913b359349', 'Concept 3 from Cooking?', 'This is the definition and explanation of concept 3 for Cooking.', '2026-03-03T07:19:07.296Z');
INSERT INTO cards (id, deck_id, front, back, created_at) VALUES ('aa3e4c5d-5968-45b1-afb3-328d749943b4', '2be0a831-732d-4d5e-a2e0-fc913b359349', 'Concept 4 from Cooking?', 'This is the definition and explanation of concept 4 for Cooking.', '2026-03-03T07:19:07.296Z');
INSERT INTO cards (id, deck_id, front, back, created_at) VALUES ('4962943a-105d-4a86-abc6-ce85b88e85eb', '2be0a831-732d-4d5e-a2e0-fc913b359349', 'Concept 5 from Cooking?', 'This is the definition and explanation of concept 5 for Cooking.', '2026-03-03T07:19:07.296Z');
INSERT INTO decks (id, user_id, category_id, name, description, created_at) VALUES ('2d533f96-a399-4aab-9c82-3d37ce90dd85', NULL, 'e9f7b0fd-7a7c-469d-bfde-a1ffafd63b03', 'Cooking Mastery Vol 8', 'An essential study guide covering the core concepts of Cooking.', '2026-03-03T07:19:07.296Z');
INSERT INTO cards (id, deck_id, front, back, created_at) VALUES ('eb03606e-1cd5-490f-89cd-d42a23ad8c11', '2d533f96-a399-4aab-9c82-3d37ce90dd85', 'Concept 1 from Cooking?', 'This is the definition and explanation of concept 1 for Cooking.', '2026-03-03T07:19:07.296Z');
INSERT INTO cards (id, deck_id, front, back, created_at) VALUES ('fe1868f6-6d5d-4263-be85-2772b8539832', '2d533f96-a399-4aab-9c82-3d37ce90dd85', 'Concept 2 from Cooking?', 'This is the definition and explanation of concept 2 for Cooking.', '2026-03-03T07:19:07.296Z');
INSERT INTO cards (id, deck_id, front, back, created_at) VALUES ('853c994d-953b-4950-a0c9-5fb27ed0dd1a', '2d533f96-a399-4aab-9c82-3d37ce90dd85', 'Concept 3 from Cooking?', 'This is the definition and explanation of concept 3 for Cooking.', '2026-03-03T07:19:07.296Z');
INSERT INTO cards (id, deck_id, front, back, created_at) VALUES ('8978c330-de99-4a6b-af04-8a9bb06983fa', '2d533f96-a399-4aab-9c82-3d37ce90dd85', 'Concept 4 from Cooking?', 'This is the definition and explanation of concept 4 for Cooking.', '2026-03-03T07:19:07.296Z');
INSERT INTO cards (id, deck_id, front, back, created_at) VALUES ('25aa1589-8491-4518-8c03-f4f05fc08c7b', '2d533f96-a399-4aab-9c82-3d37ce90dd85', 'Concept 5 from Cooking?', 'This is the definition and explanation of concept 5 for Cooking.', '2026-03-03T07:19:07.296Z');
INSERT INTO decks (id, user_id, category_id, name, description, created_at) VALUES ('cbdf3f74-db03-4251-9eea-2bf73f47af89', NULL, 'e9f7b0fd-7a7c-469d-bfde-a1ffafd63b03', 'Cooking Mastery Vol 9', 'An essential study guide covering the core concepts of Cooking.', '2026-03-03T07:19:07.296Z');
INSERT INTO cards (id, deck_id, front, back, created_at) VALUES ('c0b3ed87-6573-4a0e-b544-b3d08b688085', 'cbdf3f74-db03-4251-9eea-2bf73f47af89', 'Concept 1 from Cooking?', 'This is the definition and explanation of concept 1 for Cooking.', '2026-03-03T07:19:07.296Z');
INSERT INTO cards (id, deck_id, front, back, created_at) VALUES ('af225a95-1877-4f10-8130-81d6e4d20665', 'cbdf3f74-db03-4251-9eea-2bf73f47af89', 'Concept 2 from Cooking?', 'This is the definition and explanation of concept 2 for Cooking.', '2026-03-03T07:19:07.296Z');
INSERT INTO cards (id, deck_id, front, back, created_at) VALUES ('894b9faf-0609-4065-a4c5-70a7f2ee78b3', 'cbdf3f74-db03-4251-9eea-2bf73f47af89', 'Concept 3 from Cooking?', 'This is the definition and explanation of concept 3 for Cooking.', '2026-03-03T07:19:07.296Z');
INSERT INTO cards (id, deck_id, front, back, created_at) VALUES ('8d0aa353-42d3-474b-919d-80ea2e266f26', 'cbdf3f74-db03-4251-9eea-2bf73f47af89', 'Concept 4 from Cooking?', 'This is the definition and explanation of concept 4 for Cooking.', '2026-03-03T07:19:07.296Z');
INSERT INTO cards (id, deck_id, front, back, created_at) VALUES ('b5f68de8-dbb0-42d7-9020-3b6f34658fc4', 'cbdf3f74-db03-4251-9eea-2bf73f47af89', 'Concept 5 from Cooking?', 'This is the definition and explanation of concept 5 for Cooking.', '2026-03-03T07:19:07.296Z');
INSERT INTO decks (id, user_id, category_id, name, description, created_at) VALUES ('3e02d2a8-24a8-4c19-925d-a0374f9d547b', NULL, 'e9f7b0fd-7a7c-469d-bfde-a1ffafd63b03', 'Cooking Mastery Vol 10', 'An essential study guide covering the core concepts of Cooking.', '2026-03-03T07:19:07.296Z');
INSERT INTO cards (id, deck_id, front, back, created_at) VALUES ('9721d4dc-13e8-47b7-80d8-fe7d3a925e78', '3e02d2a8-24a8-4c19-925d-a0374f9d547b', 'Concept 1 from Cooking?', 'This is the definition and explanation of concept 1 for Cooking.', '2026-03-03T07:19:07.296Z');
INSERT INTO cards (id, deck_id, front, back, created_at) VALUES ('c5d9895a-107f-42c1-a0cc-b6c45d59f450', '3e02d2a8-24a8-4c19-925d-a0374f9d547b', 'Concept 2 from Cooking?', 'This is the definition and explanation of concept 2 for Cooking.', '2026-03-03T07:19:07.296Z');
INSERT INTO cards (id, deck_id, front, back, created_at) VALUES ('ef2df563-255e-4101-b7cd-25afff6813cb', '3e02d2a8-24a8-4c19-925d-a0374f9d547b', 'Concept 3 from Cooking?', 'This is the definition and explanation of concept 3 for Cooking.', '2026-03-03T07:19:07.296Z');
INSERT INTO cards (id, deck_id, front, back, created_at) VALUES ('026fee8f-e0cf-45ec-a233-5d0a929417e0', '3e02d2a8-24a8-4c19-925d-a0374f9d547b', 'Concept 4 from Cooking?', 'This is the definition and explanation of concept 4 for Cooking.', '2026-03-03T07:19:07.296Z');
INSERT INTO cards (id, deck_id, front, back, created_at) VALUES ('7b3066d9-574c-4118-abe4-440f792ec3d8', '3e02d2a8-24a8-4c19-925d-a0374f9d547b', 'Concept 5 from Cooking?', 'This is the definition and explanation of concept 5 for Cooking.', '2026-03-03T07:19:07.296Z');
INSERT INTO categories (id, name, slug, icon, description, created_at) VALUES ('4a77a316-d988-4893-aca0-6823af86aa2e', 'Automotive', 'automotive', 'i-lucide-car', 'Car mechanics, maintenance, and history.', '2026-03-03T07:19:07.296Z');
INSERT INTO decks (id, user_id, category_id, name, description, created_at) VALUES ('20aeafbc-e6c8-4bf4-920c-b0bb86fca1e2', NULL, '4a77a316-d988-4893-aca0-6823af86aa2e', 'Automotive Mastery Vol 1', 'An essential study guide covering the core concepts of Automotive.', '2026-03-03T07:19:07.296Z');
INSERT INTO cards (id, deck_id, front, back, created_at) VALUES ('88d50898-8340-4d47-af21-7aec6144afb7', '20aeafbc-e6c8-4bf4-920c-b0bb86fca1e2', 'Concept 1 from Automotive?', 'This is the definition and explanation of concept 1 for Automotive.', '2026-03-03T07:19:07.296Z');
INSERT INTO cards (id, deck_id, front, back, created_at) VALUES ('a1cd0187-150f-4c4d-a7e6-89baf328918b', '20aeafbc-e6c8-4bf4-920c-b0bb86fca1e2', 'Concept 2 from Automotive?', 'This is the definition and explanation of concept 2 for Automotive.', '2026-03-03T07:19:07.296Z');
INSERT INTO cards (id, deck_id, front, back, created_at) VALUES ('598ae1e0-18e6-4bc0-8148-ec0bb9232a89', '20aeafbc-e6c8-4bf4-920c-b0bb86fca1e2', 'Concept 3 from Automotive?', 'This is the definition and explanation of concept 3 for Automotive.', '2026-03-03T07:19:07.296Z');
INSERT INTO cards (id, deck_id, front, back, created_at) VALUES ('3a1ac42d-dcac-4d52-a56a-a0f6d5ecf052', '20aeafbc-e6c8-4bf4-920c-b0bb86fca1e2', 'Concept 4 from Automotive?', 'This is the definition and explanation of concept 4 for Automotive.', '2026-03-03T07:19:07.296Z');
INSERT INTO cards (id, deck_id, front, back, created_at) VALUES ('a6d363c5-7a7d-4c9c-b325-e73903d3b901', '20aeafbc-e6c8-4bf4-920c-b0bb86fca1e2', 'Concept 5 from Automotive?', 'This is the definition and explanation of concept 5 for Automotive.', '2026-03-03T07:19:07.296Z');
INSERT INTO decks (id, user_id, category_id, name, description, created_at) VALUES ('63601d75-39d5-4e48-9e34-a60a3d00ef5f', NULL, '4a77a316-d988-4893-aca0-6823af86aa2e', 'Automotive Mastery Vol 2', 'An essential study guide covering the core concepts of Automotive.', '2026-03-03T07:19:07.296Z');
INSERT INTO cards (id, deck_id, front, back, created_at) VALUES ('5da9066e-86ad-4749-9416-136d08bd466f', '63601d75-39d5-4e48-9e34-a60a3d00ef5f', 'Concept 1 from Automotive?', 'This is the definition and explanation of concept 1 for Automotive.', '2026-03-03T07:19:07.296Z');
INSERT INTO cards (id, deck_id, front, back, created_at) VALUES ('7d5c9b6d-590d-4595-be54-66322481af7f', '63601d75-39d5-4e48-9e34-a60a3d00ef5f', 'Concept 2 from Automotive?', 'This is the definition and explanation of concept 2 for Automotive.', '2026-03-03T07:19:07.296Z');
INSERT INTO cards (id, deck_id, front, back, created_at) VALUES ('87164087-a896-43ba-bf34-ef3a3d184b26', '63601d75-39d5-4e48-9e34-a60a3d00ef5f', 'Concept 3 from Automotive?', 'This is the definition and explanation of concept 3 for Automotive.', '2026-03-03T07:19:07.296Z');
INSERT INTO cards (id, deck_id, front, back, created_at) VALUES ('49dd15bc-6126-486b-b8e4-0b78a4f7f6d4', '63601d75-39d5-4e48-9e34-a60a3d00ef5f', 'Concept 4 from Automotive?', 'This is the definition and explanation of concept 4 for Automotive.', '2026-03-03T07:19:07.296Z');
INSERT INTO cards (id, deck_id, front, back, created_at) VALUES ('b627d979-468e-47d8-a69c-8f9addefd92b', '63601d75-39d5-4e48-9e34-a60a3d00ef5f', 'Concept 5 from Automotive?', 'This is the definition and explanation of concept 5 for Automotive.', '2026-03-03T07:19:07.296Z');
INSERT INTO decks (id, user_id, category_id, name, description, created_at) VALUES ('2daf687c-4ce4-47fd-a67b-448e53c307bd', NULL, '4a77a316-d988-4893-aca0-6823af86aa2e', 'Automotive Mastery Vol 3', 'An essential study guide covering the core concepts of Automotive.', '2026-03-03T07:19:07.296Z');
INSERT INTO cards (id, deck_id, front, back, created_at) VALUES ('b44877c0-b78b-4ab7-9f39-a7ccc567fa30', '2daf687c-4ce4-47fd-a67b-448e53c307bd', 'Concept 1 from Automotive?', 'This is the definition and explanation of concept 1 for Automotive.', '2026-03-03T07:19:07.296Z');
INSERT INTO cards (id, deck_id, front, back, created_at) VALUES ('4f2bad6a-bb8f-49cf-85b5-d0e6f872d92b', '2daf687c-4ce4-47fd-a67b-448e53c307bd', 'Concept 2 from Automotive?', 'This is the definition and explanation of concept 2 for Automotive.', '2026-03-03T07:19:07.296Z');
INSERT INTO cards (id, deck_id, front, back, created_at) VALUES ('57aedeeb-424b-487c-b4f7-250be3ff6620', '2daf687c-4ce4-47fd-a67b-448e53c307bd', 'Concept 3 from Automotive?', 'This is the definition and explanation of concept 3 for Automotive.', '2026-03-03T07:19:07.296Z');
INSERT INTO cards (id, deck_id, front, back, created_at) VALUES ('d3ca1899-2f2b-4c00-9746-6382b1d47a0a', '2daf687c-4ce4-47fd-a67b-448e53c307bd', 'Concept 4 from Automotive?', 'This is the definition and explanation of concept 4 for Automotive.', '2026-03-03T07:19:07.296Z');
INSERT INTO cards (id, deck_id, front, back, created_at) VALUES ('1a872f49-fb1b-4938-86b3-575746c00234', '2daf687c-4ce4-47fd-a67b-448e53c307bd', 'Concept 5 from Automotive?', 'This is the definition and explanation of concept 5 for Automotive.', '2026-03-03T07:19:07.296Z');
INSERT INTO decks (id, user_id, category_id, name, description, created_at) VALUES ('d8483eb6-40d2-496b-adf2-7cb04415e3c0', NULL, '4a77a316-d988-4893-aca0-6823af86aa2e', 'Automotive Mastery Vol 4', 'An essential study guide covering the core concepts of Automotive.', '2026-03-03T07:19:07.296Z');
INSERT INTO cards (id, deck_id, front, back, created_at) VALUES ('c5d19113-5aab-4d0a-9a62-53157968ecff', 'd8483eb6-40d2-496b-adf2-7cb04415e3c0', 'Concept 1 from Automotive?', 'This is the definition and explanation of concept 1 for Automotive.', '2026-03-03T07:19:07.296Z');
INSERT INTO cards (id, deck_id, front, back, created_at) VALUES ('a0ca5288-6a0d-45bd-b90a-1db8a81b185e', 'd8483eb6-40d2-496b-adf2-7cb04415e3c0', 'Concept 2 from Automotive?', 'This is the definition and explanation of concept 2 for Automotive.', '2026-03-03T07:19:07.296Z');
INSERT INTO cards (id, deck_id, front, back, created_at) VALUES ('da885a68-6996-4675-8cc5-c55b837afb25', 'd8483eb6-40d2-496b-adf2-7cb04415e3c0', 'Concept 3 from Automotive?', 'This is the definition and explanation of concept 3 for Automotive.', '2026-03-03T07:19:07.296Z');
INSERT INTO cards (id, deck_id, front, back, created_at) VALUES ('e5f73acb-4628-43fd-ba5c-6469c329ced7', 'd8483eb6-40d2-496b-adf2-7cb04415e3c0', 'Concept 4 from Automotive?', 'This is the definition and explanation of concept 4 for Automotive.', '2026-03-03T07:19:07.296Z');
INSERT INTO cards (id, deck_id, front, back, created_at) VALUES ('7938bd04-7ad7-4edd-8c67-e92cf4096ebd', 'd8483eb6-40d2-496b-adf2-7cb04415e3c0', 'Concept 5 from Automotive?', 'This is the definition and explanation of concept 5 for Automotive.', '2026-03-03T07:19:07.296Z');
INSERT INTO decks (id, user_id, category_id, name, description, created_at) VALUES ('3a86eedd-6f29-45c0-8233-f9c9a0d28796', NULL, '4a77a316-d988-4893-aca0-6823af86aa2e', 'Automotive Mastery Vol 5', 'An essential study guide covering the core concepts of Automotive.', '2026-03-03T07:19:07.296Z');
INSERT INTO cards (id, deck_id, front, back, created_at) VALUES ('c7476a83-b8ce-49dd-b46c-e20b5c290725', '3a86eedd-6f29-45c0-8233-f9c9a0d28796', 'Concept 1 from Automotive?', 'This is the definition and explanation of concept 1 for Automotive.', '2026-03-03T07:19:07.296Z');
INSERT INTO cards (id, deck_id, front, back, created_at) VALUES ('70cc94bd-ad83-41ec-b21e-33b9f83cb21a', '3a86eedd-6f29-45c0-8233-f9c9a0d28796', 'Concept 2 from Automotive?', 'This is the definition and explanation of concept 2 for Automotive.', '2026-03-03T07:19:07.296Z');
INSERT INTO cards (id, deck_id, front, back, created_at) VALUES ('038c778c-9ba1-48fc-b723-d41fe2eb506d', '3a86eedd-6f29-45c0-8233-f9c9a0d28796', 'Concept 3 from Automotive?', 'This is the definition and explanation of concept 3 for Automotive.', '2026-03-03T07:19:07.296Z');
INSERT INTO cards (id, deck_id, front, back, created_at) VALUES ('3b32a522-bc83-48d2-a3f4-5b63012041f8', '3a86eedd-6f29-45c0-8233-f9c9a0d28796', 'Concept 4 from Automotive?', 'This is the definition and explanation of concept 4 for Automotive.', '2026-03-03T07:19:07.296Z');
INSERT INTO cards (id, deck_id, front, back, created_at) VALUES ('3f3c35c6-d4c7-4d94-a719-84763ebcb294', '3a86eedd-6f29-45c0-8233-f9c9a0d28796', 'Concept 5 from Automotive?', 'This is the definition and explanation of concept 5 for Automotive.', '2026-03-03T07:19:07.296Z');
INSERT INTO decks (id, user_id, category_id, name, description, created_at) VALUES ('5e09333a-7af8-4e3c-a87a-633db13e8371', NULL, '4a77a316-d988-4893-aca0-6823af86aa2e', 'Automotive Mastery Vol 6', 'An essential study guide covering the core concepts of Automotive.', '2026-03-03T07:19:07.296Z');
INSERT INTO cards (id, deck_id, front, back, created_at) VALUES ('27add718-3d68-455d-a4c2-85017ad717a8', '5e09333a-7af8-4e3c-a87a-633db13e8371', 'Concept 1 from Automotive?', 'This is the definition and explanation of concept 1 for Automotive.', '2026-03-03T07:19:07.296Z');
INSERT INTO cards (id, deck_id, front, back, created_at) VALUES ('8a7016ab-594b-4baa-9fb0-bd0724c7a475', '5e09333a-7af8-4e3c-a87a-633db13e8371', 'Concept 2 from Automotive?', 'This is the definition and explanation of concept 2 for Automotive.', '2026-03-03T07:19:07.296Z');
INSERT INTO cards (id, deck_id, front, back, created_at) VALUES ('737615f8-af39-4a81-aa22-d8a4acf33441', '5e09333a-7af8-4e3c-a87a-633db13e8371', 'Concept 3 from Automotive?', 'This is the definition and explanation of concept 3 for Automotive.', '2026-03-03T07:19:07.296Z');
INSERT INTO cards (id, deck_id, front, back, created_at) VALUES ('d23a715b-836a-42c0-aaad-99fbc41a310a', '5e09333a-7af8-4e3c-a87a-633db13e8371', 'Concept 4 from Automotive?', 'This is the definition and explanation of concept 4 for Automotive.', '2026-03-03T07:19:07.296Z');
INSERT INTO cards (id, deck_id, front, back, created_at) VALUES ('5bbe36ad-cd0c-4a34-84be-2b20e3dbf669', '5e09333a-7af8-4e3c-a87a-633db13e8371', 'Concept 5 from Automotive?', 'This is the definition and explanation of concept 5 for Automotive.', '2026-03-03T07:19:07.296Z');
INSERT INTO decks (id, user_id, category_id, name, description, created_at) VALUES ('e1324fb8-bd72-4ca6-af3b-9e37bad0ccf3', NULL, '4a77a316-d988-4893-aca0-6823af86aa2e', 'Automotive Mastery Vol 7', 'An essential study guide covering the core concepts of Automotive.', '2026-03-03T07:19:07.296Z');
INSERT INTO cards (id, deck_id, front, back, created_at) VALUES ('c062f7c6-c854-4feb-b7a1-dbe4a062ce8f', 'e1324fb8-bd72-4ca6-af3b-9e37bad0ccf3', 'Concept 1 from Automotive?', 'This is the definition and explanation of concept 1 for Automotive.', '2026-03-03T07:19:07.296Z');
INSERT INTO cards (id, deck_id, front, back, created_at) VALUES ('2b8cedae-2559-41d1-af0b-a9bf22ce9d74', 'e1324fb8-bd72-4ca6-af3b-9e37bad0ccf3', 'Concept 2 from Automotive?', 'This is the definition and explanation of concept 2 for Automotive.', '2026-03-03T07:19:07.296Z');
INSERT INTO cards (id, deck_id, front, back, created_at) VALUES ('b3743fab-739e-44e0-85c2-a423ae88da40', 'e1324fb8-bd72-4ca6-af3b-9e37bad0ccf3', 'Concept 3 from Automotive?', 'This is the definition and explanation of concept 3 for Automotive.', '2026-03-03T07:19:07.296Z');
INSERT INTO cards (id, deck_id, front, back, created_at) VALUES ('423c3315-c250-4b3b-b090-fa38a94ba5d3', 'e1324fb8-bd72-4ca6-af3b-9e37bad0ccf3', 'Concept 4 from Automotive?', 'This is the definition and explanation of concept 4 for Automotive.', '2026-03-03T07:19:07.296Z');
INSERT INTO cards (id, deck_id, front, back, created_at) VALUES ('8ce86342-d845-4b5e-b562-37fdde32c560', 'e1324fb8-bd72-4ca6-af3b-9e37bad0ccf3', 'Concept 5 from Automotive?', 'This is the definition and explanation of concept 5 for Automotive.', '2026-03-03T07:19:07.296Z');
INSERT INTO decks (id, user_id, category_id, name, description, created_at) VALUES ('971c92d5-9519-4b23-82e7-033701570634', NULL, '4a77a316-d988-4893-aca0-6823af86aa2e', 'Automotive Mastery Vol 8', 'An essential study guide covering the core concepts of Automotive.', '2026-03-03T07:19:07.296Z');
INSERT INTO cards (id, deck_id, front, back, created_at) VALUES ('5b72c9fd-58d8-49b2-ab4a-71396fb162b7', '971c92d5-9519-4b23-82e7-033701570634', 'Concept 1 from Automotive?', 'This is the definition and explanation of concept 1 for Automotive.', '2026-03-03T07:19:07.296Z');
INSERT INTO cards (id, deck_id, front, back, created_at) VALUES ('685b8d76-704d-4b88-96eb-1cd215d6bec6', '971c92d5-9519-4b23-82e7-033701570634', 'Concept 2 from Automotive?', 'This is the definition and explanation of concept 2 for Automotive.', '2026-03-03T07:19:07.296Z');
INSERT INTO cards (id, deck_id, front, back, created_at) VALUES ('3c037b51-c128-471b-9990-83164704d8e3', '971c92d5-9519-4b23-82e7-033701570634', 'Concept 3 from Automotive?', 'This is the definition and explanation of concept 3 for Automotive.', '2026-03-03T07:19:07.296Z');
INSERT INTO cards (id, deck_id, front, back, created_at) VALUES ('038761cf-0e43-4fc5-b0bf-98f54ceaf699', '971c92d5-9519-4b23-82e7-033701570634', 'Concept 4 from Automotive?', 'This is the definition and explanation of concept 4 for Automotive.', '2026-03-03T07:19:07.296Z');
INSERT INTO cards (id, deck_id, front, back, created_at) VALUES ('571939f6-2583-4733-9b85-110c1d190277', '971c92d5-9519-4b23-82e7-033701570634', 'Concept 5 from Automotive?', 'This is the definition and explanation of concept 5 for Automotive.', '2026-03-03T07:19:07.296Z');
INSERT INTO decks (id, user_id, category_id, name, description, created_at) VALUES ('f5cf3a39-4ef0-4a1b-a432-c8a42898e1c0', NULL, '4a77a316-d988-4893-aca0-6823af86aa2e', 'Automotive Mastery Vol 9', 'An essential study guide covering the core concepts of Automotive.', '2026-03-03T07:19:07.296Z');
INSERT INTO cards (id, deck_id, front, back, created_at) VALUES ('5e8262ee-e726-4f78-9bfa-9a84eeeb9673', 'f5cf3a39-4ef0-4a1b-a432-c8a42898e1c0', 'Concept 1 from Automotive?', 'This is the definition and explanation of concept 1 for Automotive.', '2026-03-03T07:19:07.296Z');
INSERT INTO cards (id, deck_id, front, back, created_at) VALUES ('bc3b7603-3eed-417b-af71-9b85bb875c3b', 'f5cf3a39-4ef0-4a1b-a432-c8a42898e1c0', 'Concept 2 from Automotive?', 'This is the definition and explanation of concept 2 for Automotive.', '2026-03-03T07:19:07.296Z');
INSERT INTO cards (id, deck_id, front, back, created_at) VALUES ('2b11c86a-5057-4b4a-a32e-0dc61d69f3db', 'f5cf3a39-4ef0-4a1b-a432-c8a42898e1c0', 'Concept 3 from Automotive?', 'This is the definition and explanation of concept 3 for Automotive.', '2026-03-03T07:19:07.296Z');
INSERT INTO cards (id, deck_id, front, back, created_at) VALUES ('554b86c0-215c-4b72-9966-b74732c1a31a', 'f5cf3a39-4ef0-4a1b-a432-c8a42898e1c0', 'Concept 4 from Automotive?', 'This is the definition and explanation of concept 4 for Automotive.', '2026-03-03T07:19:07.296Z');
INSERT INTO cards (id, deck_id, front, back, created_at) VALUES ('1bc3b9b6-aafa-4ae1-a4fc-5d77e46a0af0', 'f5cf3a39-4ef0-4a1b-a432-c8a42898e1c0', 'Concept 5 from Automotive?', 'This is the definition and explanation of concept 5 for Automotive.', '2026-03-03T07:19:07.296Z');
INSERT INTO decks (id, user_id, category_id, name, description, created_at) VALUES ('ad193efe-15a3-4e2a-ab54-153d18844222', NULL, '4a77a316-d988-4893-aca0-6823af86aa2e', 'Automotive Mastery Vol 10', 'An essential study guide covering the core concepts of Automotive.', '2026-03-03T07:19:07.296Z');
INSERT INTO cards (id, deck_id, front, back, created_at) VALUES ('f3a61e7d-de42-4e9f-99cf-69fc954764a8', 'ad193efe-15a3-4e2a-ab54-153d18844222', 'Concept 1 from Automotive?', 'This is the definition and explanation of concept 1 for Automotive.', '2026-03-03T07:19:07.296Z');
INSERT INTO cards (id, deck_id, front, back, created_at) VALUES ('76f3a8c9-8f1a-4b41-8b18-119ade68733e', 'ad193efe-15a3-4e2a-ab54-153d18844222', 'Concept 2 from Automotive?', 'This is the definition and explanation of concept 2 for Automotive.', '2026-03-03T07:19:07.296Z');
INSERT INTO cards (id, deck_id, front, back, created_at) VALUES ('495008a7-7133-4080-bae9-89977cbb54d0', 'ad193efe-15a3-4e2a-ab54-153d18844222', 'Concept 3 from Automotive?', 'This is the definition and explanation of concept 3 for Automotive.', '2026-03-03T07:19:07.296Z');
INSERT INTO cards (id, deck_id, front, back, created_at) VALUES ('99843bc8-2608-45b9-a6e8-3e02d18db672', 'ad193efe-15a3-4e2a-ab54-153d18844222', 'Concept 4 from Automotive?', 'This is the definition and explanation of concept 4 for Automotive.', '2026-03-03T07:19:07.296Z');
INSERT INTO cards (id, deck_id, front, back, created_at) VALUES ('e629fd30-dbb8-4c76-9bab-61e03c6266d7', 'ad193efe-15a3-4e2a-ab54-153d18844222', 'Concept 5 from Automotive?', 'This is the definition and explanation of concept 5 for Automotive.', '2026-03-03T07:19:07.296Z');
INSERT INTO categories (id, name, slug, icon, description, created_at) VALUES ('2fc5aba3-439a-46bc-8d6f-2577cf566d0b', 'Aviation', 'aviation', 'i-lucide-plane', 'Flight principles, aircraft, and regulations.', '2026-03-03T07:19:07.296Z');
INSERT INTO decks (id, user_id, category_id, name, description, created_at) VALUES ('edab73f3-8e27-4169-b35c-5306de8b9be2', NULL, '2fc5aba3-439a-46bc-8d6f-2577cf566d0b', 'Aviation Mastery Vol 1', 'An essential study guide covering the core concepts of Aviation.', '2026-03-03T07:19:07.296Z');
INSERT INTO cards (id, deck_id, front, back, created_at) VALUES ('d140ba47-dc56-4346-abf6-e62d44c90c88', 'edab73f3-8e27-4169-b35c-5306de8b9be2', 'Concept 1 from Aviation?', 'This is the definition and explanation of concept 1 for Aviation.', '2026-03-03T07:19:07.296Z');
INSERT INTO cards (id, deck_id, front, back, created_at) VALUES ('b2bec200-9442-40a8-a243-0c440dd067a9', 'edab73f3-8e27-4169-b35c-5306de8b9be2', 'Concept 2 from Aviation?', 'This is the definition and explanation of concept 2 for Aviation.', '2026-03-03T07:19:07.296Z');
INSERT INTO cards (id, deck_id, front, back, created_at) VALUES ('8b48f4d6-d6d2-4654-aede-56d685d10b63', 'edab73f3-8e27-4169-b35c-5306de8b9be2', 'Concept 3 from Aviation?', 'This is the definition and explanation of concept 3 for Aviation.', '2026-03-03T07:19:07.296Z');
INSERT INTO cards (id, deck_id, front, back, created_at) VALUES ('55c1ae98-c52c-4c84-a876-e5be5d56b19a', 'edab73f3-8e27-4169-b35c-5306de8b9be2', 'Concept 4 from Aviation?', 'This is the definition and explanation of concept 4 for Aviation.', '2026-03-03T07:19:07.296Z');
INSERT INTO cards (id, deck_id, front, back, created_at) VALUES ('9e288ff4-b758-4a62-ac3e-c47bdbd79bea', 'edab73f3-8e27-4169-b35c-5306de8b9be2', 'Concept 5 from Aviation?', 'This is the definition and explanation of concept 5 for Aviation.', '2026-03-03T07:19:07.296Z');
INSERT INTO decks (id, user_id, category_id, name, description, created_at) VALUES ('05fe7c85-94f7-4a98-acf2-54397decb157', NULL, '2fc5aba3-439a-46bc-8d6f-2577cf566d0b', 'Aviation Mastery Vol 2', 'An essential study guide covering the core concepts of Aviation.', '2026-03-03T07:19:07.296Z');
INSERT INTO cards (id, deck_id, front, back, created_at) VALUES ('76279c6c-2043-4279-8f39-d0e9bac4289c', '05fe7c85-94f7-4a98-acf2-54397decb157', 'Concept 1 from Aviation?', 'This is the definition and explanation of concept 1 for Aviation.', '2026-03-03T07:19:07.296Z');
INSERT INTO cards (id, deck_id, front, back, created_at) VALUES ('26d65eba-5b44-4a19-af9b-07a6ee26c2a5', '05fe7c85-94f7-4a98-acf2-54397decb157', 'Concept 2 from Aviation?', 'This is the definition and explanation of concept 2 for Aviation.', '2026-03-03T07:19:07.296Z');
INSERT INTO cards (id, deck_id, front, back, created_at) VALUES ('dfa53601-553e-40f0-a9c9-67f6b6d416db', '05fe7c85-94f7-4a98-acf2-54397decb157', 'Concept 3 from Aviation?', 'This is the definition and explanation of concept 3 for Aviation.', '2026-03-03T07:19:07.296Z');
INSERT INTO cards (id, deck_id, front, back, created_at) VALUES ('40289e5b-9cab-41cd-9a35-2636f049cf82', '05fe7c85-94f7-4a98-acf2-54397decb157', 'Concept 4 from Aviation?', 'This is the definition and explanation of concept 4 for Aviation.', '2026-03-03T07:19:07.296Z');
INSERT INTO cards (id, deck_id, front, back, created_at) VALUES ('40d5eb1e-7219-44d0-9641-ff12ba3e8d4d', '05fe7c85-94f7-4a98-acf2-54397decb157', 'Concept 5 from Aviation?', 'This is the definition and explanation of concept 5 for Aviation.', '2026-03-03T07:19:07.296Z');
INSERT INTO decks (id, user_id, category_id, name, description, created_at) VALUES ('601d757a-03d8-407e-8a60-cc0370fd2d55', NULL, '2fc5aba3-439a-46bc-8d6f-2577cf566d0b', 'Aviation Mastery Vol 3', 'An essential study guide covering the core concepts of Aviation.', '2026-03-03T07:19:07.296Z');
INSERT INTO cards (id, deck_id, front, back, created_at) VALUES ('139d612d-f0b0-496f-bf8c-52031e847a89', '601d757a-03d8-407e-8a60-cc0370fd2d55', 'Concept 1 from Aviation?', 'This is the definition and explanation of concept 1 for Aviation.', '2026-03-03T07:19:07.296Z');
INSERT INTO cards (id, deck_id, front, back, created_at) VALUES ('62119fa4-6221-4368-acc5-95edc7956cdd', '601d757a-03d8-407e-8a60-cc0370fd2d55', 'Concept 2 from Aviation?', 'This is the definition and explanation of concept 2 for Aviation.', '2026-03-03T07:19:07.296Z');
INSERT INTO cards (id, deck_id, front, back, created_at) VALUES ('4b2cf9f6-904f-4fd5-93e4-68c515a0f69e', '601d757a-03d8-407e-8a60-cc0370fd2d55', 'Concept 3 from Aviation?', 'This is the definition and explanation of concept 3 for Aviation.', '2026-03-03T07:19:07.296Z');
INSERT INTO cards (id, deck_id, front, back, created_at) VALUES ('ae933f6f-eff8-4900-8c1e-07e5d9a35e79', '601d757a-03d8-407e-8a60-cc0370fd2d55', 'Concept 4 from Aviation?', 'This is the definition and explanation of concept 4 for Aviation.', '2026-03-03T07:19:07.296Z');
INSERT INTO cards (id, deck_id, front, back, created_at) VALUES ('44d671a3-80b3-4272-b300-32fb9685bc2d', '601d757a-03d8-407e-8a60-cc0370fd2d55', 'Concept 5 from Aviation?', 'This is the definition and explanation of concept 5 for Aviation.', '2026-03-03T07:19:07.296Z');
INSERT INTO decks (id, user_id, category_id, name, description, created_at) VALUES ('49ac4b34-4158-4ed6-b59f-58ba240611bf', NULL, '2fc5aba3-439a-46bc-8d6f-2577cf566d0b', 'Aviation Mastery Vol 4', 'An essential study guide covering the core concepts of Aviation.', '2026-03-03T07:19:07.296Z');
INSERT INTO cards (id, deck_id, front, back, created_at) VALUES ('31e662e0-ecbf-478f-aedc-1184118d80f2', '49ac4b34-4158-4ed6-b59f-58ba240611bf', 'Concept 1 from Aviation?', 'This is the definition and explanation of concept 1 for Aviation.', '2026-03-03T07:19:07.296Z');
INSERT INTO cards (id, deck_id, front, back, created_at) VALUES ('84a3b52f-f80e-4098-9b9c-06aa475a7a28', '49ac4b34-4158-4ed6-b59f-58ba240611bf', 'Concept 2 from Aviation?', 'This is the definition and explanation of concept 2 for Aviation.', '2026-03-03T07:19:07.296Z');
INSERT INTO cards (id, deck_id, front, back, created_at) VALUES ('4141b04f-db2d-4633-ad7c-9a75ff0a20f9', '49ac4b34-4158-4ed6-b59f-58ba240611bf', 'Concept 3 from Aviation?', 'This is the definition and explanation of concept 3 for Aviation.', '2026-03-03T07:19:07.296Z');
INSERT INTO cards (id, deck_id, front, back, created_at) VALUES ('05f17159-25bc-4912-be31-becc4c405ee0', '49ac4b34-4158-4ed6-b59f-58ba240611bf', 'Concept 4 from Aviation?', 'This is the definition and explanation of concept 4 for Aviation.', '2026-03-03T07:19:07.296Z');
INSERT INTO cards (id, deck_id, front, back, created_at) VALUES ('10dad62a-0ebe-4836-873c-2d4570bd3cb5', '49ac4b34-4158-4ed6-b59f-58ba240611bf', 'Concept 5 from Aviation?', 'This is the definition and explanation of concept 5 for Aviation.', '2026-03-03T07:19:07.296Z');
INSERT INTO decks (id, user_id, category_id, name, description, created_at) VALUES ('568d21b1-2aa7-40dd-be30-c8a9d5e69a2d', NULL, '2fc5aba3-439a-46bc-8d6f-2577cf566d0b', 'Aviation Mastery Vol 5', 'An essential study guide covering the core concepts of Aviation.', '2026-03-03T07:19:07.296Z');
INSERT INTO cards (id, deck_id, front, back, created_at) VALUES ('f5ab2305-9b00-40e4-8f3a-c5b3b8b27f19', '568d21b1-2aa7-40dd-be30-c8a9d5e69a2d', 'Concept 1 from Aviation?', 'This is the definition and explanation of concept 1 for Aviation.', '2026-03-03T07:19:07.296Z');
INSERT INTO cards (id, deck_id, front, back, created_at) VALUES ('fd3d8994-684f-4817-8d63-7c17c52706d2', '568d21b1-2aa7-40dd-be30-c8a9d5e69a2d', 'Concept 2 from Aviation?', 'This is the definition and explanation of concept 2 for Aviation.', '2026-03-03T07:19:07.296Z');
INSERT INTO cards (id, deck_id, front, back, created_at) VALUES ('4f8dda39-ab01-4883-8790-ac12cdfcc79a', '568d21b1-2aa7-40dd-be30-c8a9d5e69a2d', 'Concept 3 from Aviation?', 'This is the definition and explanation of concept 3 for Aviation.', '2026-03-03T07:19:07.296Z');
INSERT INTO cards (id, deck_id, front, back, created_at) VALUES ('64bbc858-f125-4493-bb38-2da4c05e1bbf', '568d21b1-2aa7-40dd-be30-c8a9d5e69a2d', 'Concept 4 from Aviation?', 'This is the definition and explanation of concept 4 for Aviation.', '2026-03-03T07:19:07.296Z');
INSERT INTO cards (id, deck_id, front, back, created_at) VALUES ('46c676d2-9ff1-47c2-a492-c60ff3750d76', '568d21b1-2aa7-40dd-be30-c8a9d5e69a2d', 'Concept 5 from Aviation?', 'This is the definition and explanation of concept 5 for Aviation.', '2026-03-03T07:19:07.296Z');
INSERT INTO decks (id, user_id, category_id, name, description, created_at) VALUES ('f89e3ce8-1abb-4eb3-badb-3ba29f42ee69', NULL, '2fc5aba3-439a-46bc-8d6f-2577cf566d0b', 'Aviation Mastery Vol 6', 'An essential study guide covering the core concepts of Aviation.', '2026-03-03T07:19:07.296Z');
INSERT INTO cards (id, deck_id, front, back, created_at) VALUES ('10651d30-bfaf-47fb-a1ee-e5e79244e03f', 'f89e3ce8-1abb-4eb3-badb-3ba29f42ee69', 'Concept 1 from Aviation?', 'This is the definition and explanation of concept 1 for Aviation.', '2026-03-03T07:19:07.296Z');
INSERT INTO cards (id, deck_id, front, back, created_at) VALUES ('f9108d4c-5b23-45f7-9961-bd99e7faa7a4', 'f89e3ce8-1abb-4eb3-badb-3ba29f42ee69', 'Concept 2 from Aviation?', 'This is the definition and explanation of concept 2 for Aviation.', '2026-03-03T07:19:07.296Z');
INSERT INTO cards (id, deck_id, front, back, created_at) VALUES ('5363eb3a-9253-41ea-93ad-8acc087fce17', 'f89e3ce8-1abb-4eb3-badb-3ba29f42ee69', 'Concept 3 from Aviation?', 'This is the definition and explanation of concept 3 for Aviation.', '2026-03-03T07:19:07.296Z');
INSERT INTO cards (id, deck_id, front, back, created_at) VALUES ('e6294f69-68e6-4d88-bbc6-da72c3fbbc39', 'f89e3ce8-1abb-4eb3-badb-3ba29f42ee69', 'Concept 4 from Aviation?', 'This is the definition and explanation of concept 4 for Aviation.', '2026-03-03T07:19:07.296Z');
INSERT INTO cards (id, deck_id, front, back, created_at) VALUES ('ee5c4967-430f-4fb6-8361-bab0d2b49b0e', 'f89e3ce8-1abb-4eb3-badb-3ba29f42ee69', 'Concept 5 from Aviation?', 'This is the definition and explanation of concept 5 for Aviation.', '2026-03-03T07:19:07.296Z');
INSERT INTO decks (id, user_id, category_id, name, description, created_at) VALUES ('e88fa4c9-5373-4cce-a0ac-1aacbd51ab5b', NULL, '2fc5aba3-439a-46bc-8d6f-2577cf566d0b', 'Aviation Mastery Vol 7', 'An essential study guide covering the core concepts of Aviation.', '2026-03-03T07:19:07.296Z');
INSERT INTO cards (id, deck_id, front, back, created_at) VALUES ('897939c0-b633-4112-918c-2d7e96dd218a', 'e88fa4c9-5373-4cce-a0ac-1aacbd51ab5b', 'Concept 1 from Aviation?', 'This is the definition and explanation of concept 1 for Aviation.', '2026-03-03T07:19:07.296Z');
INSERT INTO cards (id, deck_id, front, back, created_at) VALUES ('ecf97893-1668-4797-83f9-c203b637df40', 'e88fa4c9-5373-4cce-a0ac-1aacbd51ab5b', 'Concept 2 from Aviation?', 'This is the definition and explanation of concept 2 for Aviation.', '2026-03-03T07:19:07.296Z');
INSERT INTO cards (id, deck_id, front, back, created_at) VALUES ('2c496e7b-cdd9-4640-9c34-0ced0f73c580', 'e88fa4c9-5373-4cce-a0ac-1aacbd51ab5b', 'Concept 3 from Aviation?', 'This is the definition and explanation of concept 3 for Aviation.', '2026-03-03T07:19:07.296Z');
INSERT INTO cards (id, deck_id, front, back, created_at) VALUES ('cb436f0d-d672-4ab8-87a5-9ea2c33769ba', 'e88fa4c9-5373-4cce-a0ac-1aacbd51ab5b', 'Concept 4 from Aviation?', 'This is the definition and explanation of concept 4 for Aviation.', '2026-03-03T07:19:07.296Z');
INSERT INTO cards (id, deck_id, front, back, created_at) VALUES ('de188e6d-0b5d-4e45-9f3f-c46dafe2b14c', 'e88fa4c9-5373-4cce-a0ac-1aacbd51ab5b', 'Concept 5 from Aviation?', 'This is the definition and explanation of concept 5 for Aviation.', '2026-03-03T07:19:07.296Z');
INSERT INTO decks (id, user_id, category_id, name, description, created_at) VALUES ('860c0e6f-1ae0-40d6-b887-cc8838431c8d', NULL, '2fc5aba3-439a-46bc-8d6f-2577cf566d0b', 'Aviation Mastery Vol 8', 'An essential study guide covering the core concepts of Aviation.', '2026-03-03T07:19:07.296Z');
INSERT INTO cards (id, deck_id, front, back, created_at) VALUES ('6b870b41-9be1-41a4-97fe-fe5633549cd4', '860c0e6f-1ae0-40d6-b887-cc8838431c8d', 'Concept 1 from Aviation?', 'This is the definition and explanation of concept 1 for Aviation.', '2026-03-03T07:19:07.296Z');
INSERT INTO cards (id, deck_id, front, back, created_at) VALUES ('b810cb28-9a0a-482c-b398-81467a81be79', '860c0e6f-1ae0-40d6-b887-cc8838431c8d', 'Concept 2 from Aviation?', 'This is the definition and explanation of concept 2 for Aviation.', '2026-03-03T07:19:07.296Z');
INSERT INTO cards (id, deck_id, front, back, created_at) VALUES ('eb4f953a-6c6f-4a1c-b559-458cfecb280b', '860c0e6f-1ae0-40d6-b887-cc8838431c8d', 'Concept 3 from Aviation?', 'This is the definition and explanation of concept 3 for Aviation.', '2026-03-03T07:19:07.296Z');
INSERT INTO cards (id, deck_id, front, back, created_at) VALUES ('808cb0c5-56aa-4c04-945a-44f0ebfb1d95', '860c0e6f-1ae0-40d6-b887-cc8838431c8d', 'Concept 4 from Aviation?', 'This is the definition and explanation of concept 4 for Aviation.', '2026-03-03T07:19:07.296Z');
INSERT INTO cards (id, deck_id, front, back, created_at) VALUES ('a55f614a-e73d-45b4-986d-c4e6c74d691a', '860c0e6f-1ae0-40d6-b887-cc8838431c8d', 'Concept 5 from Aviation?', 'This is the definition and explanation of concept 5 for Aviation.', '2026-03-03T07:19:07.296Z');
INSERT INTO decks (id, user_id, category_id, name, description, created_at) VALUES ('b6932a78-aaf7-4e67-84fe-f3a350bbf048', NULL, '2fc5aba3-439a-46bc-8d6f-2577cf566d0b', 'Aviation Mastery Vol 9', 'An essential study guide covering the core concepts of Aviation.', '2026-03-03T07:19:07.296Z');
INSERT INTO cards (id, deck_id, front, back, created_at) VALUES ('a069fe5b-5ef8-4764-a331-8f1f8ca9e713', 'b6932a78-aaf7-4e67-84fe-f3a350bbf048', 'Concept 1 from Aviation?', 'This is the definition and explanation of concept 1 for Aviation.', '2026-03-03T07:19:07.296Z');
INSERT INTO cards (id, deck_id, front, back, created_at) VALUES ('86cd8580-2365-4e70-bc40-ef241f440f77', 'b6932a78-aaf7-4e67-84fe-f3a350bbf048', 'Concept 2 from Aviation?', 'This is the definition and explanation of concept 2 for Aviation.', '2026-03-03T07:19:07.296Z');
INSERT INTO cards (id, deck_id, front, back, created_at) VALUES ('9736d763-925b-40b5-98dc-865acf68c296', 'b6932a78-aaf7-4e67-84fe-f3a350bbf048', 'Concept 3 from Aviation?', 'This is the definition and explanation of concept 3 for Aviation.', '2026-03-03T07:19:07.296Z');
INSERT INTO cards (id, deck_id, front, back, created_at) VALUES ('166d03de-bc19-4451-b138-446e19b4e101', 'b6932a78-aaf7-4e67-84fe-f3a350bbf048', 'Concept 4 from Aviation?', 'This is the definition and explanation of concept 4 for Aviation.', '2026-03-03T07:19:07.296Z');
INSERT INTO cards (id, deck_id, front, back, created_at) VALUES ('2f2a1ea8-a6d7-4ba6-8f13-e9c63b4262e5', 'b6932a78-aaf7-4e67-84fe-f3a350bbf048', 'Concept 5 from Aviation?', 'This is the definition and explanation of concept 5 for Aviation.', '2026-03-03T07:19:07.296Z');
INSERT INTO decks (id, user_id, category_id, name, description, created_at) VALUES ('b5637c3c-4446-4707-abe6-3b4f597a7d6d', NULL, '2fc5aba3-439a-46bc-8d6f-2577cf566d0b', 'Aviation Mastery Vol 10', 'An essential study guide covering the core concepts of Aviation.', '2026-03-03T07:19:07.296Z');
INSERT INTO cards (id, deck_id, front, back, created_at) VALUES ('43c93899-ff22-404c-85c7-ddbb913e9a27', 'b5637c3c-4446-4707-abe6-3b4f597a7d6d', 'Concept 1 from Aviation?', 'This is the definition and explanation of concept 1 for Aviation.', '2026-03-03T07:19:07.296Z');
INSERT INTO cards (id, deck_id, front, back, created_at) VALUES ('81a87787-fb78-49f8-9b22-beab6261c245', 'b5637c3c-4446-4707-abe6-3b4f597a7d6d', 'Concept 2 from Aviation?', 'This is the definition and explanation of concept 2 for Aviation.', '2026-03-03T07:19:07.296Z');
INSERT INTO cards (id, deck_id, front, back, created_at) VALUES ('ce372a05-a233-4dc1-9106-1f27b724377d', 'b5637c3c-4446-4707-abe6-3b4f597a7d6d', 'Concept 3 from Aviation?', 'This is the definition and explanation of concept 3 for Aviation.', '2026-03-03T07:19:07.296Z');
INSERT INTO cards (id, deck_id, front, back, created_at) VALUES ('6f560c82-ae36-42a1-81e4-0fb1b9a0ad50', 'b5637c3c-4446-4707-abe6-3b4f597a7d6d', 'Concept 4 from Aviation?', 'This is the definition and explanation of concept 4 for Aviation.', '2026-03-03T07:19:07.296Z');
INSERT INTO cards (id, deck_id, front, back, created_at) VALUES ('73160f9e-512e-4073-8159-3422577a1065', 'b5637c3c-4446-4707-abe6-3b4f597a7d6d', 'Concept 5 from Aviation?', 'This is the definition and explanation of concept 5 for Aviation.', '2026-03-03T07:19:07.296Z');
INSERT INTO categories (id, name, slug, icon, description, created_at) VALUES ('8f45d97c-3f3a-4c95-a386-ab1b1f823cc3', 'Real Estate', 'real-estate', 'i-lucide-home', 'Property, mortgages, and investing.', '2026-03-03T07:19:07.296Z');
INSERT INTO decks (id, user_id, category_id, name, description, created_at) VALUES ('18733895-876c-4510-b9ea-8856572327c1', NULL, '8f45d97c-3f3a-4c95-a386-ab1b1f823cc3', 'Real Estate Mastery Vol 1', 'An essential study guide covering the core concepts of Real Estate.', '2026-03-03T07:19:07.296Z');
INSERT INTO cards (id, deck_id, front, back, created_at) VALUES ('d8b4c3aa-1eee-47c5-b486-0de73d77e393', '18733895-876c-4510-b9ea-8856572327c1', 'Concept 1 from Real Estate?', 'This is the definition and explanation of concept 1 for Real Estate.', '2026-03-03T07:19:07.296Z');
INSERT INTO cards (id, deck_id, front, back, created_at) VALUES ('41fc6302-f7e2-4f73-a3dd-6e8546e1382f', '18733895-876c-4510-b9ea-8856572327c1', 'Concept 2 from Real Estate?', 'This is the definition and explanation of concept 2 for Real Estate.', '2026-03-03T07:19:07.296Z');
INSERT INTO cards (id, deck_id, front, back, created_at) VALUES ('19bf4e89-6234-4bf7-88aa-73802483a5c3', '18733895-876c-4510-b9ea-8856572327c1', 'Concept 3 from Real Estate?', 'This is the definition and explanation of concept 3 for Real Estate.', '2026-03-03T07:19:07.296Z');
INSERT INTO cards (id, deck_id, front, back, created_at) VALUES ('85b35fdc-4f3b-4984-9b20-0a5dcab929e2', '18733895-876c-4510-b9ea-8856572327c1', 'Concept 4 from Real Estate?', 'This is the definition and explanation of concept 4 for Real Estate.', '2026-03-03T07:19:07.296Z');
INSERT INTO cards (id, deck_id, front, back, created_at) VALUES ('63145398-e34d-4eb3-8fc6-3a2b4ef6847a', '18733895-876c-4510-b9ea-8856572327c1', 'Concept 5 from Real Estate?', 'This is the definition and explanation of concept 5 for Real Estate.', '2026-03-03T07:19:07.296Z');
INSERT INTO decks (id, user_id, category_id, name, description, created_at) VALUES ('a1ac8107-4938-4170-9cc0-5f1bad01f7f1', NULL, '8f45d97c-3f3a-4c95-a386-ab1b1f823cc3', 'Real Estate Mastery Vol 2', 'An essential study guide covering the core concepts of Real Estate.', '2026-03-03T07:19:07.296Z');
INSERT INTO cards (id, deck_id, front, back, created_at) VALUES ('55e5f09a-a65c-4692-8b12-e362200c7afc', 'a1ac8107-4938-4170-9cc0-5f1bad01f7f1', 'Concept 1 from Real Estate?', 'This is the definition and explanation of concept 1 for Real Estate.', '2026-03-03T07:19:07.296Z');
INSERT INTO cards (id, deck_id, front, back, created_at) VALUES ('e4e4b673-4cc0-46ed-98fd-49648382cd11', 'a1ac8107-4938-4170-9cc0-5f1bad01f7f1', 'Concept 2 from Real Estate?', 'This is the definition and explanation of concept 2 for Real Estate.', '2026-03-03T07:19:07.296Z');
INSERT INTO cards (id, deck_id, front, back, created_at) VALUES ('3d9c6353-e912-4d66-9d2d-1c89ec4f20de', 'a1ac8107-4938-4170-9cc0-5f1bad01f7f1', 'Concept 3 from Real Estate?', 'This is the definition and explanation of concept 3 for Real Estate.', '2026-03-03T07:19:07.296Z');
INSERT INTO cards (id, deck_id, front, back, created_at) VALUES ('b3615c6c-7fc3-4eec-9b9d-24ac91efa4b4', 'a1ac8107-4938-4170-9cc0-5f1bad01f7f1', 'Concept 4 from Real Estate?', 'This is the definition and explanation of concept 4 for Real Estate.', '2026-03-03T07:19:07.296Z');
INSERT INTO cards (id, deck_id, front, back, created_at) VALUES ('29c4a89d-8cda-41b3-8435-c50db94addcd', 'a1ac8107-4938-4170-9cc0-5f1bad01f7f1', 'Concept 5 from Real Estate?', 'This is the definition and explanation of concept 5 for Real Estate.', '2026-03-03T07:19:07.296Z');
INSERT INTO decks (id, user_id, category_id, name, description, created_at) VALUES ('718de382-f1f0-4582-9471-ddc741c7ba55', NULL, '8f45d97c-3f3a-4c95-a386-ab1b1f823cc3', 'Real Estate Mastery Vol 3', 'An essential study guide covering the core concepts of Real Estate.', '2026-03-03T07:19:07.296Z');
INSERT INTO cards (id, deck_id, front, back, created_at) VALUES ('015d26c1-bab7-49bd-82d7-22c92a9d967d', '718de382-f1f0-4582-9471-ddc741c7ba55', 'Concept 1 from Real Estate?', 'This is the definition and explanation of concept 1 for Real Estate.', '2026-03-03T07:19:07.296Z');
INSERT INTO cards (id, deck_id, front, back, created_at) VALUES ('06702aae-c77d-405d-9698-7357c61d176c', '718de382-f1f0-4582-9471-ddc741c7ba55', 'Concept 2 from Real Estate?', 'This is the definition and explanation of concept 2 for Real Estate.', '2026-03-03T07:19:07.296Z');
INSERT INTO cards (id, deck_id, front, back, created_at) VALUES ('6a499438-d34e-4e47-adba-0aca207c3102', '718de382-f1f0-4582-9471-ddc741c7ba55', 'Concept 3 from Real Estate?', 'This is the definition and explanation of concept 3 for Real Estate.', '2026-03-03T07:19:07.296Z');
INSERT INTO cards (id, deck_id, front, back, created_at) VALUES ('677e0ff2-5d2e-4fb2-8b26-46ba21a68fa7', '718de382-f1f0-4582-9471-ddc741c7ba55', 'Concept 4 from Real Estate?', 'This is the definition and explanation of concept 4 for Real Estate.', '2026-03-03T07:19:07.296Z');
INSERT INTO cards (id, deck_id, front, back, created_at) VALUES ('8810e023-94f3-42bb-ac8e-3ec4a086e57d', '718de382-f1f0-4582-9471-ddc741c7ba55', 'Concept 5 from Real Estate?', 'This is the definition and explanation of concept 5 for Real Estate.', '2026-03-03T07:19:07.296Z');
INSERT INTO decks (id, user_id, category_id, name, description, created_at) VALUES ('da8b8ab0-183d-452f-91e3-336df7d7425f', NULL, '8f45d97c-3f3a-4c95-a386-ab1b1f823cc3', 'Real Estate Mastery Vol 4', 'An essential study guide covering the core concepts of Real Estate.', '2026-03-03T07:19:07.296Z');
INSERT INTO cards (id, deck_id, front, back, created_at) VALUES ('19632919-cce9-4b78-ab4a-0cc1159a54ae', 'da8b8ab0-183d-452f-91e3-336df7d7425f', 'Concept 1 from Real Estate?', 'This is the definition and explanation of concept 1 for Real Estate.', '2026-03-03T07:19:07.296Z');
INSERT INTO cards (id, deck_id, front, back, created_at) VALUES ('2d626500-22f4-4087-94b7-ed74c89cc912', 'da8b8ab0-183d-452f-91e3-336df7d7425f', 'Concept 2 from Real Estate?', 'This is the definition and explanation of concept 2 for Real Estate.', '2026-03-03T07:19:07.296Z');
INSERT INTO cards (id, deck_id, front, back, created_at) VALUES ('de22f3e3-6649-4026-84de-f36596e9c89f', 'da8b8ab0-183d-452f-91e3-336df7d7425f', 'Concept 3 from Real Estate?', 'This is the definition and explanation of concept 3 for Real Estate.', '2026-03-03T07:19:07.296Z');
INSERT INTO cards (id, deck_id, front, back, created_at) VALUES ('cbe10e7e-3251-4ce4-9a5f-529ea488c816', 'da8b8ab0-183d-452f-91e3-336df7d7425f', 'Concept 4 from Real Estate?', 'This is the definition and explanation of concept 4 for Real Estate.', '2026-03-03T07:19:07.296Z');
INSERT INTO cards (id, deck_id, front, back, created_at) VALUES ('b12d5338-f578-4989-a387-006683fff54d', 'da8b8ab0-183d-452f-91e3-336df7d7425f', 'Concept 5 from Real Estate?', 'This is the definition and explanation of concept 5 for Real Estate.', '2026-03-03T07:19:07.296Z');
INSERT INTO decks (id, user_id, category_id, name, description, created_at) VALUES ('15bb9842-c9c0-4dea-b359-c088cccb1de5', NULL, '8f45d97c-3f3a-4c95-a386-ab1b1f823cc3', 'Real Estate Mastery Vol 5', 'An essential study guide covering the core concepts of Real Estate.', '2026-03-03T07:19:07.296Z');
INSERT INTO cards (id, deck_id, front, back, created_at) VALUES ('7a574695-781e-4e3e-b7dc-b100102b46df', '15bb9842-c9c0-4dea-b359-c088cccb1de5', 'Concept 1 from Real Estate?', 'This is the definition and explanation of concept 1 for Real Estate.', '2026-03-03T07:19:07.296Z');
INSERT INTO cards (id, deck_id, front, back, created_at) VALUES ('fb5a9a2f-bf99-457c-a5a5-cdd14a13443f', '15bb9842-c9c0-4dea-b359-c088cccb1de5', 'Concept 2 from Real Estate?', 'This is the definition and explanation of concept 2 for Real Estate.', '2026-03-03T07:19:07.296Z');
INSERT INTO cards (id, deck_id, front, back, created_at) VALUES ('bc057cbc-ae2a-493f-88d0-dbc20162c5f1', '15bb9842-c9c0-4dea-b359-c088cccb1de5', 'Concept 3 from Real Estate?', 'This is the definition and explanation of concept 3 for Real Estate.', '2026-03-03T07:19:07.296Z');
INSERT INTO cards (id, deck_id, front, back, created_at) VALUES ('75a37661-527c-43ba-a037-e8532b753bac', '15bb9842-c9c0-4dea-b359-c088cccb1de5', 'Concept 4 from Real Estate?', 'This is the definition and explanation of concept 4 for Real Estate.', '2026-03-03T07:19:07.296Z');
INSERT INTO cards (id, deck_id, front, back, created_at) VALUES ('0f57a255-e9a0-442f-9e8a-e3f114329a7e', '15bb9842-c9c0-4dea-b359-c088cccb1de5', 'Concept 5 from Real Estate?', 'This is the definition and explanation of concept 5 for Real Estate.', '2026-03-03T07:19:07.296Z');
INSERT INTO decks (id, user_id, category_id, name, description, created_at) VALUES ('7447c197-f406-4aa1-bd8b-b2c3825bc3d0', NULL, '8f45d97c-3f3a-4c95-a386-ab1b1f823cc3', 'Real Estate Mastery Vol 6', 'An essential study guide covering the core concepts of Real Estate.', '2026-03-03T07:19:07.296Z');
INSERT INTO cards (id, deck_id, front, back, created_at) VALUES ('176e7d6b-5a23-40be-bc3a-a0c2ca7e3707', '7447c197-f406-4aa1-bd8b-b2c3825bc3d0', 'Concept 1 from Real Estate?', 'This is the definition and explanation of concept 1 for Real Estate.', '2026-03-03T07:19:07.296Z');
INSERT INTO cards (id, deck_id, front, back, created_at) VALUES ('d05f69dc-863a-4da7-8644-ab286b04e4bb', '7447c197-f406-4aa1-bd8b-b2c3825bc3d0', 'Concept 2 from Real Estate?', 'This is the definition and explanation of concept 2 for Real Estate.', '2026-03-03T07:19:07.296Z');
INSERT INTO cards (id, deck_id, front, back, created_at) VALUES ('35ebac94-3167-4e1a-9dbc-2464caa5665e', '7447c197-f406-4aa1-bd8b-b2c3825bc3d0', 'Concept 3 from Real Estate?', 'This is the definition and explanation of concept 3 for Real Estate.', '2026-03-03T07:19:07.296Z');
INSERT INTO cards (id, deck_id, front, back, created_at) VALUES ('e20b7103-1fcb-4987-8e06-f12b10a0419a', '7447c197-f406-4aa1-bd8b-b2c3825bc3d0', 'Concept 4 from Real Estate?', 'This is the definition and explanation of concept 4 for Real Estate.', '2026-03-03T07:19:07.296Z');
INSERT INTO cards (id, deck_id, front, back, created_at) VALUES ('b44de192-0a39-4c09-b01d-9f3a2ddaf2d5', '7447c197-f406-4aa1-bd8b-b2c3825bc3d0', 'Concept 5 from Real Estate?', 'This is the definition and explanation of concept 5 for Real Estate.', '2026-03-03T07:19:07.296Z');
INSERT INTO decks (id, user_id, category_id, name, description, created_at) VALUES ('44ce363d-8572-454c-b76b-bfbfa48dc909', NULL, '8f45d97c-3f3a-4c95-a386-ab1b1f823cc3', 'Real Estate Mastery Vol 7', 'An essential study guide covering the core concepts of Real Estate.', '2026-03-03T07:19:07.296Z');
INSERT INTO cards (id, deck_id, front, back, created_at) VALUES ('ce696b47-6ab7-4ce4-a29c-ce28b5716b6d', '44ce363d-8572-454c-b76b-bfbfa48dc909', 'Concept 1 from Real Estate?', 'This is the definition and explanation of concept 1 for Real Estate.', '2026-03-03T07:19:07.296Z');
INSERT INTO cards (id, deck_id, front, back, created_at) VALUES ('54b9c7b9-fe9a-4c85-9ac1-0271349dc395', '44ce363d-8572-454c-b76b-bfbfa48dc909', 'Concept 2 from Real Estate?', 'This is the definition and explanation of concept 2 for Real Estate.', '2026-03-03T07:19:07.296Z');
INSERT INTO cards (id, deck_id, front, back, created_at) VALUES ('e6dd60a7-86a8-4df1-853b-5d5667b5a98b', '44ce363d-8572-454c-b76b-bfbfa48dc909', 'Concept 3 from Real Estate?', 'This is the definition and explanation of concept 3 for Real Estate.', '2026-03-03T07:19:07.296Z');
INSERT INTO cards (id, deck_id, front, back, created_at) VALUES ('fd6397fa-cd14-49de-8b32-d4111e3077a6', '44ce363d-8572-454c-b76b-bfbfa48dc909', 'Concept 4 from Real Estate?', 'This is the definition and explanation of concept 4 for Real Estate.', '2026-03-03T07:19:07.296Z');
INSERT INTO cards (id, deck_id, front, back, created_at) VALUES ('926622cf-8451-42c7-a241-2c9ba006f5f6', '44ce363d-8572-454c-b76b-bfbfa48dc909', 'Concept 5 from Real Estate?', 'This is the definition and explanation of concept 5 for Real Estate.', '2026-03-03T07:19:07.296Z');
INSERT INTO decks (id, user_id, category_id, name, description, created_at) VALUES ('8dedcadc-72a0-482a-a7f9-fd626f7212ea', NULL, '8f45d97c-3f3a-4c95-a386-ab1b1f823cc3', 'Real Estate Mastery Vol 8', 'An essential study guide covering the core concepts of Real Estate.', '2026-03-03T07:19:07.296Z');
INSERT INTO cards (id, deck_id, front, back, created_at) VALUES ('6125d6c4-9c93-4c76-9a4d-811689c3506b', '8dedcadc-72a0-482a-a7f9-fd626f7212ea', 'Concept 1 from Real Estate?', 'This is the definition and explanation of concept 1 for Real Estate.', '2026-03-03T07:19:07.296Z');
INSERT INTO cards (id, deck_id, front, back, created_at) VALUES ('0b5c0715-4f51-45cb-9312-f1288292d245', '8dedcadc-72a0-482a-a7f9-fd626f7212ea', 'Concept 2 from Real Estate?', 'This is the definition and explanation of concept 2 for Real Estate.', '2026-03-03T07:19:07.296Z');
INSERT INTO cards (id, deck_id, front, back, created_at) VALUES ('84c09e41-9ac7-4d30-bcb4-c6b666fb84d0', '8dedcadc-72a0-482a-a7f9-fd626f7212ea', 'Concept 3 from Real Estate?', 'This is the definition and explanation of concept 3 for Real Estate.', '2026-03-03T07:19:07.296Z');
INSERT INTO cards (id, deck_id, front, back, created_at) VALUES ('f747000f-0664-4ee5-9a6a-83059453478e', '8dedcadc-72a0-482a-a7f9-fd626f7212ea', 'Concept 4 from Real Estate?', 'This is the definition and explanation of concept 4 for Real Estate.', '2026-03-03T07:19:07.296Z');
INSERT INTO cards (id, deck_id, front, back, created_at) VALUES ('2bbffc09-ce74-40b9-ace8-14ce13265d64', '8dedcadc-72a0-482a-a7f9-fd626f7212ea', 'Concept 5 from Real Estate?', 'This is the definition and explanation of concept 5 for Real Estate.', '2026-03-03T07:19:07.296Z');
INSERT INTO decks (id, user_id, category_id, name, description, created_at) VALUES ('e6d93bc8-6348-40df-baa8-96eb5027870e', NULL, '8f45d97c-3f3a-4c95-a386-ab1b1f823cc3', 'Real Estate Mastery Vol 9', 'An essential study guide covering the core concepts of Real Estate.', '2026-03-03T07:19:07.296Z');
INSERT INTO cards (id, deck_id, front, back, created_at) VALUES ('d8a25575-eafe-4c77-90be-7819a99df5a9', 'e6d93bc8-6348-40df-baa8-96eb5027870e', 'Concept 1 from Real Estate?', 'This is the definition and explanation of concept 1 for Real Estate.', '2026-03-03T07:19:07.296Z');
INSERT INTO cards (id, deck_id, front, back, created_at) VALUES ('2caa126b-f9c5-452a-acd1-8e810bebc51a', 'e6d93bc8-6348-40df-baa8-96eb5027870e', 'Concept 2 from Real Estate?', 'This is the definition and explanation of concept 2 for Real Estate.', '2026-03-03T07:19:07.296Z');
INSERT INTO cards (id, deck_id, front, back, created_at) VALUES ('528d5348-f1e8-417d-bc9c-29999303b694', 'e6d93bc8-6348-40df-baa8-96eb5027870e', 'Concept 3 from Real Estate?', 'This is the definition and explanation of concept 3 for Real Estate.', '2026-03-03T07:19:07.296Z');
INSERT INTO cards (id, deck_id, front, back, created_at) VALUES ('b9a40dbe-8338-4e3e-bf2d-79728e3d7d42', 'e6d93bc8-6348-40df-baa8-96eb5027870e', 'Concept 4 from Real Estate?', 'This is the definition and explanation of concept 4 for Real Estate.', '2026-03-03T07:19:07.296Z');
INSERT INTO cards (id, deck_id, front, back, created_at) VALUES ('7a957345-5311-4564-91b6-7532c5708ff2', 'e6d93bc8-6348-40df-baa8-96eb5027870e', 'Concept 5 from Real Estate?', 'This is the definition and explanation of concept 5 for Real Estate.', '2026-03-03T07:19:07.296Z');
INSERT INTO decks (id, user_id, category_id, name, description, created_at) VALUES ('e7748197-e241-4a2b-88fe-c44fd029930f', NULL, '8f45d97c-3f3a-4c95-a386-ab1b1f823cc3', 'Real Estate Mastery Vol 10', 'An essential study guide covering the core concepts of Real Estate.', '2026-03-03T07:19:07.296Z');
INSERT INTO cards (id, deck_id, front, back, created_at) VALUES ('2f38e317-1b74-4ed6-acb2-10841d8f752e', 'e7748197-e241-4a2b-88fe-c44fd029930f', 'Concept 1 from Real Estate?', 'This is the definition and explanation of concept 1 for Real Estate.', '2026-03-03T07:19:07.296Z');
INSERT INTO cards (id, deck_id, front, back, created_at) VALUES ('8865ede1-5b0a-4fc4-8a81-26931642465f', 'e7748197-e241-4a2b-88fe-c44fd029930f', 'Concept 2 from Real Estate?', 'This is the definition and explanation of concept 2 for Real Estate.', '2026-03-03T07:19:07.296Z');
INSERT INTO cards (id, deck_id, front, back, created_at) VALUES ('f6159d15-694e-4a51-8c2a-7d3da94882cb', 'e7748197-e241-4a2b-88fe-c44fd029930f', 'Concept 3 from Real Estate?', 'This is the definition and explanation of concept 3 for Real Estate.', '2026-03-03T07:19:07.296Z');
INSERT INTO cards (id, deck_id, front, back, created_at) VALUES ('393cc243-d99e-4008-8f79-e74d73db1cb9', 'e7748197-e241-4a2b-88fe-c44fd029930f', 'Concept 4 from Real Estate?', 'This is the definition and explanation of concept 4 for Real Estate.', '2026-03-03T07:19:07.296Z');
INSERT INTO cards (id, deck_id, front, back, created_at) VALUES ('8dc49102-177d-466a-8bbd-547146e97340', 'e7748197-e241-4a2b-88fe-c44fd029930f', 'Concept 5 from Real Estate?', 'This is the definition and explanation of concept 5 for Real Estate.', '2026-03-03T07:19:07.296Z');
INSERT INTO categories (id, name, slug, icon, description, created_at) VALUES ('468df80a-b6ab-45b4-a3e6-d5e09d994764', 'Pop Culture', 'pop-culture', 'i-lucide-tv', 'Movies, music, and entertainment trivia.', '2026-03-03T07:19:07.296Z');
INSERT INTO decks (id, user_id, category_id, name, description, created_at) VALUES ('f4c9dbea-c69f-48dc-a378-7ed30a6669af', NULL, '468df80a-b6ab-45b4-a3e6-d5e09d994764', 'Pop Culture Mastery Vol 1', 'An essential study guide covering the core concepts of Pop Culture.', '2026-03-03T07:19:07.296Z');
INSERT INTO cards (id, deck_id, front, back, created_at) VALUES ('7a2912f2-9f7f-4e57-b175-9cfa6aeb7fa3', 'f4c9dbea-c69f-48dc-a378-7ed30a6669af', 'Concept 1 from Pop Culture?', 'This is the definition and explanation of concept 1 for Pop Culture.', '2026-03-03T07:19:07.296Z');
INSERT INTO cards (id, deck_id, front, back, created_at) VALUES ('ee84a287-ab83-48ad-96e5-df7e7fed86b5', 'f4c9dbea-c69f-48dc-a378-7ed30a6669af', 'Concept 2 from Pop Culture?', 'This is the definition and explanation of concept 2 for Pop Culture.', '2026-03-03T07:19:07.296Z');
INSERT INTO cards (id, deck_id, front, back, created_at) VALUES ('33461b3c-e4b3-4ce5-ac54-1fedcb4d3157', 'f4c9dbea-c69f-48dc-a378-7ed30a6669af', 'Concept 3 from Pop Culture?', 'This is the definition and explanation of concept 3 for Pop Culture.', '2026-03-03T07:19:07.296Z');
INSERT INTO cards (id, deck_id, front, back, created_at) VALUES ('79a26d0a-6819-4644-9b76-e7a7d6f0f12c', 'f4c9dbea-c69f-48dc-a378-7ed30a6669af', 'Concept 4 from Pop Culture?', 'This is the definition and explanation of concept 4 for Pop Culture.', '2026-03-03T07:19:07.296Z');
INSERT INTO cards (id, deck_id, front, back, created_at) VALUES ('375c8e8f-6112-4f93-9488-95d5820023de', 'f4c9dbea-c69f-48dc-a378-7ed30a6669af', 'Concept 5 from Pop Culture?', 'This is the definition and explanation of concept 5 for Pop Culture.', '2026-03-03T07:19:07.296Z');
INSERT INTO decks (id, user_id, category_id, name, description, created_at) VALUES ('1d308e10-1e9f-498d-8a81-864092a88c8f', NULL, '468df80a-b6ab-45b4-a3e6-d5e09d994764', 'Pop Culture Mastery Vol 2', 'An essential study guide covering the core concepts of Pop Culture.', '2026-03-03T07:19:07.296Z');
INSERT INTO cards (id, deck_id, front, back, created_at) VALUES ('2a41419e-f509-486b-b240-390ce9afd81e', '1d308e10-1e9f-498d-8a81-864092a88c8f', 'Concept 1 from Pop Culture?', 'This is the definition and explanation of concept 1 for Pop Culture.', '2026-03-03T07:19:07.296Z');
INSERT INTO cards (id, deck_id, front, back, created_at) VALUES ('7fbd8d4a-73dd-4bd0-8781-77c2de5278e7', '1d308e10-1e9f-498d-8a81-864092a88c8f', 'Concept 2 from Pop Culture?', 'This is the definition and explanation of concept 2 for Pop Culture.', '2026-03-03T07:19:07.296Z');
INSERT INTO cards (id, deck_id, front, back, created_at) VALUES ('1ebfea7a-fbe2-4bda-8c6a-e79fdf3e6594', '1d308e10-1e9f-498d-8a81-864092a88c8f', 'Concept 3 from Pop Culture?', 'This is the definition and explanation of concept 3 for Pop Culture.', '2026-03-03T07:19:07.296Z');
INSERT INTO cards (id, deck_id, front, back, created_at) VALUES ('ca47c240-ea34-4040-81be-7c31cb9cd6fd', '1d308e10-1e9f-498d-8a81-864092a88c8f', 'Concept 4 from Pop Culture?', 'This is the definition and explanation of concept 4 for Pop Culture.', '2026-03-03T07:19:07.296Z');
INSERT INTO cards (id, deck_id, front, back, created_at) VALUES ('7ab3231b-d932-491c-9bac-941e20bd314c', '1d308e10-1e9f-498d-8a81-864092a88c8f', 'Concept 5 from Pop Culture?', 'This is the definition and explanation of concept 5 for Pop Culture.', '2026-03-03T07:19:07.296Z');
INSERT INTO decks (id, user_id, category_id, name, description, created_at) VALUES ('e3c24a04-a5d0-4aec-ae45-e5c2eab30671', NULL, '468df80a-b6ab-45b4-a3e6-d5e09d994764', 'Pop Culture Mastery Vol 3', 'An essential study guide covering the core concepts of Pop Culture.', '2026-03-03T07:19:07.296Z');
INSERT INTO cards (id, deck_id, front, back, created_at) VALUES ('9f0fbe82-7ead-407d-bf17-886e2650428e', 'e3c24a04-a5d0-4aec-ae45-e5c2eab30671', 'Concept 1 from Pop Culture?', 'This is the definition and explanation of concept 1 for Pop Culture.', '2026-03-03T07:19:07.296Z');
INSERT INTO cards (id, deck_id, front, back, created_at) VALUES ('d17d88e1-8769-45c7-9abd-41ebca941a90', 'e3c24a04-a5d0-4aec-ae45-e5c2eab30671', 'Concept 2 from Pop Culture?', 'This is the definition and explanation of concept 2 for Pop Culture.', '2026-03-03T07:19:07.296Z');
INSERT INTO cards (id, deck_id, front, back, created_at) VALUES ('d0cbbd60-1d72-47ba-aae5-b9f5cf40e77d', 'e3c24a04-a5d0-4aec-ae45-e5c2eab30671', 'Concept 3 from Pop Culture?', 'This is the definition and explanation of concept 3 for Pop Culture.', '2026-03-03T07:19:07.296Z');
INSERT INTO cards (id, deck_id, front, back, created_at) VALUES ('3dedc544-3b84-4ddf-825f-b171fbf1f594', 'e3c24a04-a5d0-4aec-ae45-e5c2eab30671', 'Concept 4 from Pop Culture?', 'This is the definition and explanation of concept 4 for Pop Culture.', '2026-03-03T07:19:07.296Z');
INSERT INTO cards (id, deck_id, front, back, created_at) VALUES ('0db9ab05-e1a8-463d-b85b-3b10d79e2386', 'e3c24a04-a5d0-4aec-ae45-e5c2eab30671', 'Concept 5 from Pop Culture?', 'This is the definition and explanation of concept 5 for Pop Culture.', '2026-03-03T07:19:07.296Z');
INSERT INTO decks (id, user_id, category_id, name, description, created_at) VALUES ('81fb4cef-8066-4f8e-b1e8-eefbb5a498ab', NULL, '468df80a-b6ab-45b4-a3e6-d5e09d994764', 'Pop Culture Mastery Vol 4', 'An essential study guide covering the core concepts of Pop Culture.', '2026-03-03T07:19:07.296Z');
INSERT INTO cards (id, deck_id, front, back, created_at) VALUES ('fcace4ab-a2ed-465d-b37b-5a4a6c457a5f', '81fb4cef-8066-4f8e-b1e8-eefbb5a498ab', 'Concept 1 from Pop Culture?', 'This is the definition and explanation of concept 1 for Pop Culture.', '2026-03-03T07:19:07.296Z');
INSERT INTO cards (id, deck_id, front, back, created_at) VALUES ('72055a10-5669-456d-9b56-f6b4fe9d7fc2', '81fb4cef-8066-4f8e-b1e8-eefbb5a498ab', 'Concept 2 from Pop Culture?', 'This is the definition and explanation of concept 2 for Pop Culture.', '2026-03-03T07:19:07.296Z');
INSERT INTO cards (id, deck_id, front, back, created_at) VALUES ('677ffcd6-7119-4a67-acfc-cba5583906c8', '81fb4cef-8066-4f8e-b1e8-eefbb5a498ab', 'Concept 3 from Pop Culture?', 'This is the definition and explanation of concept 3 for Pop Culture.', '2026-03-03T07:19:07.296Z');
INSERT INTO cards (id, deck_id, front, back, created_at) VALUES ('c2d5c709-63c0-4dbc-8f66-280b80699c20', '81fb4cef-8066-4f8e-b1e8-eefbb5a498ab', 'Concept 4 from Pop Culture?', 'This is the definition and explanation of concept 4 for Pop Culture.', '2026-03-03T07:19:07.296Z');
INSERT INTO cards (id, deck_id, front, back, created_at) VALUES ('2593231c-0ee8-4e61-82b7-d5549ae64401', '81fb4cef-8066-4f8e-b1e8-eefbb5a498ab', 'Concept 5 from Pop Culture?', 'This is the definition and explanation of concept 5 for Pop Culture.', '2026-03-03T07:19:07.296Z');
INSERT INTO decks (id, user_id, category_id, name, description, created_at) VALUES ('0de51cc6-bd79-4a40-84eb-bd76ad9d4542', NULL, '468df80a-b6ab-45b4-a3e6-d5e09d994764', 'Pop Culture Mastery Vol 5', 'An essential study guide covering the core concepts of Pop Culture.', '2026-03-03T07:19:07.296Z');
INSERT INTO cards (id, deck_id, front, back, created_at) VALUES ('8a144940-f04f-4168-8b0a-48aeaa97c3be', '0de51cc6-bd79-4a40-84eb-bd76ad9d4542', 'Concept 1 from Pop Culture?', 'This is the definition and explanation of concept 1 for Pop Culture.', '2026-03-03T07:19:07.296Z');
INSERT INTO cards (id, deck_id, front, back, created_at) VALUES ('a3408288-fe49-46f7-b197-4cbb3cb861ba', '0de51cc6-bd79-4a40-84eb-bd76ad9d4542', 'Concept 2 from Pop Culture?', 'This is the definition and explanation of concept 2 for Pop Culture.', '2026-03-03T07:19:07.296Z');
INSERT INTO cards (id, deck_id, front, back, created_at) VALUES ('51b3300f-20b2-48bb-928c-8b049948f189', '0de51cc6-bd79-4a40-84eb-bd76ad9d4542', 'Concept 3 from Pop Culture?', 'This is the definition and explanation of concept 3 for Pop Culture.', '2026-03-03T07:19:07.296Z');
INSERT INTO cards (id, deck_id, front, back, created_at) VALUES ('c28edc2a-e29f-41c9-a7e5-9b0593207819', '0de51cc6-bd79-4a40-84eb-bd76ad9d4542', 'Concept 4 from Pop Culture?', 'This is the definition and explanation of concept 4 for Pop Culture.', '2026-03-03T07:19:07.296Z');
INSERT INTO cards (id, deck_id, front, back, created_at) VALUES ('26728e70-b754-4c09-8774-df0d9644b212', '0de51cc6-bd79-4a40-84eb-bd76ad9d4542', 'Concept 5 from Pop Culture?', 'This is the definition and explanation of concept 5 for Pop Culture.', '2026-03-03T07:19:07.296Z');
INSERT INTO decks (id, user_id, category_id, name, description, created_at) VALUES ('964dc651-991c-4053-94e3-d6096e490831', NULL, '468df80a-b6ab-45b4-a3e6-d5e09d994764', 'Pop Culture Mastery Vol 6', 'An essential study guide covering the core concepts of Pop Culture.', '2026-03-03T07:19:07.296Z');
INSERT INTO cards (id, deck_id, front, back, created_at) VALUES ('24e0758a-c526-4793-b7e9-301312b0e93a', '964dc651-991c-4053-94e3-d6096e490831', 'Concept 1 from Pop Culture?', 'This is the definition and explanation of concept 1 for Pop Culture.', '2026-03-03T07:19:07.296Z');
INSERT INTO cards (id, deck_id, front, back, created_at) VALUES ('2fce02bd-5999-4b3c-8f33-6b774cbd69c1', '964dc651-991c-4053-94e3-d6096e490831', 'Concept 2 from Pop Culture?', 'This is the definition and explanation of concept 2 for Pop Culture.', '2026-03-03T07:19:07.296Z');
INSERT INTO cards (id, deck_id, front, back, created_at) VALUES ('137a017c-1396-4623-aa27-0bc45389d2c5', '964dc651-991c-4053-94e3-d6096e490831', 'Concept 3 from Pop Culture?', 'This is the definition and explanation of concept 3 for Pop Culture.', '2026-03-03T07:19:07.296Z');
INSERT INTO cards (id, deck_id, front, back, created_at) VALUES ('4d5464fe-4ef9-4db0-af79-27bfbd49292c', '964dc651-991c-4053-94e3-d6096e490831', 'Concept 4 from Pop Culture?', 'This is the definition and explanation of concept 4 for Pop Culture.', '2026-03-03T07:19:07.296Z');
INSERT INTO cards (id, deck_id, front, back, created_at) VALUES ('7bec317d-41d9-48bc-8ed2-9fe1b6903556', '964dc651-991c-4053-94e3-d6096e490831', 'Concept 5 from Pop Culture?', 'This is the definition and explanation of concept 5 for Pop Culture.', '2026-03-03T07:19:07.296Z');
INSERT INTO decks (id, user_id, category_id, name, description, created_at) VALUES ('bb5f5f1f-8fc3-47fc-a046-f64f2dd09c85', NULL, '468df80a-b6ab-45b4-a3e6-d5e09d994764', 'Pop Culture Mastery Vol 7', 'An essential study guide covering the core concepts of Pop Culture.', '2026-03-03T07:19:07.296Z');
INSERT INTO cards (id, deck_id, front, back, created_at) VALUES ('eb570a55-b277-474c-abd6-d0b9928f730d', 'bb5f5f1f-8fc3-47fc-a046-f64f2dd09c85', 'Concept 1 from Pop Culture?', 'This is the definition and explanation of concept 1 for Pop Culture.', '2026-03-03T07:19:07.296Z');
INSERT INTO cards (id, deck_id, front, back, created_at) VALUES ('a8897831-af74-4bf0-b63b-873175ca85e2', 'bb5f5f1f-8fc3-47fc-a046-f64f2dd09c85', 'Concept 2 from Pop Culture?', 'This is the definition and explanation of concept 2 for Pop Culture.', '2026-03-03T07:19:07.296Z');
INSERT INTO cards (id, deck_id, front, back, created_at) VALUES ('b59cc898-7319-438a-93af-3a0f1ee8a98c', 'bb5f5f1f-8fc3-47fc-a046-f64f2dd09c85', 'Concept 3 from Pop Culture?', 'This is the definition and explanation of concept 3 for Pop Culture.', '2026-03-03T07:19:07.296Z');
INSERT INTO cards (id, deck_id, front, back, created_at) VALUES ('ba47b158-5c13-4dc5-875c-ced4631e687d', 'bb5f5f1f-8fc3-47fc-a046-f64f2dd09c85', 'Concept 4 from Pop Culture?', 'This is the definition and explanation of concept 4 for Pop Culture.', '2026-03-03T07:19:07.296Z');
INSERT INTO cards (id, deck_id, front, back, created_at) VALUES ('fabff434-4f75-4f40-a0ee-50b08d164673', 'bb5f5f1f-8fc3-47fc-a046-f64f2dd09c85', 'Concept 5 from Pop Culture?', 'This is the definition and explanation of concept 5 for Pop Culture.', '2026-03-03T07:19:07.296Z');
INSERT INTO decks (id, user_id, category_id, name, description, created_at) VALUES ('3c0b269c-53c5-48ec-ac73-475f5ce030c4', NULL, '468df80a-b6ab-45b4-a3e6-d5e09d994764', 'Pop Culture Mastery Vol 8', 'An essential study guide covering the core concepts of Pop Culture.', '2026-03-03T07:19:07.296Z');
INSERT INTO cards (id, deck_id, front, back, created_at) VALUES ('6bde3459-c914-427a-b900-f9fd5dd2b6a8', '3c0b269c-53c5-48ec-ac73-475f5ce030c4', 'Concept 1 from Pop Culture?', 'This is the definition and explanation of concept 1 for Pop Culture.', '2026-03-03T07:19:07.296Z');
INSERT INTO cards (id, deck_id, front, back, created_at) VALUES ('c41c3e20-eb04-4b08-a6ef-10134e9dee9c', '3c0b269c-53c5-48ec-ac73-475f5ce030c4', 'Concept 2 from Pop Culture?', 'This is the definition and explanation of concept 2 for Pop Culture.', '2026-03-03T07:19:07.296Z');
INSERT INTO cards (id, deck_id, front, back, created_at) VALUES ('65f48f37-9dfb-42b7-8857-9267d1bd8f0e', '3c0b269c-53c5-48ec-ac73-475f5ce030c4', 'Concept 3 from Pop Culture?', 'This is the definition and explanation of concept 3 for Pop Culture.', '2026-03-03T07:19:07.296Z');
INSERT INTO cards (id, deck_id, front, back, created_at) VALUES ('cf499030-ac65-44b3-a2dd-5cdb4518d711', '3c0b269c-53c5-48ec-ac73-475f5ce030c4', 'Concept 4 from Pop Culture?', 'This is the definition and explanation of concept 4 for Pop Culture.', '2026-03-03T07:19:07.296Z');
INSERT INTO cards (id, deck_id, front, back, created_at) VALUES ('d5019fec-a87e-43ff-a8e7-4a8e6cb1de29', '3c0b269c-53c5-48ec-ac73-475f5ce030c4', 'Concept 5 from Pop Culture?', 'This is the definition and explanation of concept 5 for Pop Culture.', '2026-03-03T07:19:07.296Z');
INSERT INTO decks (id, user_id, category_id, name, description, created_at) VALUES ('03127a4e-6627-4e50-ac93-e0de9f3567b9', NULL, '468df80a-b6ab-45b4-a3e6-d5e09d994764', 'Pop Culture Mastery Vol 9', 'An essential study guide covering the core concepts of Pop Culture.', '2026-03-03T07:19:07.296Z');
INSERT INTO cards (id, deck_id, front, back, created_at) VALUES ('804ff55e-c0f7-40ed-99a7-45728d47ae05', '03127a4e-6627-4e50-ac93-e0de9f3567b9', 'Concept 1 from Pop Culture?', 'This is the definition and explanation of concept 1 for Pop Culture.', '2026-03-03T07:19:07.296Z');
INSERT INTO cards (id, deck_id, front, back, created_at) VALUES ('0c803ce7-53a8-4b04-a836-1608823c3f54', '03127a4e-6627-4e50-ac93-e0de9f3567b9', 'Concept 2 from Pop Culture?', 'This is the definition and explanation of concept 2 for Pop Culture.', '2026-03-03T07:19:07.296Z');
INSERT INTO cards (id, deck_id, front, back, created_at) VALUES ('a3f1002c-aede-4276-a218-454d228c28eb', '03127a4e-6627-4e50-ac93-e0de9f3567b9', 'Concept 3 from Pop Culture?', 'This is the definition and explanation of concept 3 for Pop Culture.', '2026-03-03T07:19:07.296Z');
INSERT INTO cards (id, deck_id, front, back, created_at) VALUES ('7995f0be-1e4f-4d99-89f5-c3cb5a77f6f0', '03127a4e-6627-4e50-ac93-e0de9f3567b9', 'Concept 4 from Pop Culture?', 'This is the definition and explanation of concept 4 for Pop Culture.', '2026-03-03T07:19:07.296Z');
INSERT INTO cards (id, deck_id, front, back, created_at) VALUES ('0414ccf2-8a0e-4e9a-b4b9-4a0ae9b98cc9', '03127a4e-6627-4e50-ac93-e0de9f3567b9', 'Concept 5 from Pop Culture?', 'This is the definition and explanation of concept 5 for Pop Culture.', '2026-03-03T07:19:07.296Z');
INSERT INTO decks (id, user_id, category_id, name, description, created_at) VALUES ('40f96098-d48d-4632-a3e6-90a16dee6603', NULL, '468df80a-b6ab-45b4-a3e6-d5e09d994764', 'Pop Culture Mastery Vol 10', 'An essential study guide covering the core concepts of Pop Culture.', '2026-03-03T07:19:07.296Z');
INSERT INTO cards (id, deck_id, front, back, created_at) VALUES ('07f73c6d-95f3-4f5b-83b4-e8f954cb2984', '40f96098-d48d-4632-a3e6-90a16dee6603', 'Concept 1 from Pop Culture?', 'This is the definition and explanation of concept 1 for Pop Culture.', '2026-03-03T07:19:07.296Z');
INSERT INTO cards (id, deck_id, front, back, created_at) VALUES ('a817e905-1395-4fa2-8b96-412b5250a44d', '40f96098-d48d-4632-a3e6-90a16dee6603', 'Concept 2 from Pop Culture?', 'This is the definition and explanation of concept 2 for Pop Culture.', '2026-03-03T07:19:07.296Z');
INSERT INTO cards (id, deck_id, front, back, created_at) VALUES ('862f0779-f08e-4186-b9e0-552ef88b8daa', '40f96098-d48d-4632-a3e6-90a16dee6603', 'Concept 3 from Pop Culture?', 'This is the definition and explanation of concept 3 for Pop Culture.', '2026-03-03T07:19:07.296Z');
INSERT INTO cards (id, deck_id, front, back, created_at) VALUES ('7e7fc738-3225-4264-8b22-a81b277ccb16', '40f96098-d48d-4632-a3e6-90a16dee6603', 'Concept 4 from Pop Culture?', 'This is the definition and explanation of concept 4 for Pop Culture.', '2026-03-03T07:19:07.296Z');
INSERT INTO cards (id, deck_id, front, back, created_at) VALUES ('f5383763-5c6d-406a-a9a0-73f770835c33', '40f96098-d48d-4632-a3e6-90a16dee6603', 'Concept 5 from Pop Culture?', 'This is the definition and explanation of concept 5 for Pop Culture.', '2026-03-03T07:19:07.296Z');